{"returned_dict": {"loss": 2.709197590155136, "Accuracy": 0.8964559855149599, "F1": 0.8270498657948142, "Lev. sim.": 0.50679421768894, "status": "ok", "start_time": 1615471467.4308085, "duration": 31.729383945465088}, "current_params": {"N": 300, "isd": 0.0061527823655534095, "isd2": 0.00021058504417955216, "iss": 0.0013559447265302695, "leak": 0.056839812635765714, "ridge": 1.863171983714032e-08, "sr": 0.9}}