{"returned_dict": {"loss": 2.7194904828833293, "Accuracy": 0.8968786093986306, "F1": 0.828663836706354, "Lev. sim.": 0.5002466664172871, "status": "ok", "start_time": 1615470389.770609, "duration": 41.6497106552124}, "current_params": {"N": 300, "isd": 1.2899677845476733e-05, "isd2": 0.011484242603493004, "iss": 0.0007962434747995263, "leak": 0.1600007871051424, "ridge": 2.3781963145074108e-09, "sr": 0.9}}