{"returned_dict": {"loss": 2.7301695194660924, "Accuracy": 0.8868661472619852, "F1": 0.8009031694706634, "Lev. sim.": 0.5021522327195049, "status": "ok", "start_time": 1615473268.9913607, "duration": 29.899505853652954}, "current_params": {"N": 300, "isd": 0.0008634106484800587, "isd2": 0.001257517478715224, "iss": 9.74880927489348e-05, "leak": 0.0335134266962396, "ridge": 3.0651988208601485e-05, "sr": 0.9}}