{"returned_dict": {"loss": 2.7314027261536626, "Accuracy": 0.884533250315679, "F1": 0.8015388738691106, "Lev. sim.": 0.49675283846107493, "status": "ok", "start_time": 1615473076.7149737, "duration": 30.607553958892822}, "current_params": {"N": 300, "isd": 0.00040246421922625504, "isd2": 0.040828702413729705, "iss": 0.004369237004735209, "leak": 0.08619397627877332, "ridge": 0.9774515653246418, "sr": 0.9}}