{
  "returned_dict": {
    "loss": 2.7331517749499326,
    "Accuracy": 0.8912199614382776,
    "F1": 0.8205753038228669,
    "Lev. sim.": 0.49390865853648885,
    "status": "ok",
    "start_time": 1615460112.6191819,
    "duration": 43.329949140548706
  },
  "current_params": {
    "N": 300,
    "isd": 0.0013645840516572478,
    "isd2": 0.0001652647261332282,
    "iss": 0.0005697901277763889,
    "leak": 0.13095863791194984,
    "ridge": 1.4679070594060308e-07,
    "sr": 0.9
  }
}