{"returned_dict": {"loss": 2.7364065194978164, "Accuracy": 0.8890815185920049, "F1": 0.8039890448677811, "Lev. sim.": 0.5066923909961296, "status": "ok", "start_time": 1615470980.8478105, "duration": 31.264158010482788}, "current_params": {"N": 300, "isd": 0.002527741179391127, "isd2": 0.0005964658654527909, "iss": 5.555549480841276e-05, "leak": 0.031306565665409285, "ridge": 1.2548514948477218e-05, "sr": 0.9}}