{"returned_dict": {"loss": 2.7489914568838425, "Accuracy": 0.8794058076686888, "F1": 0.7823821423837733, "Lev. sim.": 0.49227714047693283, "status": "ok", "start_time": 1615473680.1552184, "duration": 30.886369943618774}, "current_params": {"N": 300, "isd": 0.12702557041376972, "isd2": 0.012211680425039449, "iss": 0.019836773540011357, "leak": 0.056980377443956086, "ridge": 1.882425129708488e-05, "sr": 0.9}}