{"returned_dict": {"loss": 2.745630332815631, "Accuracy": 0.8875368851341872, "F1": 0.7997006973922477, "Lev. sim.": 0.49746751322277144, "status": "ok", "start_time": 1615470017.1049135, "duration": 45.19462513923645}, "current_params": {"N": 300, "isd": 0.09730129248241375, "isd2": 0.0008374562685043324, "iss": 0.0024336841907740964, "leak": 0.04911175076119961, "ridge": 3.10795617553516e-05, "sr": 0.9}}