{"returned_dict": {"loss": 2.748540508206647, "Accuracy": 0.8689799665759997, "F1": 0.7809682685986413, "Lev. sim.": 0.4897232017177974, "status": "ok", "start_time": 1615471774.9900415, "duration": 30.8499436378479}, "current_params": {"N": 300, "isd": 6.100949787524138e-05, "isd2": 0.0009977656435861397, "iss": 0.0017083800781125616, "leak": 0.045954570020866684, "ridge": 2.841999838045349e-09, "sr": 0.9}}