{"returned_dict": {"loss": 2.7419615995710584, "Accuracy": 0.8863508715347314, "F1": 0.8019661593960734, "Lev. sim.": 0.5057736332416227, "status": "ok", "start_time": 1615469411.2480364, "duration": 41.24516558647156}, "current_params": {"N": 300, "isd": 0.0023868081313926366, "isd2": 0.0001156374197150559, "iss": 3.023650961733935e-05, "leak": 0.03492952961868259, "ridge": 1.420886235024328e-05, "sr": 0.9}}