{"returned_dict": {"loss": 2.745002386774812, "Accuracy": 0.8849177920733087, "F1": 0.8080978117078175, "Lev. sim.": 0.49992210857810954, "status": "ok", "start_time": 1615459293.2160034, "duration": 42.902623414993286}, "current_params": {"N": 300, "isd": 0.0003318807832039473, "isd2": 4.6904421342823665e-05, "iss": 0.00042140563423558524, "leak": 0.0908793147344595, "ridge": 0.020145207656146105, "sr": 0.9}}