{"returned_dict": {"loss": 2.7538405935550014, "Accuracy": 0.8719782476706625, "F1": 0.7963049568894311, "Lev. sim.": 0.49407444279616264, "status": "ok", "start_time": 1615461733.4886963, "duration": 40.604644775390625}, "current_params": {"N": 300, "isd": 0.00010007314363596467, "isd2": 0.00010876660047902338, "iss": 0.0019779723000151067, "leak": 0.07137326207702295, "ridge": 0.030426403936615568, "sr": 0.9}}