{"returned_dict": {"loss": 2.7527056365397797, "Accuracy": 0.9004870094825929, "F1": 0.8203537313011904, "Lev. sim.": 0.47928533999469664, "status": "ok", "start_time": 1615461282.9981468, "duration": 45.20184779167175}, "current_params": {"N": 300, "isd": 0.012932586075201914, "isd2": 0.012647401184498992, "iss": 0.0005310397366880529, "leak": 0.2506808803275446, "ridge": 1.439378708790046e-08, "sr": 0.9}}