{"returned_dict": {"loss": 2.76767944998959, "Accuracy": 0.8910735322175778, "F1": 0.8231076266680182, "Lev. sim.": 0.498567370005978, "status": "ok", "start_time": 1615461415.1129923, "duration": 45.43720197677612}, "current_params": {"N": 300, "isd": 0.016456251015969717, "isd2": 0.00011472195402647711, "iss": 4.953600067852393e-05, "leak": 0.10350085120416914, "ridge": 3.917033387802612e-07, "sr": 0.9}}