{"returned_dict": {"loss": 2.7607923125059974, "Accuracy": 0.8706416402373005, "F1": 0.7710950008155191, "Lev. sim.": 0.491250237734547, "status": "ok", "start_time": 1615461867.587306, "duration": 42.522377490997314}, "current_params": {"N": 300, "isd": 0.029543456738498074, "isd2": 0.196377614644718, "iss": 0.016119390886032262, "leak": 0.0790404624485446, "ridge": 5.3348492542529255e-08, "sr": 0.9}}