{"returned_dict": {"loss": 2.7620367317318135, "Accuracy": 0.8847593555570071, "F1": 0.7893693829017239, "Lev. sim.": 0.4788659239080081, "status": "ok", "start_time": 1615459029.684021, "duration": 46.23274827003479}, "current_params": {"N": 300, "isd": 0.00010349820354412092, "isd2": 0.008124891770941946, "iss": 6.820811288152522e-05, "leak": 0.17794079723136216, "ridge": 1.701312245723645e-05, "sr": 0.9}}