{"returned_dict": {"loss": 2.769674932960514, "Accuracy": 0.8642629016096519, "F1": 0.7478167272134936, "Lev. sim.": 0.4862924062035569, "status": "ok", "start_time": 1615471079.8995156, "duration": 32.658708572387695}, "current_params": {"N": 300, "isd": 0.045455052880983886, "isd2": 0.0005476397438884256, "iss": 0.008898357711294682, "leak": 0.02606491885277565, "ridge": 9.712053658161484e-07, "sr": 0.9}}