{"returned_dict": {"loss": 2.7668049554172867, "Accuracy": 0.8859308191089065, "F1": 0.7919569622545486, "Lev. sim.": 0.4824420528112194, "status": "ok", "start_time": 1615460550.059814, "duration": 43.11111783981323}, "current_params": {"N": 300, "isd": 0.0026810586218601533, "isd2": 9.253065035130918e-05, "iss": 6.667311146081108e-05, "leak": 0.17672522996466317, "ridge": 2.8148014813196995e-08, "sr": 0.9}}