{"returned_dict": {"loss": 2.7622024444521647, "Accuracy": 0.8901627422529392, "F1": 0.8051707008996983, "Lev. sim.": 0.49536856851471545, "status": "ok", "start_time": 1615457964.3378842, "duration": 46.423232555389404}, "current_params": {"N": 300, "isd": 0.10768018400509398, "isd2": 0.004663122224794763, "iss": 0.001645719985352228, "leak": 0.0763889960106991, "ridge": 2.3272764890074448e-07, "sr": 0.9}}