{"returned_dict": {"loss": 2.7676249786931235, "Accuracy": 0.8645984505700757, "F1": 0.7492042313409999, "Lev. sim.": 0.4857255588945111, "status": "ok", "start_time": 1615473868.3224971, "duration": 30.796297788619995}, "current_params": {"N": 300, "isd": 0.20953953747763304, "isd2": 0.09425342963823206, "iss": 0.031361341902804304, "leak": 0.03701353409907617, "ridge": 1.2183023905502257e-07, "sr": 0.9}}