{"returned_dict": {"loss": 2.7693704565012145, "Accuracy": 0.8725421905415531, "F1": 0.7763269777726316, "Lev. sim.": 0.4912836873258656, "status": "ok", "start_time": 1615469676.2143447, "duration": 41.625284910202026}, "current_params": {"N": 300, "isd": 0.028214561174952402, "isd2": 1.311069837661659e-05, "iss": 0.017621495487279534, "leak": 0.06270370613369748, "ridge": 0.021181836912062494, "sr": 0.9}}