{"returned_dict": {"loss": 2.7700516865854654, "Accuracy": 0.8648383412542617, "F1": 0.7634007298631286, "Lev. sim.": 0.4894424055775316, "status": "ok", "start_time": 1615472881.382363, "duration": 31.090337991714478}, "current_params": {"N": 300, "isd": 0.008351737554644, "isd2": 0.00012386033128752584, "iss": 0.007661360034392267, "leak": 0.03952202271758168, "ridge": 1.6213592515947443e-06, "sr": 0.9}}