{"returned_dict": {"loss": 2.771590715451641, "Accuracy": 0.878458906433924, "F1": 0.7987253892353059, "Lev. sim.": 0.4746586597484102, "status": "ok", "start_time": 1615470062.3021178, "duration": 45.94970703125}, "current_params": {"N": 300, "isd": 0.0028581232776965474, "isd2": 0.00044987508893118335, "iss": 0.003803794898742829, "leak": 0.16816710090489304, "ridge": 0.09678356217479321, "sr": 0.9}}