{"returned_dict": {"loss": 2.789309804069543, "Accuracy": 0.8394624334520013, "F1": 0.7040637021622477, "Lev. sim.": 0.4589720001010301, "status": "ok", "start_time": 1615473175.1288834, "duration": 30.357534646987915}, "current_params": {"N": 300, "isd": 5.59635798488522e-05, "isd2": 0.001961977243552743, "iss": 0.00017163508547373446, "leak": 0.014562155109966031, "ridge": 1.6944462200036443e-06, "sr": 0.9}}