{"returned_dict": {"loss": 2.7851538945861387, "Accuracy": 0.8634137675556156, "F1": 0.7769375536578488, "Lev. sim.": 0.489244971639032, "status": "ok", "start_time": 1615460927.68662, "duration": 44.825178384780884}, "current_params": {"N": 300, "isd": 0.00038276862267635884, "isd2": 0.004155962801784019, "iss": 0.007479909887929844, "leak": 0.0771422789228387, "ridge": 4.6682773477176586e-05, "sr": 0.9}}