{"returned_dict": {"loss": 2.794706706755213, "Accuracy": 0.852402404089832, "F1": 0.7179437928681229, "Lev. sim.": 0.4845280389801334, "status": "ok", "start_time": 1615460675.72329, "duration": 42.63741731643677}, "current_params": {"N": 300, "isd": 1.2353371301055125, "isd2": 0.2446821703780669, "iss": 0.12308296937730294, "leak": 0.024537015683740407, "ridge": 0.0012737268585861486, "sr": 0.9}}