{"returned_dict": {"loss": 2.792820091776586, "Accuracy": 0.836102560737989, "F1": 0.7087324365338061, "Lev. sim.": 0.47331684713331185, "status": "ok", "start_time": 1615461460.5521727, "duration": 41.61694836616516}, "current_params": {"N": 300, "isd": 1.078388699868904e-05, "isd2": 2.6137717107744954e-05, "iss": 0.0003611906790137023, "leak": 0.021157914381705674, "ridge": 2.6297008594140214e-09, "sr": 0.9}}