{"returned_dict": {"loss": 2.804734591278542, "Accuracy": 0.8394095089597157, "F1": 0.7147793904471103, "Lev. sim.": 0.46428692346217754, "status": "ok", "start_time": 1615470620.2026627, "duration": 44.109689474105835}, "current_params": {"N": 300, "isd": 0.01825053702412768, "isd2": 0.1573219543175245, "iss": 0.0019740724578947827, "leak": 0.034926117225690584, "ridge": 0.0016185092256555472, "sr": 0.9}}