{"returned_dict": {"loss": 2.808177261382273, "Accuracy": 0.8397897576759009, "F1": 0.7064316633353601, "Lev. sim.": 0.48186032011515534, "status": "ok", "start_time": 1615472785.0519097, "duration": 30.694832801818848}, "current_params": {"N": 300, "isd": 0.03678763300705848, "isd2": 0.00018708681791489135, "iss": 0.02069468760907299, "leak": 0.023839320239120627, "ridge": 0.013243627287655853, "sr": 0.9}}