{"returned_dict": {"loss": 2.8189165175665343, "Accuracy": 0.8535187999466954, "F1": 0.7381336702919301, "Lev. sim.": 0.4701840861913856, "status": "ok", "start_time": 1615469149.7709637, "duration": 44.713040590286255}, "current_params": {"N": 300, "isd": 0.0163837514043511, "isd2": 0.0028988891792806827, "iss": 0.06200231013354495, "leak": 0.07945109141262359, "ridge": 0.0025141730234483914, "sr": 0.9}}