{"returned_dict": {"loss": 2.8178954340007962, "Accuracy": 0.854491446698761, "F1": 0.757233768728115, "Lev. sim.": 0.426623914626015, "status": "ok", "start_time": 1615459817.2141879, "duration": 44.620941162109375}, "current_params": {"N": 300, "isd": 2.319522359010197e-05, "isd2": 0.00010514984711803484, "iss": 0.00045273062528736755, "leak": 0.481495520521076, "ridge": 2.7444600451037476e-07, "sr": 0.9}}