{"returned_dict": {"loss": 2.815786475869801, "Accuracy": 0.8550828116416502, "F1": 0.7691483909037928, "Lev. sim.": 0.43752355061835313, "status": "ok", "start_time": 1615458224.3210573, "duration": 44.33557176589966}, "current_params": {"N": 300, "isd": 0.00030996057687041154, "isd2": 0.0005280650043317309, "iss": 0.006389328961151051, "leak": 0.17683610717865192, "ridge": 0.020893217080523926, "sr": 0.9}}