{"returned_dict": {"loss": 2.8261944235598024, "Accuracy": 0.8432403068853015, "F1": 0.7032479942576495, "Lev. sim.": 0.4762773417325789, "status": "ok", "start_time": 1615459632.009488, "duration": 43.77506709098816}, "current_params": {"N": 300, "isd": 4.480464364217247, "isd2": 3.269255181902784e-05, "iss": 6.613290330552857, "leak": 0.058345242247496834, "ridge": 8.330978490159207e-08, "sr": 0.9}}