{"returned_dict": {"loss": 2.8262514350934786, "Accuracy": 0.8531035918750313, "F1": 0.7369724194871153, "Lev. sim.": 0.47603216595687287, "status": "ok", "start_time": 1615471704.520695, "duration": 32.82769989967346}, "current_params": {"N": 300, "isd": 0.0007805065811894694, "isd2": 0.06608585074539547, "iss": 0.00010525533172500617, "leak": 0.06805295759248962, "ridge": 1.2932384900246675e-08, "sr": 0.9}}