{"returned_dict": {"loss": 2.8267601887710248, "Accuracy": 0.8557515358314799, "F1": 0.7368608607327604, "Lev. sim.": 0.42879314708973776, "status": "ok", "start_time": 1615461558.181841, "duration": 42.8142306804657}, "current_params": {"N": 300, "isd": 0.18443926004757893, "isd2": 5.94195827806667, "iss": 0.3049168161663249, "leak": 0.1954398714256385, "ridge": 0.004782137790844007, "sr": 0.9}}