{"returned_dict": {"loss": 2.828520964136684, "Accuracy": 0.8532219893321195, "F1": 0.746153391666101, "Lev. sim.": 0.41635919962538004, "status": "ok", "start_time": 1615469927.4551263, "duration": 47.36574745178223}, "current_params": {"N": 300, "isd": 0.00033586355530841356, "isd2": 0.00020728464837285458, "iss": 0.00025888706275096015, "leak": 0.5195382603925706, "ridge": 2.127273274900961e-05, "sr": 0.9}}