{"returned_dict": {"loss": 2.8370745811924505, "Accuracy": 0.843860554723905, "F1": 0.7282432734801741, "Lev. sim.": 0.44297561220359205, "status": "ok", "start_time": 1615458762.5168831, "duration": 45.68367624282837}, "current_params": {"N": 300, "isd": 0.005926018131188934, "isd2": 2.2778561013478003, "iss": 0.8099143782325872, "leak": 0.14617215147956758, "ridge": 2.0838987024246352e-06, "sr": 0.9}}