{"returned_dict": {"loss": 2.8327316293343516, "Accuracy": 0.8511007544923613, "F1": 0.7251633223142445, "Lev. sim.": 0.4405576360815637, "status": "ok", "start_time": 1615472587.5448005, "duration": 31.645313501358032}, "current_params": {"N": 300, "isd": 5.521039102972622, "isd2": 3.8442744510417125e-05, "iss": 6.862182762455273, "leak": 0.10155643976026262, "ridge": 3.871515894429371e-09, "sr": 0.9}}