{"returned_dict": {"loss": 2.83709130583924, "Accuracy": 0.859506555442876, "F1": 0.7390845534296017, "Lev. sim.": 0.4021840732198726, "status": "ok", "start_time": 1615472182.9625254, "duration": 34.18574833869934}, "current_params": {"N": 300, "isd": 0.0401791557665511, "isd2": 0.18692236048332014, "iss": 0.005595106442178577, "leak": 0.2710864086924649, "ridge": 4.178031235011151e-06, "sr": 0.9}}