{"returned_dict": {"loss": 2.830484640806103, "Accuracy": 0.8199523637251819, "F1": 0.6777034167509776, "Lev. sim.": 0.47320036824220607, "status": "ok", "start_time": 1615467908.662925, "duration": 51.38781952857971}, "current_params": {"N": 300, "isd": 0.005287607975250165, "isd2": 0.021408744227756064, "iss": 7.960204123058916e-05, "leak": 0.01098266653129262, "ridge": 0.0756786250485504, "sr": 0.9}}