{"returned_dict": {"loss": 2.839185302859775, "Accuracy": 0.8559642748758816, "F1": 0.7411471541274439, "Lev. sim.": 0.37881959694104184, "status": "ok", "start_time": 1615471012.114062, "duration": 34.461791038513184}, "current_params": {"N": 300, "isd": 0.03637741085612332, "isd2": 1.7816214655960436e-05, "iss": 0.023097609851490657, "leak": 0.24230935188163086, "ridge": 0.028748152410638276, "sr": 0.9}}