{"returned_dict": {"loss": 2.839098192476167, "Accuracy": 0.8463852557776275, "F1": 0.7190029634351864, "Lev. sim.": 0.4357127006419745, "status": "ok", "start_time": 1615473803.5926707, "duration": 31.745630741119385}, "current_params": {"N": 300, "isd": 1.139648360261831, "isd2": 0.664568815154193, "iss": 2.7883804903071883, "leak": 0.099618482917352, "ridge": 9.120881839405786e-05, "sr": 0.9}}