{"returned_dict": {"loss": 2.8312472088967926, "Accuracy": 0.8602406319273342, "F1": 0.7424724697358471, "Lev. sim.": 0.42760702278431495, "status": "ok", "start_time": 1615469364.2856133, "duration": 46.96027660369873}, "current_params": {"N": 300, "isd": 2.2459578735050676e-05, "isd2": 0.019082712184709437, "iss": 7.245842882561464e-05, "leak": 0.24347954758450488, "ridge": 0.00034112863822337904, "sr": 0.9}}