{"returned_dict": {"loss": 2.8451485140744763, "Accuracy": 0.8466738398830159, "F1": 0.7416107098984379, "Lev. sim.": 0.41625331821509004, "status": "ok", "start_time": 1615462189.5649455, "duration": 48.07493352890015}, "current_params": {"N": 300, "isd": 0.0016812485819838643, "isd2": 0.02133472211278566, "iss": 0.03096980204126957, "leak": 0.1718029147153437, "ridge": 7.434671180794687e-07, "sr": 0.9}}