{"returned_dict": {"loss": 2.8491949310556635, "Accuracy": 0.8424106501391581, "F1": 0.7195546518991007, "Lev. sim.": 0.36756112589808837, "status": "ok", "start_time": 1615460333.4902031, "duration": 46.72203326225281}, "current_params": {"N": 300, "isd": 8.750485904099278e-05, "isd2": 0.028339240691767208, "iss": 0.0051613803919754835, "leak": 0.4853972923788676, "ridge": 7.625316144503757e-06, "sr": 0.9}}