{"returned_dict": {"loss": 2.8433088133195517, "Accuracy": 0.8021435592764362, "F1": 0.6639460538240775, "Lev. sim.": 0.43325592670311286, "status": "ok", "start_time": 1615458054.5306149, "duration": 44.944392681121826}, "current_params": {"N": 300, "isd": 0.05130103147506955, "isd2": 0.7749712878873929, "iss": 0.0788475449820828, "leak": 0.024810093682891735, "ridge": 0.2961478671937421, "sr": 0.9}}