{"returned_dict": {"loss": 2.8458663374064024, "Accuracy": 0.8367873847954733, "F1": 0.7276860847747086, "Lev. sim.": 0.4248460982840374, "status": "ok", "start_time": 1615473835.3405814, "duration": 32.979432821273804}, "current_params": {"N": 300, "isd": 3.688230965037273e-05, "isd2": 0.00030185611980665855, "iss": 0.01987459988414186, "leak": 0.13727442457386135, "ridge": 0.013646830174929332, "sr": 0.9}}