{"returned_dict": {"loss": 2.8443216010297254, "Accuracy": 0.8488856031161631, "F1": 0.7296632148625266, "Lev. sim.": 0.4453728619605652, "status": "ok", "start_time": 1615468522.1422002, "duration": 51.26812410354614}, "current_params": {"N": 300, "isd": 7.109136920359261e-05, "isd2": 0.016131792663536485, "iss": 1.295275567112359e-05, "leak": 0.1290849332069442, "ridge": 7.75621284294685e-08, "sr": 0.9}}