{"returned_dict": {"loss": 2.8431951141559666, "Accuracy": 0.7985215488096422, "F1": 0.6535574171122506, "Lev. sim.": 0.433074275439568, "status": "ok", "start_time": 1615473744.1162527, "duration": 30.077843189239502}, "current_params": {"N": 300, "isd": 0.0003932113957804131, "isd2": 2.7093721449767836e-05, "iss": 0.003251024050437324, "leak": 0.013591742006459157, "ridge": 0.2551666920763766, "sr": 0.9}}