{"returned_dict": {"loss": 2.857436636098861, "Accuracy": 0.8376712244467596, "F1": 0.7084325099854909, "Lev. sim.": 0.4061529559157056, "status": "ok", "start_time": 1615461149.40426, "duration": 45.1637122631073}, "current_params": {"N": 300, "isd": 0.051051107546035715, "isd2": 3.576809346566193e-05, "iss": 0.41144654949127984, "leak": 0.12179977311441366, "ridge": 0.4451297726379311, "sr": 0.9}}