{"returned_dict": {"loss": 2.8512721060787536, "Accuracy": 0.8364792105664302, "F1": 0.7028940336123592, "Lev. sim.": 0.43770120447437566, "status": "ok", "start_time": 1615471499.162458, "duration": 32.100411891937256}, "current_params": {"N": 300, "isd": 0.6932777430545646, "isd2": 0.001937751991240117, "iss": 4.345561660301858, "leak": 0.08805711120935675, "ridge": 0.024270549426290398, "sr": 0.9}}