{"returned_dict": {"loss": 2.85226875687596, "Accuracy": 0.8459715196880353, "F1": 0.7197856363206687, "Lev. sim.": 0.39376144773793004, "status": "ok", "start_time": 1615473205.4956872, "duration": 32.683356523513794}, "current_params": {"N": 300, "isd": 3.9930245394619592, "isd2": 9.325106753778166e-05, "iss": 4.089888095966534, "leak": 0.15155754506848362, "ridge": 2.439917135906988e-05, "sr": 0.9}}