{"returned_dict": {"loss": 2.862051643344774, "Accuracy": 0.8271702145320416, "F1": 0.6837699566100113, "Lev. sim.": 0.47022119888642855, "status": "ok", "start_time": 1615473935.9902582, "duration": 31.22243022918701}, "current_params": {"N": 300, "isd": 0.21979056200605945, "isd2": 2.1721952985428507e-05, "iss": 0.0003763251713657223, "leak": 0.013931433299169143, "ridge": 4.936279260527581e-08, "sr": 0.9}}