{"returned_dict": {"loss": 2.8636657045110168, "Accuracy": 0.8231147353764141, "F1": 0.7148698717883526, "Lev. sim.": 0.35832885427621497, "status": "ok", "start_time": 1615470745.1108289, "duration": 50.911433935165405}, "current_params": {"N": 300, "isd": 2.0000787011385032e-05, "isd2": 3.139570441992008e-05, "iss": 0.011059600419377822, "leak": 0.23859739524040852, "ridge": 0.9626684940208025, "sr": 0.9}}