{"returned_dict": {"loss": 2.8665688037227777, "Accuracy": 0.7995197321112691, "F1": 0.6624785237767655, "Lev. sim.": 0.47657991695675506, "status": "ok", "start_time": 1615460380.2139468, "duration": 40.76291465759277}, "current_params": {"N": 300, "isd": 0.001821081739245441, "isd2": 0.10576646455286105, "iss": 3.515867921270029, "leak": 0.04291822495273856, "ridge": 2.6229878618267304e-06, "sr": 0.9}}