{"returned_dict": {"loss": 2.863606531845725, "Accuracy": 0.8206984074676227, "F1": 0.673195190519779, "Lev. sim.": 0.4657784961489839, "status": "ok", "start_time": 1615469015.2889109, "duration": 44.98791718482971}, "current_params": {"N": 300, "isd": 0.000285988248411184, "isd2": 0.06082856314209517, "iss": 2.3104466313708565e-05, "leak": 0.04392448291023314, "ridge": 5.9701582528801946e-05, "sr": 0.9}}