{"returned_dict": {"loss": 2.8666589371267586, "Accuracy": 0.8175998792147414, "F1": 0.6697769187087385, "Lev. sim.": 0.4709344142061024, "status": "ok", "start_time": 1615473967.2153492, "duration": 30.906075477600098}, "current_params": {"N": 300, "isd": 0.23737395485855606, "isd2": 0.0007407382888911442, "iss": 0.009185641252333222, "leak": 0.007854320346359646, "ridge": 1.4835333378781847e-05, "sr": 0.9}}