{"returned_dict": {"loss": 2.8606076289919256, "Accuracy": 0.8113131330018126, "F1": 0.6789993688699275, "Lev. sim.": 0.47312838943922897, "status": "ok", "start_time": 1615471874.1095948, "duration": 33.230684757232666}, "current_params": {"N": 300, "isd": 0.00014538755456799374, "isd2": 0.00047206208464482395, "iss": 0.25891731943945034, "leak": 0.04353421870281718, "ridge": 0.00046603824529378734, "sr": 0.9}}