{"returned_dict": {"loss": 2.8640624958608134, "Accuracy": 0.8191922193592454, "F1": 0.6894760817099806, "Lev. sim.": 0.46129491574376286, "status": "ok", "start_time": 1615459861.8370993, "duration": 41.416624784469604}, "current_params": {"N": 300, "isd": 0.0003192654393862667, "isd2": 0.005864000697363472, "iss": 1.896115281884799, "leak": 0.07178567022162324, "ridge": 0.00041921604711340035, "sr": 0.9}}