{"returned_dict": {"loss": 2.8733769244711405, "Accuracy": 0.7913024431720194, "F1": 0.6497446773778417, "Lev. sim.": 0.4461323006715562, "status": "ok", "start_time": 1615473586.9930186, "duration": 30.466790199279785}, "current_params": {"N": 300, "isd": 5.759646455476881e-05, "isd2": 0.034260804261824734, "iss": 0.11332963634149161, "leak": 0.02594225976472724, "ridge": 0.15010914215992013, "sr": 0.9}}