{"returned_dict": {"loss": 2.87804308297152, "Accuracy": 0.823527822789222, "F1": 0.6924072211292784, "Lev. sim.": 0.3714965525203554, "status": "ok", "start_time": 1615469452.4953184, "duration": 46.29839301109314}, "current_params": {"N": 300, "isd": 0.0005610415501493319, "isd2": 4.989880507465177, "iss": 2.243069403542335, "leak": 0.21598260985389955, "ridge": 2.0210681368461856e-08, "sr": 0.9}}