{"returned_dict": {"loss": 2.8785505331267345, "Accuracy": 0.7940624389141682, "F1": 0.6554153754599795, "Lev. sim.": 0.47050539772281247, "status": "ok", "start_time": 1615473617.462333, "duration": 29.729942798614502}, "current_params": {"N": 300, "isd": 2.9916204993889623e-05, "isd2": 0.010556296153557685, "iss": 6.826842032204062, "leak": 0.03688032075599271, "ridge": 0.023030033863878373, "sr": 0.9}}