{"returned_dict": {"loss": 2.8741969091200708, "Accuracy": 0.795715378221472, "F1": 0.6593502382300076, "Lev. sim.": 0.47355296610887276, "status": "ok", "start_time": 1615459205.6668572, "duration": 41.81193995475769}, "current_params": {"N": 300, "isd": 0.023041557407505003, "isd2": 0.298217423567005, "iss": 2.510931067801044, "leak": 0.040684228573036545, "ridge": 6.23347046681348e-05, "sr": 0.9}}