{"returned_dict": {"loss": 2.8757419856496917, "Accuracy": 0.8324205213164874, "F1": 0.6768935039151691, "Lev. sim.": 0.406205326144024, "status": "ok", "start_time": 1615471337.4977758, "duration": 33.68149375915527}, "current_params": {"N": 300, "isd": 1.8009337296567324e-05, "isd2": 0.00961781349701859, "iss": 1.1699271323770044e-05, "leak": 0.23532419948690383, "ridge": 0.024741974181110064, "sr": 0.9}}