{"returned_dict": {"loss": 2.8851363516446717, "Accuracy": 0.8032180096666028, "F1": 0.684430645511106, "Lev. sim.": 0.3093152514418174, "status": "ok", "start_time": 1615473298.8932042, "duration": 36.40497589111328}, "current_params": {"N": 300, "isd": 0.0003700986539820379, "isd2": 5.999615421884083e-05, "iss": 0.0022654935966134283, "leak": 0.6230834000162965, "ridge": 0.002918377741547324, "sr": 0.9}}