{"returned_dict": {"loss": 2.882906042843714, "Accuracy": 0.8135900502464896, "F1": 0.6828432298496004, "Lev. sim.": 0.39382703679534875, "status": "ok", "start_time": 1615459160.0294812, "duration": 45.63564324378967}, "current_params": {"N": 300, "isd": 0.00037494309642671994, "isd2": 0.7591733937709144, "iss": 9.872250179607104, "leak": 0.12866548380503234, "ridge": 3.4904050995838073e-06, "sr": 0.9}}