{"returned_dict": {"loss": 2.8811998230116282, "Accuracy": 0.7621102821881959, "F1": 0.6039990937699681, "Lev. sim.": 0.43669063879688663, "status": "ok", "start_time": 1615459119.6955082, "duration": 40.332195520401}, "current_params": {"N": 300, "isd": 0.0001496655425861766, "isd2": 0.002083396284719534, "iss": 9.528012398853328e-05, "leak": 0.005124733426715674, "ridge": 1.2365912517529861e-09, "sr": 0.9}}