{"returned_dict": {"loss": 2.8832220502655383, "Accuracy": 0.8071724579333888, "F1": 0.6843579448608662, "Lev. sim.": 0.3271319431208413, "status": "ok", "start_time": 1615458857.7073686, "duration": 48.952669620513916}, "current_params": {"N": 300, "isd": 0.0004099483939174395, "isd2": 0.00015950946390891964, "iss": 0.0012130544536296478, "leak": 0.7556560341505816, "ridge": 2.3453757427227227e-08, "sr": 0.9}}