{"returned_dict": {"loss": 2.8900112031190814, "Accuracy": 0.7962411327244954, "F1": 0.636209428883254, "Lev. sim.": 0.47235506186189546, "status": "ok", "start_time": 1615471273.70632, "duration": 31.59760308265686}, "current_params": {"N": 300, "isd": 4.635669754259111, "isd2": 8.637283898812612, "iss": 0.0029510649841199867, "leak": 0.025990828198591928, "ridge": 2.9614523235108445e-08, "sr": 0.9}}