{"returned_dict": {"loss": 2.89744877657419, "Accuracy": 0.7520438487264962, "F1": 0.5838387885089122, "Lev. sim.": 0.46408431578592085, "status": "ok", "start_time": 1615457825.0827186, "duration": 45.89692044258118}, "current_params": {"N": 300, "isd": 0.002342805358441255, "isd2": 9.049603932183947e-05, "iss": 0.0019808960783802296, "leak": 0.004141900449631102, "ridge": 3.274636674365546e-09, "sr": 0.9}}