{"returned_dict": {"loss": 2.893016900073431, "Accuracy": 0.7783432124667998, "F1": 0.6305437621814834, "Lev. sim.": 0.4589920503666313, "status": "ok", "start_time": 1615470879.5539873, "duration": 30.26724886894226}, "current_params": {"N": 300, "isd": 0.0005616796684493844, "isd2": 0.00033471381607753605, "iss": 3.317970131885356, "leak": 0.026534529278614487, "ridge": 2.4273537744914863e-06, "sr": 0.9}}