{"returned_dict": {"loss": 2.897947654481278, "Accuracy": 0.8086616644651314, "F1": 0.6676844865230058, "Lev. sim.": 0.32702137962605143, "status": "ok", "start_time": 1615458808.2022364, "duration": 49.503329277038574}, "current_params": {"N": 300, "isd": 1.055705805129439, "isd2": 1.0805906656775182, "iss": 4.510181749800883, "leak": 0.20038468147606756, "ridge": 8.872271749915429e-08, "sr": 0.9}}