{"returned_dict": {"loss": 2.8999901092657336, "Accuracy": 0.8044352541032689, "F1": 0.6779102489719426, "Lev. sim.": 0.2998581678080377, "status": "ok", "start_time": 1615471837.271429, "duration": 36.82930302619934}, "current_params": {"N": 300, "isd": 0.005542501406415373, "isd2": 0.00013766477743682774, "iss": 0.005154477679637931, "leak": 0.5828665857443649, "ridge": 0.00019275611452344453, "sr": 0.9}}