{"returned_dict": {"loss": 2.9064599462337677, "Accuracy": 0.7960947429385478, "F1": 0.6620990410368515, "Lev. sim.": 0.3377957594699018, "status": "ok", "start_time": 1615472815.7491014, "duration": 35.165305614471436}, "current_params": {"N": 300, "isd": 0.00011366804668338372, "isd2": 0.006466034318157701, "iss": 0.2698663578367458, "leak": 0.18656013284095252, "ridge": 3.6902746327614665e-05, "sr": 0.9}}