{"returned_dict": {"loss": 2.909612361974959, "Accuracy": 0.7886942198217415, "F1": 0.6537698285591044, "Lev. sim.": 0.3276776970290706, "status": "ok", "start_time": 1615467854.9375424, "duration": 53.723230600357056}, "current_params": {"N": 300, "isd": 0.00017467716000585254, "isd2": 0.0014400217192171044, "iss": 0.7187405091739841, "leak": 0.1798569881380328, "ridge": 0.13236648774422713, "sr": 0.9}}