{"returned_dict": {"loss": 2.9004740114860095, "Accuracy": 0.8146294687500903, "F1": 0.648133684016486, "Lev. sim.": 0.4566723072654744, "status": "ok", "start_time": 1615460464.205155, "duration": 42.174054861068726}, "current_params": {"N": 300, "isd": 1.9465201129586274, "isd2": 0.030157135402062284, "iss": 0.00022388902994814665, "leak": 0.024272173460919505, "ridge": 2.0103760484899253e-05, "sr": 0.9}}