{"returned_dict": {"loss": 2.9145346931901037, "Accuracy": 0.7650174665977997, "F1": 0.5980196773072075, "Lev. sim.": 0.4650805723533627, "status": "ok", "start_time": 1615468662.1020505, "duration": 41.99010634422302}, "current_params": {"N": 300, "isd": 0.0975645264630714, "isd2": 0.016752284079507036, "iss": 0.04656487125617944, "leak": 0.006984137100276174, "ridge": 1.9615341886287525e-07, "sr": 0.9}}