{"returned_dict": {"loss": 2.919516731976922, "Accuracy": 0.7752990777397305, "F1": 0.6076390754279701, "Lev. sim.": 0.46814062281180446, "status": "ok", "start_time": 1615467802.9561856, "duration": 51.97925066947937}, "current_params": {"N": 300, "isd": 1.168982118338724, "isd2": 0.014031823249042204, "iss": 0.002911820742841569, "leak": 0.008478405147843288, "ridge": 1.1367903676277251e-05, "sr": 0.9}}