{"returned_dict": {"loss": 2.91189003823065, "Accuracy": 0.8107622897827949, "F1": 0.6497318856725254, "Lev. sim.": 0.34250900913483584, "status": "ok", "start_time": 1615458268.658448, "duration": 46.73847007751465}, "current_params": {"N": 300, "isd": 0.000500336889490322, "isd2": 0.46947405094726824, "iss": 0.00529684523263303, "leak": 0.27032012071664124, "ridge": 9.683314953054674e-09, "sr": 0.9}}