{"returned_dict": {"loss": 2.910746828225999, "Accuracy": 0.7668339924653041, "F1": 0.6029624151201048, "Lev. sim.": 0.46530367587629085, "status": "ok", "start_time": 1615473046.544347, "duration": 30.168188333511353}, "current_params": {"N": 300, "isd": 0.040751782547955966, "isd2": 3.5712157128536866e-05, "iss": 0.06539074244311349, "leak": 0.009453659783318876, "ridge": 0.007881202796184936, "sr": 0.9}}