{"returned_dict": {"loss": 2.9288200006780967, "Accuracy": 0.7676463386647046, "F1": 0.5847934395092154, "Lev. sim.": 0.4562500320431413, "status": "ok", "start_time": 1615471672.2206223, "duration": 32.29787349700928}, "current_params": {"N": 300, "isd": 1.122974707658962, "isd2": 5.35524096272411e-05, "iss": 0.0010623877818657485, "leak": 0.007879585120175708, "ridge": 2.2987564664745838e-09, "sr": 0.9}}