{"returned_dict": {"loss": 2.9282682871464734, "Accuracy": 0.7576392353219232, "F1": 0.5811104090037746, "Lev. sim.": 0.4580663344788408, "status": "ok", "start_time": 1615472495.5633297, "duration": 31.896223306655884}, "current_params": {"N": 300, "isd": 0.23551686761967852, "isd2": 0.0005460823271950314, "iss": 0.0010324431768781168, "leak": 0.005058750364021127, "ridge": 3.841560824788062e-07, "sr": 0.9}}