{"returned_dict": {"loss": 2.9324542161578546, "Accuracy": 0.7710211870710915, "F1": 0.6177625959541176, "Lev. sim.": 0.27015042133810013, "status": "ok", "start_time": 1615472217.1506128, "duration": 37.31902074813843}, "current_params": {"N": 300, "isd": 1.8911769007246841, "isd2": 0.028208566095155024, "iss": 8.860385696317973, "leak": 0.25504709914460094, "ridge": 1.759464994695154e-05, "sr": 0.9}}