{"returned_dict": {"loss": 2.936357448254094, "Accuracy": 0.801638072516264, "F1": 0.6385483427397574, "Lev. sim.": 0.3010021361907701, "status": "ok", "start_time": 1615468924.1067026, "duration": 49.71875023841858}, "current_params": {"N": 300, "isd": 5.832783140676946, "isd2": 0.0016991073231614176, "iss": 0.11698928062211732, "leak": 0.35403601144443586, "ridge": 3.633864832521253e-07, "sr": 0.9}}