{"returned_dict": {"loss": 2.939390273274942, "Accuracy": 0.7370506649923944, "F1": 0.5607754603666371, "Lev. sim.": 0.46824718101513685, "status": "ok", "start_time": 1615472912.4751208, "duration": 30.545320510864258}, "current_params": {"N": 300, "isd": 0.11722178849810534, "isd2": 0.0288275205398481, "iss": 0.07071597898788638, "leak": 0.005695908532976813, "ridge": 1.3379799018002042e-07, "sr": 0.9}}