{"returned_dict": {"loss": 2.9373089672627106, "Accuracy": 0.7289295365989605, "F1": 0.5567379731666179, "Lev. sim.": 0.4257623223176411, "status": "ok", "start_time": 1615458906.6617992, "duration": 39.35446524620056}, "current_params": {"N": 300, "isd": 0.03813508173588441, "isd2": 7.895703932391574, "iss": 7.0504569388517515, "leak": 0.01339998364954736, "ridge": 0.00018452664667720702, "sr": 0.9}}