{"returned_dict": {"loss": 2.931280476188225, "Accuracy": 0.7780007782121007, "F1": 0.6294713686903781, "Lev. sim.": 0.2832466874672133, "status": "ok", "start_time": 1615473455.8676188, "duration": 37.237106800079346}, "current_params": {"N": 300, "isd": 0.0700314121948182, "isd2": 0.307652056048664, "iss": 0.20404191369331448, "leak": 0.3519475418716108, "ridge": 0.012481808802678322, "sr": 0.9}}