{"returned_dict": {"loss": 2.9381445136293154, "Accuracy": 0.7504154407847856, "F1": 0.5717424473137028, "Lev. sim.": 0.45545642043269, "status": "ok", "start_time": 1615473143.9826357, "duration": 31.14401888847351}, "current_params": {"N": 300, "isd": 0.8725618467692823, "isd2": 1.0238654015328613e-05, "iss": 0.004576750219544566, "leak": 0.005800920514365938, "ridge": 1.5815064974375485e-09, "sr": 0.9}}