{"returned_dict": {"loss": 2.930023483245989, "Accuracy": 0.7907611352790375, "F1": 0.6214682748578693, "Lev. sim.": 0.4485870357463472, "status": "ok", "start_time": 1615470531.0562823, "duration": 46.16989803314209}, "current_params": {"N": 300, "isd": 2.45660919889118, "isd2": 1.694763542568864e-05, "iss": 6.784449038087605e-05, "leak": 0.01677060793146018, "ridge": 1.4552823457165752e-08, "sr": 0.9}}