{"returned_dict": {"loss": 2.9367650853716185, "Accuracy": 0.7601037592801182, "F1": 0.5544984624649837, "Lev. sim.": 0.4449181039644417, "status": "ok", "start_time": 1615473424.5909653, "duration": 31.274189233779907}, "current_params": {"N": 300, "isd": 0.1223972424552645, "isd2": 1.2797439467176077, "iss": 0.00019388279969910247, "leak": 0.03816891934453139, "ridge": 3.411925939232632e-08, "sr": 0.9}}