{"returned_dict": {"loss": 2.9304172102995216, "Accuracy": 0.7935270147481613, "F1": 0.6430812759748591, "Lev. sim.": 0.2933524060663574, "status": "ok", "start_time": 1615459400.3617287, "duration": 50.18534994125366}, "current_params": {"N": 300, "isd": 3.184212063667566, "isd2": 0.00039218771400457986, "iss": 0.8777341457252882, "leak": 0.4487189808097572, "ridge": 3.867741629997653e-06, "sr": 0.9}}