{"returned_dict": {"loss": 2.9363982590839406, "Accuracy": 0.7376605932840502, "F1": 0.5639665799837464, "Lev. sim.": 0.4546717975237047, "status": "ok", "start_time": 1615470664.3145244, "duration": 40.522242307662964}, "current_params": {"N": 300, "isd": 0.4462016223369004, "isd2": 0.34131181727184395, "iss": 0.8079210989789269, "leak": 0.008864155123152886, "ridge": 0.0017058689828099083, "sr": 0.9}}