{"returned_dict": {"loss": 2.930151428086725, "Accuracy": 0.7489323106690253, "F1": 0.5709605723700605, "Lev. sim.": 0.465155468458298, "status": "ok", "start_time": 1615461689.0785232, "duration": 44.40820837020874}, "current_params": {"N": 300, "isd": 0.0019032519778012474, "isd2": 6.926610666772347, "iss": 0.0061179768344125935, "leak": 0.029267768820573255, "ridge": 0.11025202897671622, "sr": 0.9}}