{"returned_dict": {"loss": 2.936568495208398, "Accuracy": 0.5906886859834377, "F1": 0.45548531930301656, "Lev. sim.": 0.3862153926149997, "status": "ok", "start_time": 1615460593.1727238, "duration": 43.05896782875061}, "current_params": {"N": 300, "isd": 0.0065513225712619345, "isd2": 3.331985129946168e-05, "iss": 3.6721866293145416e-05, "leak": 0.0005836208340165722, "ridge": 1.9826798505388278e-06, "sr": 0.9}}