{"returned_dict": {"loss": 2.934539987180846, "Accuracy": 0.766832705689478, "F1": 0.5829530506842462, "Lev. sim.": 0.4242055939075944, "status": "ok", "start_time": 1615471046.5779095, "duration": 33.3195538520813}, "current_params": {"N": 300, "isd": 0.3857074005382027, "isd2": 6.798383228888324, "iss": 0.0014336811000358154, "leak": 0.05693767847491957, "ridge": 4.101997685901117e-05, "sr": 0.9}}