{"returned_dict": {"loss": 2.9457558903545804, "Accuracy": 0.7896513578952413, "F1": 0.6253899569205575, "Lev. sim.": 0.398598136163615, "status": "ok", "start_time": 1615458672.0015552, "duration": 48.49755644798279}, "current_params": {"N": 300, "isd": 9.068932421253251, "isd2": 0.11988536524248344, "iss": 5.319010481302178e-05, "leak": 0.033293294652960374, "ridge": 1.2231900782434995e-08, "sr": 0.9}}