{"returned_dict": {"loss": 2.948460195401421, "Accuracy": 0.5428538129773338, "F1": 0.3895300714254348, "Lev. sim.": 0.4081998621146582, "status": "ok", "start_time": 1615458010.7631602, "duration": 43.76587152481079}, "current_params": {"N": 300, "isd": 0.04271139730674362, "isd2": 0.00031282050947054117, "iss": 0.0013918289014447402, "leak": 0.0005600220785247278, "ridge": 0.00012816979894612768, "sr": 0.9}}