{"returned_dict": {"loss": 2.9413757582182467, "Accuracy": 0.722863393647592, "F1": 0.548602749903931, "Lev. sim.": 0.4191978288357882, "status": "ok", "start_time": 1615469234.6668496, "duration": 41.06317973136902}, "current_params": {"N": 300, "isd": 0.005514449657094239, "isd2": 0.2790973839404021, "iss": 9.076776687635112, "leak": 0.014425245854378365, "ridge": 1.2166329034747676e-08, "sr": 0.9}}