{"returned_dict": {"loss": 2.9424418711810727, "Accuracy": 0.6714927481980635, "F1": 0.4952684058779984, "Lev. sim.": 0.4217598240251811, "status": "ok", "start_time": 1615469060.2787423, "duration": 44.681514501571655}, "current_params": {"N": 300, "isd": 0.0001469990072045741, "isd2": 0.0028983990773615367, "iss": 0.0011426530685845588, "leak": 0.003430757391600169, "ridge": 7.71477660553449e-06, "sr": 0.9}}