{"returned_dict": {"loss": 2.944319758176993, "Accuracy": 0.7782394360248744, "F1": 0.5830974683419334, "Lev. sim.": 0.3426801149614103, "status": "ok", "start_time": 1615470200.362814, "duration": 49.11814856529236}, "current_params": {"N": 300, "isd": 0.0025382526116724756, "isd2": 2.0736755885044102, "iss": 0.004169328182291108, "leak": 0.15454865249692365, "ridge": 0.0031254006705408524, "sr": 0.9}}