{"returned_dict": {"loss": 2.942260770524173, "Accuracy": 0.7147856348558443, "F1": 0.5321349704178403, "Lev. sim.": 0.4093965601348046, "status": "ok", "start_time": 1615457744.727175, "duration": 42.54802322387695}, "current_params": {"N": 300, "isd": 8.852685874814963e-05, "isd2": 0.002078999693909826, "iss": 0.016525622360136192, "leak": 0.007629558078768194, "ridge": 1.1988763853758443e-06, "sr": 0.9}}