{"returned_dict": {"loss": 2.9588802856339727, "Accuracy": 0.708659498682083, "F1": 0.5279789377376612, "Lev. sim.": 0.41049489808794337, "status": "ok", "start_time": 1615457787.2768948, "duration": 37.80416536331177}, "current_params": {"N": 300, "isd": 0.00011388840244542303, "isd2": 0.00010943290976238361, "iss": 1.8664282655898377, "leak": 0.01091926290458613, "ridge": 0.1856258562870396, "sr": 0.9}}