{"returned_dict": {"loss": 2.955626580102461, "Accuracy": 0.6074624457363588, "F1": 0.43518721154232765, "Lev. sim.": 0.3987437471497087, "status": "ok", "start_time": 1615473493.1069462, "duration": 32.97425293922424}, "current_params": {"N": 300, "isd": 0.0512896512008503, "isd2": 3.520250690307409e-05, "iss": 0.0002574319683570732, "leak": 0.0010835913915228513, "ridge": 0.00011005212092496208, "sr": 0.9}}