{"returned_dict": {"loss": 2.9559770022843432, "Accuracy": 0.7491625254956815, "F1": 0.5889608807479727, "Lev. sim.": 0.26946289078210783, "status": "ok", "start_time": 1615470337.2168214, "duration": 52.55134296417236}, "current_params": {"N": 300, "isd": 0.0012963562062351852, "isd2": 0.5256121409800723, "iss": 0.12673676402612488, "leak": 0.5503635106177039, "ridge": 0.09310077489427968, "sr": 0.9}}