{"returned_dict": {"loss": 2.9589606857413076, "Accuracy": 0.7650267556144519, "F1": 0.542335019135725, "Lev. sim.": 0.35050377599682425, "status": "ok", "start_time": 1615458576.0899098, "duration": 45.3864483833313}, "current_params": {"N": 300, "isd": 0.11872644196586711, "isd2": 2.0343395993164632, "iss": 0.0006826537081380482, "leak": 0.11060404221262665, "ridge": 1.0991884532573188e-06, "sr": 0.9}}