{"returned_dict": {"loss": 2.9581616011588716, "Accuracy": 0.7186928723200035, "F1": 0.5404460316557272, "Lev. sim.": 0.4506759603250322, "status": "ok", "start_time": 1615458988.4289062, "duration": 41.25323462486267}, "current_params": {"N": 300, "isd": 0.15840876538411983, "isd2": 0.0019075939520962052, "iss": 1.2177626043593364, "leak": 0.007805166142209753, "ridge": 0.014783295275870134, "sr": 0.9}}