{"returned_dict": {"loss": 2.957285962442052, "Accuracy": 0.7423137443054386, "F1": 0.584772253879127, "Lev. sim.": 0.24157622098770482, "status": "ok", "start_time": 1615471203.8335555, "duration": 39.62292289733887}, "current_params": {"N": 300, "isd": 0.04172578030035426, "isd2": 6.585094099698202e-05, "iss": 0.3575298711764821, "leak": 0.3451599100462009, "ridge": 0.003703948067276835, "sr": 0.9}}