{"returned_dict": {"loss": 2.969676887802996, "Accuracy": 0.6991066440719955, "F1": 0.5154964917642243, "Lev. sim.": 0.4469545361872699, "status": "ok", "start_time": 1615461058.9589918, "duration": 44.20440626144409}, "current_params": {"N": 300, "isd": 0.2430332896559652, "isd2": 0.42680690760544604, "iss": 2.8383547063879035, "leak": 0.007859588080422109, "ridge": 2.8428246251853016e-06, "sr": 0.9}}