{"returned_dict": {"loss": 2.9624640785429177, "Accuracy": 0.7154386626984333, "F1": 0.513564551941893, "Lev. sim.": 0.45760596330856285, "status": "ok", "start_time": 1615470153.0600297, "duration": 47.30078887939453}, "current_params": {"N": 300, "isd": 1.201091308817731e-05, "isd2": 0.7226699611458205, "iss": 0.0004386432243289192, "leak": 0.01180385446967802, "ridge": 2.307649877154647e-08, "sr": 0.9}}