{"returned_dict": {"loss": 2.9620245327013226, "Accuracy": 0.7618801243906909, "F1": 0.557172319457325, "Lev. sim.": 0.2918794638725606, "status": "ok", "start_time": 1615462052.3879442, "duration": 50.3163046836853}, "current_params": {"N": 300, "isd": 0.00012507445404416666, "isd2": 0.09590804498023914, "iss": 0.0015709780852344458, "leak": 0.6250809413474328, "ridge": 0.0689148692568267, "sr": 0.9}}