{"returned_dict": {"loss": 2.9638761673410987, "Accuracy": 0.7516521878052436, "F1": 0.5681163708623982, "Lev. sim.": 0.28065456115003506, "status": "ok", "start_time": 1615468408.824163, "duration": 58.79037356376648}, "current_params": {"N": 300, "isd": 0.4837994892746211, "isd2": 2.0424737164272213, "iss": 0.1180424541445589, "leak": 0.620271264236259, "ridge": 8.253400004818258e-07, "sr": 0.9}}