{"returned_dict": {"loss": 2.9607810249751823, "Accuracy": 0.7252563007927971, "F1": 0.5069349562403167, "Lev. sim.": 0.4522880534199619, "status": "ok", "start_time": 1615459903.2554128, "duration": 44.67240905761719}, "current_params": {"N": 300, "isd": 0.000848111297268095, "isd2": 0.3112164112468497, "iss": 2.1324791342193225e-05, "leak": 0.01506368100752531, "ridge": 0.008356795599444362, "sr": 0.9}}