{"returned_dict": {"loss": 2.9653670227983784, "Accuracy": 0.7181604326644153, "F1": 0.5072945167429885, "Lev. sim.": 0.4581153899765245, "status": "ok", "start_time": 1615470292.2242568, "duration": 44.99012804031372}, "current_params": {"N": 300, "isd": 0.08792268613741279, "isd2": 0.3013061145190547, "iss": 3.5363015332897576e-05, "leak": 0.00845535195251055, "ridge": 2.6594386108027425e-07, "sr": 0.9}}