{"returned_dict": {"loss": 2.9650884702199414, "Accuracy": 0.7342512471986135, "F1": 0.5210189218381436, "Lev. sim.": 0.4203846403684265, "status": "ok", "start_time": 1615472283.5114155, "duration": 32.259507179260254}, "current_params": {"N": 300, "isd": 4.7976394975991884e-05, "isd2": 1.3889710975790641, "iss": 6.041512930318572e-05, "leak": 0.029603696431589076, "ridge": 0.006525147631203325, "sr": 0.9}}