{"returned_dict": {"loss": 2.960366585048549, "Accuracy": 0.7085270797678046, "F1": 0.5183222453408035, "Lev. sim.": 0.4319837389380544, "status": "ok", "start_time": 1615472401.7295861, "duration": 30.791293144226074}, "current_params": {"N": 300, "isd": 1.0738580903167545, "isd2": 5.131579881199347, "iss": 1.3869004212706848, "leak": 0.006997979463422315, "ridge": 6.127921430413279e-09, "sr": 0.9}}