{"returned_dict": {"loss": 2.961965464479616, "Accuracy": 0.7207156032733423, "F1": 0.5441785569829423, "Lev. sim.": 0.44847557602693344, "status": "ok", "start_time": 1615458315.398544, "duration": 42.07486319541931}, "current_params": {"N": 300, "isd": 0.18970445496555602, "isd2": 9.090543900184829e-05, "iss": 5.423458314091626, "leak": 0.008066006853203033, "ridge": 0.8969944883527644, "sr": 0.9}}