{"returned_dict": {"loss": 2.9699745005131555, "Accuracy": 0.597160001626395, "F1": 0.41574076244515573, "Lev. sim.": 0.3715357540086813, "status": "ok", "start_time": 1615461910.1123748, "duration": 47.36515831947327}, "current_params": {"N": 300, "isd": 0.016144794809590027, "isd2": 0.00580007291813976, "iss": 8.392239882644226e-05, "leak": 0.00029722905658613246, "ridge": 0.0027165679380159635, "sr": 0.9}}