{"returned_dict": {"loss": 2.9653942292888495, "Accuracy": 0.7472901034665992, "F1": 0.5315610685681295, "Lev. sim.": 0.41004837339386285, "status": "ok", "start_time": 1615458099.4771924, "duration": 45.33792543411255}, "current_params": {"N": 300, "isd": 0.00020815355619848436, "isd2": 1.8064280188342666e-05, "iss": 0.00012276996610286188, "leak": 0.0024833068437742772, "ridge": 0.000206119974991054, "sr": 0.9}}