{"returned_dict": {"loss": 2.9745244621792226, "Accuracy": 0.7235969946127567, "F1": 0.5565235791433595, "Lev. sim.": 0.24431714776878963, "status": "ok", "start_time": 1615470431.4224098, "duration": 55.056020975112915}, "current_params": {"N": 300, "isd": 7.790878141178814e-05, "isd2": 0.03718298367540949, "iss": 0.028871064294882863, "leak": 0.586158914898984, "ridge": 8.295621776725607e-05, "sr": 0.9}}