{"returned_dict": {"loss": 2.9783781452252462, "Accuracy": 0.5099895473350852, "F1": 0.3444682516203662, "Lev. sim.": 0.3973114606339031, "status": "ok", "start_time": 1615457915.4777064, "duration": 48.85861110687256}, "current_params": {"N": 300, "isd": 0.030162066001744762, "isd2": 0.00019442696564787968, "iss": 0.0006487539912013651, "leak": 0.00012697749947718033, "ridge": 0.0019556124951387597, "sr": 0.9}}