{"returned_dict": {"loss": 2.9701003640935797, "Accuracy": 0.72899882561918, "F1": 0.5655242714598163, "Lev. sim.": 0.2299920564084459, "status": "ok", "start_time": 1615472077.7573912, "duration": 41.66690969467163}, "current_params": {"N": 300, "isd": 0.2608346560509008, "isd2": 0.0063903092668887475, "iss": 0.5448418377480391, "leak": 0.3851714807065136, "ridge": 1.7157808071392729e-06, "sr": 0.9}}