{"returned_dict": {"loss": 2.9772739430506605, "Accuracy": 0.7167737740516118, "F1": 0.5545268340718368, "Lev. sim.": 0.22718663206190287, "status": "ok", "start_time": 1615472360.042994, "duration": 41.68372941017151}, "current_params": {"N": 300, "isd": 0.0217116035710591, "isd2": 2.4151323784890754e-05, "iss": 0.8888215199647842, "leak": 0.3911681917080426, "ridge": 0.00021171607631073546, "sr": 0.9}}