{"returned_dict": {"loss": 2.9786719169317224, "Accuracy": 0.5748359037544221, "F1": 0.39539380978077143, "Lev. sim.": 0.38720503293420616, "status": "ok", "start_time": 1615473711.0506556, "duration": 33.06299161911011}, "current_params": {"N": 300, "isd": 0.0014649073841157443, "isd2": 0.0002137441294634021, "iss": 0.0007007892173358851, "leak": 0.0004303771275804533, "ridge": 0.00029393923275707843, "sr": 0.9}}