{"returned_dict": {"loss": 2.9728665578176, "Accuracy": 0.7159060791069425, "F1": 0.5078431885534377, "Lev. sim.": 0.44014624983137873, "status": "ok", "start_time": 1615471805.842113, "duration": 31.42648673057556}, "current_params": {"N": 300, "isd": 3.434107234053424, "isd2": 0.005930289720909606, "iss": 0.0002136129121312053, "leak": 0.00540869086320043, "ridge": 3.898160431847258e-08, "sr": 0.9}}