{"returned_dict": {"loss": 2.9768467499405276, "Accuracy": 0.4810690498550442, "F1": 0.31785315380900014, "Lev. sim.": 0.39019330903401644, "status": "ok", "start_time": 1615471371.1813338, "duration": 33.746071338653564}, "current_params": {"N": 300, "isd": 0.008998561944990586, "isd2": 0.004276022843789868, "iss": 0.0024725826089488775, "leak": 0.00027677197016594734, "ridge": 8.80420709826657e-09, "sr": 0.9}}