{"returned_dict": {"loss": 2.9835893714684927, "Accuracy": 0.7302718723023013, "F1": 0.5299225536326618, "Lev. sim.": 0.3226967761481484, "status": "ok", "start_time": 1615462237.6420183, "duration": 45.950021505355835}, "current_params": {"N": 300, "isd": 0.007622125494568235, "isd2": 0.7179170620004939, "iss": 3.448163385995583e-05, "leak": 0.07386481147561254, "ridge": 1.9382881545483998e-08, "sr": 0.9}}