{"returned_dict": {"loss": 2.98789102707809, "Accuracy": 0.634955170571457, "F1": 0.4298266078801736, "Lev. sim.": 0.4202896433980337, "status": "ok", "start_time": 1615468881.1449778, "duration": 42.95959734916687}, "current_params": {"N": 300, "isd": 0.3000062535491394, "isd2": 5.585410223872087e-05, "iss": 0.00031261994920903064, "leak": 0.0023496276497158475, "ridge": 5.658864298439839e-06, "sr": 0.9}}