{"returned_dict": {"loss": 2.9880718276993417, "Accuracy": 0.5232320936569586, "F1": 0.3285879822313076, "Lev. sim.": 0.4016024177590899, "status": "ok", "start_time": 1615472119.426641, "duration": 32.338850259780884}, "current_params": {"N": 300, "isd": 8.759937306184323, "isd2": 2.4777752788390535, "iss": 0.40766836858533445, "leak": 0.001041229935882352, "ridge": 0.0013861448492065564, "sr": 0.9}}