{"returned_dict": {"loss": 2.989502984133528, "Accuracy": 0.4919936074173907, "F1": 0.32100265705612513, "Lev. sim.": 0.42585537136832335, "status": "ok", "start_time": 1615460805.7545104, "duration": 45.90047645568848}, "current_params": {"N": 300, "isd": 0.037304561941140936, "isd2": 1.3494791229615325e-05, "iss": 0.00902850104097361, "leak": 0.0007033458964526395, "ridge": 3.019210653998009e-09, "sr": 0.9}}