{"returned_dict": {"loss": 2.9956332952592843, "Accuracy": 0.47195570572464207, "F1": 0.2939109110510225, "Lev. sim.": 0.4183368993989484, "status": "ok", "start_time": 1615472042.778901, "duration": 34.968669414520264}, "current_params": {"N": 300, "isd": 0.028704136471596305, "isd2": 0.0012296533417267346, "iss": 0.0059950219395834385, "leak": 0.00027118279127796776, "ridge": 0.009212622771359294, "sr": 0.9}}