{"returned_dict": {"loss": 2.9903282682201184, "Accuracy": 0.6851046083186407, "F1": 0.47856867377595264, "Lev. sim.": 0.45026233707961366, "status": "ok", "start_time": 1615460761.8785393, "duration": 43.874197483062744}, "current_params": {"N": 300, "isd": 0.003188342986241512, "isd2": 4.392795945125213, "iss": 0.004368395326501837, "leak": 0.010302479294275154, "ridge": 4.197739820073515e-05, "sr": 0.9}}