{"returned_dict": {"loss": 2.999828623797943, "Accuracy": 0.6032525648746296, "F1": 0.4161396793859251, "Lev. sim.": 0.41677406633395736, "status": "ok", "start_time": 1615458946.0187588, "duration": 42.4079475402832}, "current_params": {"N": 300, "isd": 0.0005704538997172642, "isd2": 0.0017610973252556216, "iss": 0.007736741048102635, "leak": 0.002984970992111586, "ridge": 0.00018502111892174824, "sr": 0.9}}