{"returned_dict": {"loss": 2.9911714401194156, "Accuracy": 0.48384602606669747, "F1": 0.31669289432887904, "Lev. sim.": 0.3589266916478853, "status": "ok", "start_time": 1615460240.3142607, "duration": 47.854673624038696}, "current_params": {"N": 300, "isd": 0.0017131835288978054, "isd2": 0.0043022217176452255, "iss": 0.0005618515257018516, "leak": 0.0002919398738953379, "ridge": 1.6258535280062473e-07, "sr": 0.9}}