{"returned_dict": {"loss": 2.996339092330238, "Accuracy": 0.7483691308698208, "F1": 0.5909003112513587, "Lev. sim.": 0.30734353966562267, "status": "ok", "start_time": 1615469775.214564, "duration": 49.94474983215332}, "current_params": {"N": 300, "isd": 7.188712044551305, "isd2": 0.012262284559622527, "iss": 6.328265092142071e-05, "leak": 0.07282008604973801, "ridge": 2.688059277334253e-05, "sr": 0.9}}