{"returned_dict": {"loss": 2.9925953301320405, "Accuracy": 0.7466000672003767, "F1": 0.5076921796098082, "Lev. sim.": 0.285009443004219, "status": "ok", "start_time": 1615473899.1214314, "duration": 36.866514682769775}, "current_params": {"N": 300, "isd": 0.07555814689754033, "isd2": 1.191521275498482, "iss": 0.0017648074675500384, "leak": 0.22991488831256632, "ridge": 0.2252137398784006, "sr": 0.9}}