{"returned_dict": {"loss": 2.9967476875378405, "Accuracy": 0.5658002260173893, "F1": 0.36331487628051284, "Lev. sim.": 0.4335407684476338, "status": "ok", "start_time": 1615470838.427716, "duration": 41.12367224693298}, "current_params": {"N": 300, "isd": 0.20644119457746635, "isd2": 0.0003041582496968922, "iss": 0.05224614879795568, "leak": 0.00142674561799851, "ridge": 0.1018512090535964, "sr": 0.9}}