{"returned_dict": {"loss": 2.991587725987703, "Accuracy": 0.663090526330927, "F1": 0.47487360459086236, "Lev. sim.": 0.44788311740410214, "status": "ok", "start_time": 1615472724.398208, "duration": 30.247199058532715}, "current_params": {"N": 300, "isd": 0.062443766390101726, "isd2": 0.00818992217483637, "iss": 1.5380625527799543, "leak": 0.004852397453181065, "ridge": 8.748584283167463e-05, "sr": 0.9}}