{"returned_dict": {"loss": 2.993704013667101, "Accuracy": 0.557004597017732, "F1": 0.36322532366937904, "Lev. sim.": 0.43413746280187093, "status": "ok", "start_time": 1615468004.3570921, "duration": 50.35978889465332}, "current_params": {"N": 300, "isd": 0.03898592417674371, "isd2": 0.0014257145521696564, "iss": 0.0171709070632823, "leak": 0.0014255568976642798, "ridge": 3.6261140183905594e-06, "sr": 0.9}}