{"returned_dict": {"loss": 2.99435392296624, "Accuracy": 0.6659142834150391, "F1": 0.4714657300932674, "Lev. sim.": 0.41436923431257255, "status": "ok", "start_time": 1615469541.303798, "duration": 47.04234862327576}, "current_params": {"N": 300, "isd": 0.0014776244648184605, "isd2": 0.005985586509991584, "iss": 0.13155004239139356, "leak": 0.0056079714410529535, "ridge": 0.1965850842059594, "sr": 0.9}}