{"returned_dict": {"loss": 2.9947194413243934, "Accuracy": 0.6832914668380936, "F1": 0.4688079700928663, "Lev. sim.": 0.42676339269734137, "status": "ok", "start_time": 1615462142.833494, "duration": 46.72945475578308}, "current_params": {"N": 300, "isd": 5.116916972297665, "isd2": 0.22583867629393156, "iss": 0.00038306844298444017, "leak": 0.004043687329549574, "ridge": 0.012304230819839728, "sr": 0.9}}