{"returned_dict": {"loss": 2.9908768513969752, "Accuracy": 0.7019227940341751, "F1": 0.47933836094332766, "Lev. sim.": 0.43368848852387654, "status": "ok", "start_time": 1615459543.1118336, "duration": 42.50908184051514}, "current_params": {"N": 300, "isd": 0.7448923845881533, "isd2": 3.5831476267897773, "iss": 1.894107143085752e-05, "leak": 0.014984285813090284, "ridge": 3.878619527007116e-06, "sr": 0.9}}