{"returned_dict": {"loss": 3.008466128869201, "Accuracy": 0.647051730653333, "F1": 0.4495241695367693, "Lev. sim.": 0.4349254179413668, "status": "ok", "start_time": 1615460155.9507594, "duration": 41.38457202911377}, "current_params": {"N": 300, "isd": 0.0010458717601703913, "isd2": 0.09117785835329974, "iss": 5.789133713655466, "leak": 0.00584522864927162, "ridge": 0.0029470801289282686, "sr": 0.9}}