{"returned_dict": {"loss": 3.000177740011126, "Accuracy": 0.6338301265572378, "F1": 0.43235866443806126, "Lev. sim.": 0.41517726753199247, "status": "ok", "start_time": 1615468467.6174757, "duration": 54.52238488197327}, "current_params": {"N": 300, "isd": 8.959511746064035, "isd2": 0.0003177660036584302, "iss": 0.035421316861227084, "leak": 0.002887827957192841, "ridge": 0.0036334062773706187, "sr": 0.9}}