{"returned_dict": {"loss": 3.0025465528551907, "Accuracy": 0.5680379869290084, "F1": 0.3835286394680347, "Lev. sim.": 0.45380685939769566, "status": "ok", "start_time": 1615468573.4123302, "duration": 44.11747646331787}, "current_params": {"N": 300, "isd": 0.004382988141242381, "isd2": 0.00048099576244824024, "iss": 0.008820457220813921, "leak": 0.0019390522573105907, "ridge": 1.560239907443889e-08, "sr": 0.9}}