{"returned_dict": {"loss": 3.0074216657491495, "Accuracy": 0.6060143362535936, "F1": 0.4160370091978015, "Lev. sim.": 0.4097443049327901, "status": "ok", "start_time": 1615468973.8275366, "duration": 41.45927691459656}, "current_params": {"N": 300, "isd": 0.00028169600544469695, "isd2": 1.1387671660128253e-05, "iss": 0.011274172360744374, "leak": 0.003280389316214824, "ridge": 0.0021546593349015914, "sr": 0.9}}