{"returned_dict": {"loss": 3.009641600111531, "Accuracy": 0.5210854779049261, "F1": 0.34599430217457605, "Lev. sim.": 0.42939618202412655, "status": "ok", "start_time": 1615461646.2679327, "duration": 42.80773162841797}, "current_params": {"N": 300, "isd": 9.937346073067866e-05, "isd2": 0.0003620750686973789, "iss": 0.0005829549423357068, "leak": 0.0013756613695453353, "ridge": 7.285833787850292e-08, "sr": 0.9}}