{"returned_dict": {"loss": 3.0033527154932047, "Accuracy": 0.49401043568664316, "F1": 0.30483725520891436, "Lev. sim.": 0.4071450853411279, "status": "ok", "start_time": 1615468309.1669285, "duration": 47.44447326660156}, "current_params": {"N": 300, "isd": 2.834039897812474, "isd2": 0.05126032314293272, "iss": 0.07389061089097766, "leak": 0.0008892340522437795, "ridge": 0.028981969815047238, "sr": 0.9}}