{"returned_dict": {"loss": 3.016227680083972, "Accuracy": 0.6586069882928236, "F1": 0.4937293906714041, "Lev. sim.": 0.20338504079296466, "status": "ok", "start_time": 1615471531.265377, "duration": 43.9870662689209}, "current_params": {"N": 300, "isd": 4.966309913684682e-05, "isd2": 5.268846010955194e-05, "iss": 0.010940601280739759, "leak": 0.7493259633338881, "ridge": 5.168510626849105e-09, "sr": 0.9}}