{"returned_dict": {"loss": 3.0199796878238994, "Accuracy": 0.6569382214843978, "F1": 0.48066112813614337, "Lev. sim.": 0.20082190937015829, "status": "ok", "start_time": 1615472974.4678023, "duration": 42.70770287513733}, "current_params": {"N": 300, "isd": 0.004605319725434051, "isd2": 4.7130996083706834e-05, "iss": 0.054042277831180395, "leak": 0.5937614619594335, "ridge": 0.010486622192388094, "sr": 0.9}}