{"returned_dict": {"loss": 3.0196233185441, "Accuracy": 0.5988043795933073, "F1": 0.39264043877928834, "Lev. sim.": 0.4378490991413006, "status": "ok", "start_time": 1615469320.5520692, "duration": 43.73131537437439}, "current_params": {"N": 300, "isd": 3.5544742935533545e-05, "isd2": 0.952582963695019, "iss": 0.05115567044822088, "leak": 0.00275445580821504, "ridge": 0.006043849897094434, "sr": 0.9}}