{"returned_dict": {"loss": 3.01586432074743, "Accuracy": 0.6875649078426513, "F1": 0.5155807875787846, "Lev. sim.": 0.215555841047459, "status": "ok", "start_time": 1615467635.5614817, "duration": 59.25317573547363}, "current_params": {"N": 300, "isd": 0.0034366011582097344, "isd2": 0.000737640976746678, "iss": 0.35769853948079783, "leak": 0.4219486154253333, "ridge": 5.5453313396764194e-05, "sr": 0.9}}