{"returned_dict": {"loss": 3.020847682753429, "Accuracy": 0.4580168955363252, "F1": 0.26434567947352106, "Lev. sim.": 0.43491553163795843, "status": "ok", "start_time": 1615473238.1813762, "duration": 30.80774974822998}, "current_params": {"N": 300, "isd": 6.326223126832321, "isd2": 0.12310532969512396, "iss": 1.363997879589686, "leak": 0.0006502574866305257, "ridge": 0.003341019662102491, "sr": 0.9}}