{"returned_dict": {"loss": 3.020495972179756, "Accuracy": 0.6796072137897946, "F1": 0.5004740718800039, "Lev. sim.": 0.4457374844067239, "status": "ok", "start_time": 1615473526.0838656, "duration": 30.1174373626709}, "current_params": {"N": 300, "isd": 0.03407979630899737, "isd2": 0.0011577641263007387, "iss": 9.908967929353341, "leak": 0.006372650811221314, "ridge": 7.282157497248224e-08, "sr": 0.9}}