{"returned_dict": {"loss": 3.0292062774668187, "Accuracy": 0.6920552238255153, "F1": 0.45076208274249707, "Lev. sim.": 0.23873329674035793, "status": "ok", "start_time": 1615458443.967581, "duration": 51.706326484680176}, "current_params": {"N": 300, "isd": 0.0068996779918431205, "isd2": 2.8607161919184376, "iss": 0.011065119054453764, "leak": 0.3756398664505096, "ridge": 0.4170251731173456, "sr": 0.9}}