{"returned_dict": {"loss": 3.0251952093274084, "Accuracy": 0.6983297792552973, "F1": 0.4665064909392737, "Lev. sim.": 0.3273330261571523, "status": "ok", "start_time": 1615459494.059009, "duration": 49.05105471611023}, "current_params": {"N": 300, "isd": 0.00010837005947187371, "isd2": 0.00018503758831846606, "iss": 5.1858306222292224e-05, "leak": 0.0027995963345749885, "ridge": 0.00015828719035048343, "sr": 0.9}}