{"returned_dict": {"loss": 3.0309782498998254, "Accuracy": 0.5823207284010451, "F1": 0.3919077790770293, "Lev. sim.": 0.43384719642837066, "status": "ok", "start_time": 1615459075.9191391, "duration": 43.77457141876221}, "current_params": {"N": 300, "isd": 0.002528337065453192, "isd2": 1.18686471798695, "iss": 0.5356409490616902, "leak": 0.0034693723147535037, "ridge": 2.520764096515127e-05, "sr": 0.9}}