{"returned_dict": {"loss": 3.0340509072224693, "Accuracy": 0.6866162499773492, "F1": 0.4427790798430425, "Lev. sim.": 0.2362123389560861, "status": "ok", "start_time": 1615471966.851399, "duration": 43.03579497337341}, "current_params": {"N": 300, "isd": 0.0008034639629595671, "isd2": 6.680647355667513, "iss": 0.02338346174829251, "leak": 0.3634334529111827, "ridge": 2.7118580754277235e-09, "sr": 0.9}}