{"returned_dict": {"loss": 3.035136953108922, "Accuracy": 0.5362934375751003, "F1": 0.34240244257513364, "Lev. sim.": 0.3994144994414973, "status": "ok", "start_time": 1615473647.194797, "duration": 32.95808482170105}, "current_params": {"N": 300, "isd": 0.011154107718870293, "isd2": 0.08099308672475909, "iss": 1.098430550610952e-05, "leak": 0.0019215997418337216, "ridge": 1.3499765602256074e-09, "sr": 0.9}}