{"returned_dict": {"loss": 3.0348848446193597, "Accuracy": 0.5155650188727883, "F1": 0.33815377202332086, "Lev. sim.": 0.42503667742299545, "status": "ok", "start_time": 1615459947.9296455, "duration": 41.18948554992676}, "current_params": {"N": 300, "isd": 0.0015622387641204979, "isd2": 6.271402946229482e-05, "iss": 0.022211884353187553, "leak": 0.002064582627976239, "ridge": 0.0018416852517443806, "sr": 0.9}}