{"returned_dict": {"loss": 3.03102724570898, "Accuracy": 0.641060860845353, "F1": 0.41541504953209013, "Lev. sim.": 0.43191692557211353, "status": "ok", "start_time": 1615470249.483275, "duration": 42.73776364326477}, "current_params": {"N": 300, "isd": 7.959890212684167e-05, "isd2": 1.0358136422713158, "iss": 1.9136040920690946e-05, "leak": 0.00729656376181031, "ridge": 0.002451884843318341, "sr": 0.9}}