{"returned_dict": {"loss": 3.030136824907912, "Accuracy": 0.6981951574905353, "F1": 0.4312778545570337, "Lev. sim.": 0.29200164983968324, "status": "ok", "start_time": 1615473107.3249326, "duration": 36.655418395996094}, "current_params": {"N": 300, "isd": 0.00010301632097163641, "isd2": 0.003264660212811223, "iss": 2.867448163767687e-05, "leak": 0.9499576091515566, "ridge": 0.0015458904311684396, "sr": 0.9}}