{"returned_dict": {"loss": 3.0347797401694776, "Accuracy": 0.6461351686182149, "F1": 0.4275388565214634, "Lev. sim.": 0.3971541282113081, "status": "ok", "start_time": 1615469104.9627802, "duration": 44.80617022514343}, "current_params": {"N": 300, "isd": 1.147662471375582e-05, "isd2": 0.0008526234810139338, "iss": 8.689336213688611e-05, "leak": 0.002184078984114181, "ridge": 0.00012177874028254793, "sr": 0.9}}