{"returned_dict": {"loss": 3.0444237626201147, "Accuracy": 0.6494123338708859, "F1": 0.4622602478746927, "Lev. sim.": 0.44887184468667096, "status": "ok", "start_time": 1615458402.2855608, "duration": 41.67953538894653}, "current_params": {"N": 300, "isd": 0.028795561984804898, "isd2": 0.05707262810552565, "iss": 0.4722298576869264, "leak": 0.005147783565320654, "ridge": 4.160397993155129e-09, "sr": 0.9}}