{"returned_dict": {"loss": 3.0412271595419496, "Accuracy": 0.4819370362252201, "F1": 0.30237101516041065, "Lev. sim.": 0.4351537490339618, "status": "ok", "start_time": 1615472463.688623, "duration": 31.872389554977417}, "current_params": {"N": 300, "isd": 0.0026136607834458697, "isd2": 0.050843911077876974, "iss": 0.007858273132150883, "leak": 0.0012226392807154595, "ridge": 0.22973112720260455, "sr": 0.9}}