{"returned_dict": {"loss": 3.0410819078235765, "Accuracy": 0.5139036386931463, "F1": 0.3146123764708519, "Lev. sim.": 0.4080017533840323, "status": "ok", "start_time": 1615461774.0961025, "duration": 44.70766282081604}, "current_params": {"N": 300, "isd": 2.0902786992062916, "isd2": 0.16292402403111889, "iss": 2.437098785934143e-05, "leak": 0.0017248990889162604, "ridge": 1.304161253337406e-06, "sr": 0.9}}