{"returned_dict": {"loss": 3.040737878528892, "Accuracy": 0.5933591087213258, "F1": 0.38995852978066653, "Lev. sim.": 0.4007991228768983, "status": "ok", "start_time": 1615460032.4995735, "duration": 38.30223608016968}, "current_params": {"N": 300, "isd": 3.331360598295792e-05, "isd2": 0.00031510169693039873, "iss": 3.79387602165987, "leak": 0.004084096222256794, "ridge": 0.07309056653099356, "sr": 0.9}}