{"returned_dict": {"loss": 3.040333524001259, "Accuracy": 0.49653948297113537, "F1": 0.3179469271517902, "Lev. sim.": 0.3814286110862117, "status": "ok", "start_time": 1615458535.4172935, "duration": 40.67037892341614}, "current_params": {"N": 300, "isd": 5.029945650064783e-05, "isd2": 1.2569621607316165e-05, "iss": 0.0050107480033132245, "leak": 0.0015421602599053768, "ridge": 0.00491930953236151, "sr": 0.9}}