{"returned_dict": {"loss": 3.0440103469689053, "Accuracy": 0.5359920205341364, "F1": 0.34178471500597524, "Lev. sim.": 0.4360248772589056, "status": "ok", "start_time": 1615472694.258164, "duration": 30.13779854774475}, "current_params": {"N": 300, "isd": 0.03698329990857756, "isd2": 0.1466451317735284, "iss": 0.7678589882021594, "leak": 0.002927589866108549, "ridge": 3.8107570013810634e-05, "sr": 0.9}}