{"returned_dict": {"loss": 3.0496239008288195, "Accuracy": 0.4189881202349942, "F1": 0.23220064754207237, "Lev. sim.": 0.4333211452626734, "status": "ok", "start_time": 1615460070.803668, "duration": 41.81375288963318}, "current_params": {"N": 300, "isd": 1.4818091663828328, "isd2": 0.03374935849654163, "iss": 1.2698559153876863, "leak": 0.0009779565335514462, "ridge": 4.658538384877443e-08, "sr": 0.9}}