{"returned_dict": {"loss": 3.0471396596786566, "Accuracy": 0.4476564275329845, "F1": 0.2651735174584119, "Lev. sim.": 0.43878133722644674, "status": "ok", "start_time": 1615457658.8125281, "duration": 42.986348390579224}, "current_params": {"N": 300, "isd": 0.10780669687371151, "isd2": 0.014099526183173812, "iss": 0.1945445115308493, "leak": 0.0011766618045235212, "ridge": 5.728282894285001e-08, "sr": 0.9}}