{"returned_dict": {"loss": 3.04044732969013, "Accuracy": 0.4841444676231685, "F1": 0.29921391299792177, "Lev. sim.": 0.4072573571097255, "status": "ok", "start_time": 1615457614.2596657, "duration": 44.55099892616272}, "current_params": {"N": 300, "isd": 0.00994722444697099, "isd2": 0.02143555972466859, "iss": 0.0024692423369268367, "leak": 0.00018269980252606725, "ridge": 0.021847236583007763, "sr": 0.9}}