{"returned_dict": {"loss": 3.048122425914231, "Accuracy": 0.3867822708047073, "F1": 0.2062984019577787, "Lev. sim.": 0.42973340127081866, "status": "ok", "start_time": 1615459675.7863011, "duration": 42.9404993057251}, "current_params": {"N": 300, "isd": 5.394578586264787, "isd2": 0.0023618429838146173, "iss": 0.028442514392310665, "leak": 0.0005415306325661604, "ridge": 0.0001553248930918606, "sr": 0.9}}