{"returned_dict": {"loss": 3.047550923651646, "Accuracy": 0.4306506572337875, "F1": 0.25941341563866266, "Lev. sim.": 0.41187814731799427, "status": "ok", "start_time": 1615461103.1664104, "duration": 46.23609447479248}, "current_params": {"N": 300, "isd": 0.07959018396381895, "isd2": 8.441618000822184e-05, "iss": 0.0001633054556750374, "leak": 0.00021971685463923442, "ridge": 0.010930874631467897, "sr": 0.9}}