{"returned_dict": {"loss": 3.0474961824082127, "Accuracy": 0.6232123220023613, "F1": 0.427678815974507, "Lev. sim.": 0.20012454402150767, "status": "ok", "start_time": 1615461502.1710544, "duration": 56.00867247581482}, "current_params": {"N": 300, "isd": 0.0017125156481611965, "isd2": 0.11841887794663823, "iss": 2.4613507287469005, "leak": 0.6408454238632066, "ridge": 1.8528843334637772e-09, "sr": 0.9}}