{"returned_dict": {"loss": 3.044236148224031, "Accuracy": 0.6589197274842611, "F1": 0.4171753486573822, "Lev. sim.": 0.26075436770637384, "status": "ok", "start_time": 1615470909.8233845, "duration": 39.88192296028137}, "current_params": {"N": 300, "isd": 0.0037719706339237446, "isd2": 0.14448802352553192, "iss": 0.002479143588234282, "leak": 0.903228309159768, "ridge": 0.31116526902525804, "sr": 0.9}}