{"returned_dict": {"loss": 3.0534513003866044, "Accuracy": 0.49365321035427173, "F1": 0.2993595871426161, "Lev. sim.": 0.4209918583972076, "status": "ok", "start_time": 1615458357.475067, "duration": 44.808937788009644}, "current_params": {"N": 300, "isd": 0.004330647921674756, "isd2": 0.12384182121695367, "iss": 4.418368747736685e-05, "leak": 0.0016999526255368522, "ridge": 3.62355795764743e-07, "sr": 0.9}}