{"returned_dict": {"loss": 3.050539894215914, "Accuracy": 0.5578839099052206, "F1": 0.34087496446532134, "Lev. sim.": 0.2921693680029117, "status": "ok", "start_time": 1615471737.3506703, "duration": 37.63712286949158}, "current_params": {"N": 300, "isd": 3.764540460496394e-05, "isd2": 4.349862622573533e-05, "iss": 0.00010547654844588234, "leak": 0.00011884449937423461, "ridge": 2.412329618029427e-08, "sr": 0.9}}