{"returned_dict": {"loss": 3.053608812247061, "Accuracy": 0.5266580841074633, "F1": 0.33632508706246517, "Lev. sim.": 0.41257036279344483, "status": "ok", "start_time": 1615471437.032345, "duration": 30.396271467208862}, "current_params": {"N": 300, "isd": 8.348672198685388e-05, "isd2": 4.985312166929564e-05, "iss": 0.30963145423009214, "leak": 0.0025944068685237235, "ridge": 0.00012223807189131082, "sr": 0.9}}