{"returned_dict": {"loss": 3.058428321776951, "Accuracy": 0.4973910650983179, "F1": 0.2880010959691077, "Lev. sim.": 0.4175673160054319, "status": "ok", "start_time": 1615467589.2179916, "duration": 46.341484785079956}, "current_params": {"N": 300, "isd": 6.508970633800791, "isd2": 0.013043422534766444, "iss": 8.607604216137905e-05, "leak": 0.001439338714827929, "ridge": 0.0013903681041165976, "sr": 0.9}}