{"returned_dict": {"loss": 3.056652018843936, "Accuracy": 0.38822129889007284, "F1": 0.22560450161439335, "Lev. sim.": 0.4137677972029312, "status": "ok", "start_time": 1615469974.8229837, "duration": 42.279465436935425}, "current_params": {"N": 300, "isd": 0.006105844798978648, "isd2": 0.01120811586062317, "iss": 0.008422666240760683, "leak": 0.0003691581228118311, "ridge": 1.849856343290539e-06, "sr": 0.9}}