{"returned_dict": {"loss": 3.0530349203348845, "Accuracy": 0.3533821155457988, "F1": 0.18236227983643136, "Lev. sim.": 0.4255624827195862, "status": "ok", "start_time": 1615461237.5629244, "duration": 45.43315553665161}, "current_params": {"N": 300, "isd": 4.307450157391815, "isd2": 0.0015640140979745801, "iss": 0.025544821493379263, "leak": 0.0002509114253382471, "ridge": 7.936192540493152e-08, "sr": 0.9}}