{"returned_dict": {"loss": 3.057347674386463, "Accuracy": 0.3920585478962899, "F1": 0.2269907172419888, "Lev. sim.": 0.40577633508653105, "status": "ok", "start_time": 1615461373.0541723, "duration": 42.05577039718628}, "current_params": {"N": 300, "isd": 0.0011277990067802058, "isd2": 0.017677197622314927, "iss": 0.004637738348508079, "leak": 0.00040493873776149196, "ridge": 0.0003181935968879873, "sr": 0.9}}