{"returned_dict": {"loss": 3.051745409694459, "Accuracy": 0.48632122712530723, "F1": 0.27780060453030125, "Lev. sim.": 0.41200614124313156, "status": "ok", "start_time": 1615469825.1614726, "duration": 42.15724158287048}, "current_params": {"N": 300, "isd": 4.332061181353498, "isd2": 0.0010847013972644071, "iss": 0.00045397462595883566, "leak": 0.001204889470297688, "ridge": 0.008630768499281146, "sr": 0.9}}