{"returned_dict": {"loss": 3.066020370492241, "Accuracy": 0.48831484221924654, "F1": 0.2990316350337442, "Lev. sim.": 0.43032198324360893, "status": "ok", "start_time": 1615468834.4700933, "duration": 46.672714710235596}, "current_params": {"N": 300, "isd": 0.00043734821174881244, "isd2": 0.15864910024685047, "iss": 0.2894019510003793, "leak": 0.0021599822217566234, "ridge": 1.0344034992318333e-09, "sr": 0.9}}