{"returned_dict": {"loss": 3.064071977739868, "Accuracy": 0.5808844653221359, "F1": 0.36138236182823136, "Lev. sim.": 0.418342875642206, "status": "ok", "start_time": 1615461013.6976273, "duration": 45.25926995277405}, "current_params": {"N": 300, "isd": 0.12180334635279944, "isd2": 2.038701157205132, "iss": 1.4627244625004426e-05, "leak": 0.004961546459288628, "ridge": 0.0013678525514960378, "sr": 0.9}}