{"returned_dict": {"loss": 3.067757501261321, "Accuracy": 0.3520854991999414, "F1": 0.17685510147916966, "Lev. sim.": 0.41184165080390917, "status": "ok", "start_time": 1615462344.6247501, "duration": 5201.3748598098755}, "current_params": {"N": 300, "isd": 4.391234106900158, "isd2": 0.0002124163000051788, "iss": 0.00042253852499868886, "leak": 0.00024997002757498133, "ridge": 1.3335821500169177e-06, "sr": 0.9}}