{"returned_dict": {"loss": 3.0624156085632523, "Accuracy": 0.3604219361484234, "F1": 0.19017642807538307, "Lev. sim.": 0.42371892007385553, "status": "ok", "start_time": 1615473556.2036574, "duration": 30.78696370124817}, "current_params": {"N": 300, "isd": 1.1260235341046256, "isd2": 0.42305172952664566, "iss": 0.005793360429762211, "leak": 0.00018734670222589274, "ridge": 9.185343794238898e-09, "sr": 0.9}}