{"returned_dict": {"loss": 3.0668943213494324, "Accuracy": 0.39979568108903657, "F1": 0.23547848805581123, "Lev. sim.": 0.41895774231259664, "status": "ok", "start_time": 1615467694.8163996, "duration": 55.72997260093689}, "current_params": {"N": 300, "isd": 0.001491351555488773, "isd2": 0.0007756777124314161, "iss": 0.00780583533594097, "leak": 0.0004922270890512817, "ridge": 4.406047602608117e-08, "sr": 0.9}}