{"returned_dict": {"loss": 3.0601090029031797, "Accuracy": 0.5044248554645901, "F1": 0.30978935556234777, "Lev. sim.": 0.4194072022701444, "status": "ok", "start_time": 1615459450.5488515, "duration": 43.50823926925659}, "current_params": {"N": 300, "isd": 0.0036739442000985625, "isd2": 0.03589609003247888, "iss": 1.5727577204687921, "leak": 0.002308677592748216, "ridge": 0.03727095459966551, "sr": 0.9}}