{"returned_dict": {"loss": 3.062289911627839, "Accuracy": 0.4495882370522155, "F1": 0.26858343848595617, "Lev. sim.": 0.4032915593870453, "status": "ok", "start_time": 1615471112.560411, "duration": 30.703259468078613}, "current_params": {"N": 300, "isd": 0.0017148839947336738, "isd2": 0.004925194637572535, "iss": 0.06299668145852189, "leak": 0.001485489283533803, "ridge": 5.3291227102949e-05, "sr": 0.9}}