{"returned_dict": {"loss": 3.064695869525994, "Accuracy": 0.4426757751218256, "F1": 0.2662332196683016, "Lev. sim.": 0.3979429261452739, "status": "ok", "start_time": 1615460420.9787822, "duration": 43.22456169128418}, "current_params": {"N": 300, "isd": 0.0010933934723438524, "isd2": 0.0005540133945798705, "iss": 0.05117965382371853, "leak": 0.0013204678410334801, "ridge": 0.00231782712594494, "sr": 0.9}}