{"returned_dict": {"loss": 3.0671401750897602, "Accuracy": 0.3847804400973565, "F1": 0.2016942430699112, "Lev. sim.": 0.4136143769655911, "status": "ok", "start_time": 1615469194.4860768, "duration": 40.178704023361206}, "current_params": {"N": 300, "isd": 0.011104843936965482, "isd2": 8.048898440387469e-05, "iss": 0.05718148242139985, "leak": 0.0001401350470925412, "ridge": 0.0008269396562786913, "sr": 0.9}}