{"returned_dict": {"loss": 3.068271655015706, "Accuracy": 0.4264672493612022, "F1": 0.2541194430830994, "Lev. sim.": 0.44036519557059, "status": "ok", "start_time": 1615458144.8172078, "duration": 40.253541231155396}, "current_params": {"N": 300, "isd": 0.11491002386903255, "isd2": 0.000356941497846289, "iss": 2.5805825991747557, "leak": 0.0010587586574736278, "ridge": 6.309911273328658e-06, "sr": 0.9}}