{"returned_dict": {"loss": 3.0725575741598776, "Accuracy": 0.6520046951965586, "F1": 0.43415906834290263, "Lev. sim.": 0.1947237339064684, "status": "ok", "start_time": 1615469717.843211, "duration": 57.369373083114624}, "current_params": {"N": 300, "isd": 8.279791073230234, "isd2": 0.0008273808419294751, "iss": 0.016677402084103437, "leak": 0.4142698785341062, "ridge": 6.825290128817169e-06, "sr": 0.9}}