{"returned_dict": {"loss": 3.074973606104632, "Accuracy": 0.44840645981368715, "F1": 0.2619970011507328, "Lev. sim.": 0.4198750723528102, "status": "ok", "start_time": 1615471936.513915, "duration": 30.335391521453857}, "current_params": {"N": 300, "isd": 5.083075462894997e-05, "isd2": 1.7412036803059758, "iss": 1.8699155804453254, "leak": 0.0016739769848459387, "ridge": 0.0009448367325542508, "sr": 0.9}}