{"returned_dict": {"loss": 3.0755282049734207, "Accuracy": 0.4094360669965823, "F1": 0.24161219577818013, "Lev. sim.": 0.39145884686257026, "status": "ok", "start_time": 1615460636.233704, "duration": 39.487706899642944}, "current_params": {"N": 300, "isd": 0.0012214822092101987, "isd2": 0.0008046794172839264, "iss": 0.06779656735671565, "leak": 0.0010342330253811734, "ridge": 0.0001051767289942869, "sr": 0.9}}