{"returned_dict": {"loss": 3.07486673753821, "Accuracy": 0.43486098281610464, "F1": 0.24885509315321747, "Lev. sim.": 0.42910460669302114, "status": "ok", "start_time": 1615459779.219443, "duration": 37.993159770965576}, "current_params": {"N": 300, "isd": 7.213175102366821e-05, "isd2": 2.6704294361435066, "iss": 2.114319254012726, "leak": 0.0015921781481786322, "ridge": 0.006008077496274787, "sr": 0.9}}