{"returned_dict": {"loss": 3.073631096474345, "Accuracy": 0.40015905883131264, "F1": 0.21632655535864997, "Lev. sim.": 0.40448190207754164, "status": "ok", "start_time": 1615472943.0297024, "duration": 31.43578267097473}, "current_params": {"N": 300, "isd": 1.067932679682696, "isd2": 4.114505322799792, "iss": 0.07342278742882566, "leak": 0.0006980421957906505, "ridge": 2.0874639220086363e-09, "sr": 0.9}}