{"returned_dict": {"loss": 3.079818435522103, "Accuracy": 0.40141152789463347, "F1": 0.23409686322052772, "Lev. sim.": 0.34473955222541103, "status": "ok", "start_time": 1615468216.7391198, "duration": 48.05674624443054}, "current_params": {"N": 300, "isd": 2.2348500398801456e-05, "isd2": 0.00021267215017477066, "iss": 0.003118380761772494, "leak": 0.000571951191552065, "ridge": 2.160041514275814e-07, "sr": 0.9}}