{"returned_dict": {"loss": 3.0796034128736434, "Accuracy": 0.32910166435392163, "F1": 0.1596451045683988, "Lev. sim.": 0.41555314035531765, "status": "ok", "start_time": 1615472850.9166305, "duration": 30.463476419448853}, "current_params": {"N": 300, "isd": 1.9666175848534202, "isd2": 0.05020720193742024, "iss": 0.0003481834334181035, "leak": 0.00015612265364112142, "ridge": 1.780698223828082e-08, "sr": 0.9}}