{"returned_dict": {"loss": 3.078748206595429, "Accuracy": 0.4458302995342926, "F1": 0.25453215721652434, "Lev. sim.": 0.4207917571803229, "status": "ok", "start_time": 1615457701.8004494, "duration": 42.92514419555664}, "current_params": {"N": 300, "isd": 0.011035496785610728, "isd2": 0.2627631207906817, "iss": 4.692327823747263e-05, "leak": 0.0014002297829200747, "ridge": 9.504335546357715e-06, "sr": 0.9}}