{"returned_dict": {"loss": 3.0724515026189274, "Accuracy": 0.4861208801457666, "F1": 0.28178093249227054, "Lev. sim.": 0.4188742249805295, "status": "ok", "start_time": 1615459585.6226223, "duration": 46.38475704193115}, "current_params": {"N": 300, "isd": 0.13320410370747465, "isd2": 0.7811996715183509, "iss": 0.0016008317666772395, "leak": 0.0018663948028293737, "ridge": 3.613590817956961e-07, "sr": 0.9}}