{"returned_dict": {"loss": 3.07377851618135, "Accuracy": 0.4136052663586045, "F1": 0.22289048348946228, "Lev. sim.": 0.4072200983338119, "status": "ok", "start_time": 1615468790.040512, "duration": 44.42715287208557}, "current_params": {"N": 300, "isd": 0.9938361014144649, "isd2": 2.3537027394948455, "iss": 0.0010599966408036691, "leak": 0.0008809244857068958, "ridge": 7.378038314120327e-08, "sr": 0.9}}