{"returned_dict": {"loss": 3.075160418586711, "Accuracy": 0.426665077535895, "F1": 0.24709047232368775, "Lev. sim.": 0.4291227804121543, "status": "ok", "start_time": 1615470577.2284217, "duration": 42.97192144393921}, "current_params": {"N": 300, "isd": 2.706343167186943e-05, "isd2": 0.008218857669804437, "iss": 6.081447362390012e-05, "leak": 0.00012004466533134977, "ridge": 8.112414793195984e-06, "sr": 0.9}}