{"returned_dict": {"loss": 3.079742752881536, "Accuracy": 0.5715666040427283, "F1": 0.37944791873263795, "Lev. sim.": 0.18291266793580557, "status": "ok", "start_time": 1615469867.3218727, "duration": 60.128665924072266}, "current_params": {"N": 300, "isd": 0.26319147128724096, "isd2": 0.00014831386114169613, "iss": 1.5376288342575153, "leak": 0.7535247934531772, "ridge": 2.6104353205282375e-06, "sr": 0.9}}