{"returned_dict": {"loss": 3.0705294961565515, "Accuracy": 0.34790578980904036, "F1": 0.1805687915192117, "Lev. sim.": 0.4157564465997018, "status": "ok", "start_time": 1615473364.1898427, "duration": 30.334889888763428}, "current_params": {"N": 300, "isd": 0.17462360509199681, "isd2": 0.0012660243161994602, "iss": 0.12479428949661604, "leak": 0.0002552664333825392, "ridge": 3.226008715255614e-08, "sr": 0.9}}