{"returned_dict": {"loss": 3.0797585838743538, "Accuracy": 0.6222398191808088, "F1": 0.3867901125679809, "Lev. sim.": 0.4187595969117539, "status": "ok", "start_time": 1615458621.4779978, "duration": 50.51517868041992}, "current_params": {"N": 300, "isd": 1.4861780872666123e-05, "isd2": 0.003348520551622994, "iss": 1.2522170326146817e-05, "leak": 0.00400239923249082, "ridge": 0.061325620442260725, "sr": 0.9}}