{"returned_dict": {"loss": 3.070545481388682, "Accuracy": 0.3974633309007227, "F1": 0.22614455534481417, "Lev. sim.": 0.42002400528396644, "status": "ok", "start_time": 1615473394.5272439, "duration": 30.05387043952942}, "current_params": {"N": 300, "isd": 0.0028031016253100903, "isd2": 1.8251108603305266, "iss": 0.42732591861950864, "leak": 0.0009400535107912096, "ridge": 8.875975621478427e-06, "sr": 0.9}}