{"returned_dict": {"loss": 3.0782422937429876, "Accuracy": 0.6124480887016526, "F1": 0.3584264693003728, "Lev. sim.": 0.22820129280858276, "status": "ok", "start_time": 1615468106.7328744, "duration": 60.90193700790405}, "current_params": {"N": 300, "isd": 0.00045190404371510753, "isd2": 2.4590453009431035, "iss": 0.02698898660868454, "leak": 0.7506859748816709, "ridge": 0.0004037344429616683, "sr": 0.9}}