{"returned_dict": {"loss": 3.082538148862718, "Accuracy": 0.38755089443795926, "F1": 0.21556211172732764, "Lev. sim.": 0.42097836992728005, "status": "ok", "start_time": 1615461600.9979038, "duration": 45.26771950721741}, "current_params": {"N": 300, "isd": 3.894337357167475e-05, "isd2": 0.06958527282852907, "iss": 3.892595640937169e-05, "leak": 0.0004228016517194847, "ridge": 0.00013513525829807367, "sr": 0.9}}