{"returned_dict": {"loss": 3.0837917032512783, "Accuracy": 0.34436483216674757, "F1": 0.18672703591204948, "Lev. sim.": 0.4149127213648557, "status": "ok", "start_time": 1615458495.6757774, "duration": 39.739887952804565}, "current_params": {"N": 300, "isd": 0.00021392519140187635, "isd2": 0.15822250244193953, "iss": 0.01628718453522299, "leak": 0.00023412495010004955, "ridge": 0.00037957581804444343, "sr": 0.9}}