{"returned_dict": {"loss": 3.0839608120553375, "Accuracy": 0.4306836364738734, "F1": 0.25195057003257193, "Lev. sim.": 0.3991277924542108, "status": "ok", "start_time": 1615470704.8390405, "duration": 40.269511222839355}, "current_params": {"N": 300, "isd": 1.1142878786307259e-05, "isd2": 0.0019417379763646766, "iss": 0.0005869246362283275, "leak": 0.00027971663389009103, "ridge": 0.00014380405780311668, "sr": 0.9}}