{"returned_dict": {"loss": 3.086806716927772, "Accuracy": 0.4270920253677155, "F1": 0.25126208716755405, "Lev. sim.": 0.40180623594616927, "status": "ok", "start_time": 1615460851.6570702, "duration": 37.0013964176178}, "current_params": {"N": 300, "isd": 2.9643925507677177e-05, "isd2": 0.00044957445007375117, "iss": 1.1989608038556647, "leak": 0.0014672289301553595, "ridge": 0.0026477173177525968, "sr": 0.9}}