{"returned_dict": {"loss": 3.0812336756909393, "Accuracy": 0.38424319574393767, "F1": 0.20615516057107547, "Lev. sim.": 0.41770628024923856, "status": "ok", "start_time": 1615470486.4872656, "duration": 44.5669322013855}, "current_params": {"N": 300, "isd": 0.2650162886176642, "isd2": 0.0006725690391220247, "iss": 1.3134637890043223e-05, "leak": 0.0003378283165073209, "ridge": 0.0029871029025279197, "sr": 0.9}}