{"returned_dict": {"loss": 3.083101285483808, "Accuracy": 0.3292080183365588, "F1": 0.16375331901923879, "Lev. sim.": 0.409322797042419, "status": "ok", "start_time": 1615457870.9817202, "duration": 44.49441623687744}, "current_params": {"N": 300, "isd": 3.187216348531548, "isd2": 0.5752888448341194, "iss": 4.953312100446135e-05, "leak": 0.0001327851733502201, "ridge": 2.2118199380715416e-08, "sr": 0.9}}