{"returned_dict": {"loss": 3.0802978773638006, "Accuracy": 0.3526331665219772, "F1": 0.17294803383709315, "Lev. sim.": 0.40972115698003686, "status": "ok", "start_time": 1615460506.3814266, "duration": 43.67656993865967}, "current_params": {"N": 300, "isd": 8.70689752182121, "isd2": 2.0824602993315188e-05, "iss": 0.00018760154583384857, "leak": 0.00020473984931188607, "ridge": 8.895375307423538e-06, "sr": 0.9}}