{"returned_dict": {"loss": 3.083421293010928, "Accuracy": 0.3569518768437582, "F1": 0.1787167214835982, "Lev. sim.": 0.4072624601268157, "status": "ok", "start_time": 1615469498.7957373, "duration": 42.49876403808594}, "current_params": {"N": 300, "isd": 4.52896285907409, "isd2": 0.00033125567014753385, "iss": 5.9264665374968915e-05, "leak": 0.00023698098799647074, "ridge": 7.491613415962984e-06, "sr": 0.9}}