{"returned_dict": {"loss": 3.0953489280328537, "Accuracy": 0.413360067003533, "F1": 0.21779037303242338, "Lev. sim.": 0.41614465447075843, "status": "ok", "start_time": 1615467546.0017216, "duration": 43.21316146850586}, "current_params": {"N": 300, "isd": 1.2861571710153186, "isd2": 3.747477212145981e-05, "iss": 0.00017330045513878474, "leak": 0.0005647796787742709, "ridge": 0.2975745118644955, "sr": 0.9}}