{"returned_dict": {"loss": 3.092832220477363, "Accuracy": 0.33502070053850824, "F1": 0.17338393899530374, "Lev. sim.": 0.39269226484250963, "status": "ok", "start_time": 1615468054.7190664, "duration": 52.0118350982666}, "current_params": {"N": 300, "isd": 0.00021108971253046713, "isd2": 5.295725005572158, "iss": 0.3143781988782925, "leak": 0.00020398234419087305, "ridge": 1.0650069347956565e-09, "sr": 0.9}}