{"returned_dict": {"loss": 3.0966034513844183, "Accuracy": 0.35841415001634447, "F1": 0.19527814823231365, "Lev. sim.": 0.408448411840746, "status": "ok", "start_time": 1615469588.3484309, "duration": 42.77241897583008}, "current_params": {"N": 300, "isd": 0.004028617276565366, "isd2": 0.00010613491342511393, "iss": 0.03775315942828474, "leak": 0.0001667123669732456, "ridge": 1.0723497009154193e-07, "sr": 0.9}}