{"returned_dict": {"loss": 3.096808579402014, "Accuracy": 0.4222528304312938, "F1": 0.24952545012567798, "Lev. sim.": 0.39983536327600183, "status": "ok", "start_time": 1615461194.5698183, "duration": 42.99115538597107}, "current_params": {"N": 300, "isd": 6.393515910627456e-05, "isd2": 0.0015603803737048556, "iss": 0.7776151290797376, "leak": 0.0015288608259157578, "ridge": 1.27389538530029e-07, "sr": 0.9}}