{"returned_dict": {"loss": 3.092784838495386, "Accuracy": 0.34767511182030597, "F1": 0.17017642957166407, "Lev. sim.": 0.4164507010823998, "status": "ok", "start_time": 1615472754.6476715, "duration": 30.401423931121826}, "current_params": {"N": 300, "isd": 0.8281157575769489, "isd2": 0.19902899705114696, "iss": 0.00015776599864641082, "leak": 0.00011075759478563198, "ridge": 0.0009142403265688085, "sr": 0.9}}