{"returned_dict": {"loss": 3.0919622066256167, "Accuracy": 0.359182188615963, "F1": 0.1957602652442163, "Lev. sim.": 0.42922053003484484, "status": "ok", "start_time": 1615468746.4420688, "duration": 43.59628963470459}, "current_params": {"N": 300, "isd": 1.9499850286801933e-05, "isd2": 5.1561433486815025, "iss": 0.4131334602389797, "leak": 0.0003267537066949491, "ridge": 0.030244988729954344, "sr": 0.9}}