{"returned_dict": {"loss": 3.096516893820953, "Accuracy": 0.5438908891446428, "F1": 0.32761281672243064, "Lev. sim.": 0.40885631882150786, "status": "ok", "start_time": 1615460288.170892, "duration": 45.31766605377197}, "current_params": {"N": 300, "isd": 0.18511678210001692, "isd2": 3.7283569371187895, "iss": 1.5948678514946235e-05, "leak": 0.004067369422766659, "ridge": 0.24149384061912463, "sr": 0.9}}