{"returned_dict": {"loss": 3.0924847220122507, "Accuracy": 0.3513440923597878, "F1": 0.17606642014596213, "Lev. sim.": 0.4098756203719396, "status": "ok", "start_time": 1615468704.0941515, "duration": 42.345813512802124}, "current_params": {"N": 300, "isd": 0.2297637117814582, "isd2": 0.0009860865401607737, "iss": 0.45225816163719856, "leak": 0.00023706177793777713, "ridge": 0.045974805642679396, "sr": 0.9}}