{"returned_dict": {"loss": 3.0953367125193827, "Accuracy": 0.36663236143554273, "F1": 0.19473126959487125, "Lev. sim.": 0.4180014189852496, "status": "ok", "start_time": 1615471404.9298232, "duration": 32.100358724594116}, "current_params": {"N": 300, "isd": 0.4959520411333111, "isd2": 7.898096503629788, "iss": 0.05243679365683953, "leak": 0.0008378279595972478, "ridge": 3.627675378756041e-07, "sr": 0.9}}