{"returned_dict": {"loss": 3.0986187929306794, "Accuracy": 0.3212911395849875, "F1": 0.16394669448077215, "Lev. sim.": 0.3955522242604485, "status": "ok", "start_time": 1615460197.337602, "duration": 42.97468280792236}, "current_params": {"N": 300, "isd": 0.2611089103238684, "isd2": 0.33667552845444154, "iss": 1.7547037749183951, "leak": 0.00019025417128743343, "ridge": 4.411595901026427e-06, "sr": 0.9}}