{"returned_dict": {"loss": 3.097083925573476, "Accuracy": 0.3532226377813864, "F1": 0.17931124585183408, "Lev. sim.": 0.41207236550025195, "status": "ok", "start_time": 1615459247.480469, "duration": 45.73383712768555}, "current_params": {"N": 300, "isd": 1.9427489060277041, "isd2": 9.05097984865293, "iss": 0.06564434152767946, "leak": 0.000583851839536642, "ridge": 2.403056296253853e-06, "sr": 0.9}}