{"returned_dict": {"loss": 3.097948647165604, "Accuracy": 0.3933349002792197, "F1": 0.20705598332094133, "Lev. sim.": 0.42517841154132113, "status": "ok", "start_time": 1615472151.7676618, "duration": 31.192516088485718}, "current_params": {"N": 300, "isd": 0.00013064840604849916, "isd2": 0.9104053901510938, "iss": 0.0014464012118946175, "leak": 0.0010084072056277993, "ridge": 8.754071531091328e-09, "sr": 0.9}}