{"returned_dict": {"loss": 3.1099955705814106, "Accuracy": 0.32710224463415816, "F1": 0.15877253531311325, "Lev. sim.": 0.4159083570678278, "status": "ok", "start_time": 1615467750.5485942, "duration": 52.40542554855347}, "current_params": {"N": 300, "isd": 0.010577285602945978, "isd2": 0.4687936902156039, "iss": 0.0004732159421661965, "leak": 0.0003737026789015449, "ridge": 1.953826475389204e-05, "sr": 0.9}}