{"returned_dict": {"loss": 3.1087706450435926, "Accuracy": 0.3110131775923138, "F1": 0.15482008209109502, "Lev. sim.": 0.4001966143633321, "status": "ok", "start_time": 1615472432.5237772, "duration": 31.162638902664185}, "current_params": {"N": 300, "isd": 0.002380218018656463, "isd2": 0.746667607931224, "iss": 0.0044314718392586645, "leak": 0.0001639969215338732, "ridge": 1.4260785362799349e-08, "sr": 0.9}}