{"returned_dict": {"loss": 3.1064233319456624, "Accuracy": 0.31966588670744134, "F1": 0.16522730507054692, "Lev. sim.": 0.4123154016436545, "status": "ok", "start_time": 1615458720.5075653, "duration": 42.00763964653015}, "current_params": {"N": 300, "isd": 0.0005486880869399633, "isd2": 0.4026596106622964, "iss": 0.0023555009360244675, "leak": 0.00014310993455605577, "ridge": 3.4122024570626343e-06, "sr": 0.9}}