{"returned_dict": {"loss": 3.1057642157197605, "Accuracy": 0.43157745764437766, "F1": 0.24926047428369452, "Lev. sim.": 0.38649100223079336, "status": "ok", "start_time": 1615473774.1965327, "duration": 29.393887042999268}, "current_params": {"N": 300, "isd": 0.0003824576761573582, "isd2": 0.008038615258080294, "iss": 0.2051583456804733, "leak": 0.0011306615598655468, "ridge": 0.4737826566203219, "sr": 0.9}}