{"returned_dict": {"loss": 3.103334898267056, "Accuracy": 0.3559078606868009, "F1": 0.18825161216011588, "Lev. sim.": 0.3814423467576959, "status": "ok", "start_time": 1615473017.1778421, "duration": 29.3637535572052}, "current_params": {"N": 300, "isd": 9.329813562575806e-05, "isd2": 0.37619180840961364, "iss": 1.0815589662663818, "leak": 0.0007481620539617124, "ridge": 0.06644228844238066, "sr": 0.9}}