{"returned_dict": {"loss": 3.100178092993407, "Accuracy": 0.32395318990884037, "F1": 0.1695106870648544, "Lev. sim.": 0.399182296604231, "status": "ok", "start_time": 1615470796.0244796, "duration": 42.401028633117676}, "current_params": {"N": 300, "isd": 0.02478006283625675, "isd2": 9.909639043399766e-05, "iss": 7.625054341607125, "leak": 0.00023930915132600812, "ridge": 7.201205813681363e-05, "sr": 0.9}}