{"returned_dict": {"loss": 3.107390541847339, "Accuracy": 0.3437072415584366, "F1": 0.16775462850610737, "Lev. sim.": 0.4024778035216368, "status": "ok", "start_time": 1615470108.2539594, "duration": 44.8037588596344}, "current_params": {"N": 300, "isd": 5.806198281378123, "isd2": 6.767907820392756e-05, "iss": 1.3279101270461797e-05, "leak": 0.00032755910333334877, "ridge": 0.0012086085760966744, "sr": 0.9}}