{"returned_dict": {"loss": 3.1068670361575776, "Accuracy": 0.3165449327534346, "F1": 0.15713488377363377, "Lev. sim.": 0.41084129715273726, "status": "ok", "start_time": 1615471243.4585574, "duration": 30.245618104934692}, "current_params": {"N": 300, "isd": 0.0017805670421580872, "isd2": 1.0220115020581102, "iss": 0.005604561667587757, "leak": 0.00027534223381783465, "ridge": 6.274327305298056e-07, "sr": 0.9}}