{"returned_dict": {"loss": 3.1037788563791553, "Accuracy": 0.3574780264388956, "F1": 0.19600134670314293, "Lev. sim.": 0.4119942281432514, "status": "ok", "start_time": 1615468264.7978992, "duration": 44.36703038215637}, "current_params": {"N": 300, "isd": 0.10644064820298008, "isd2": 0.0024849416301869435, "iss": 6.528509320911537, "leak": 0.0003462907713485011, "ridge": 0.021483632357473824, "sr": 0.9}}