{"returned_dict": {"loss": 3.104794099266939, "Accuracy": 0.3725327863982747, "F1": 0.20556351443715046, "Lev. sim.": 0.37444242542639616, "status": "ok", "start_time": 1615460888.66032, "duration": 39.024539947509766}, "current_params": {"N": 300, "isd": 9.32779447859969e-05, "isd2": 4.664054477521776e-05, "iss": 0.11383096064081272, "leak": 0.00069245881443204, "ridge": 0.0017900158566320971, "sr": 0.9}}