{"returned_dict": {"loss": 3.1096739734671806, "Accuracy": 0.38442327312229213, "F1": 0.2252393106532578, "Lev. sim.": 0.3458404193465296, "status": "ok", "start_time": 1615468167.636729, "duration": 49.100313663482666}, "current_params": {"N": 300, "isd": 0.00010335283790684242, "isd2": 0.00023447969452427644, "iss": 0.0049475138056531524, "leak": 0.00047622542021479085, "ridge": 1.5075196302558611e-06, "sr": 0.9}}