{"returned_dict": {"loss": 3.102208195872799, "Accuracy": 0.34282774623265777, "F1": 0.18343101506927134, "Lev. sim.": 0.388975758393077, "status": "ok", "start_time": 1615462102.7062747, "duration": 40.12288570404053}, "current_params": {"N": 300, "isd": 4.0160733857675666e-05, "isd2": 0.019212192674324557, "iss": 0.5534279532562898, "leak": 0.0005295653745361478, "ridge": 0.00018560036675934993, "sr": 0.9}}