{"returned_dict": {"loss": 3.112714573322447, "Accuracy": 0.3099101173625066, "F1": 0.15599392977204013, "Lev. sim.": 0.36230955172120155, "status": "ok", "start_time": 1615472665.491306, "duration": 28.764615297317505}, "current_params": {"N": 300, "isd": 0.0032551615763682807, "isd2": 1.101386198527639, "iss": 1.9189594338368015, "leak": 0.00038903204571933244, "ridge": 8.623621724395628e-06, "sr": 0.9}}