{"returned_dict": {"loss": 3.1111530199657693, "Accuracy": 0.3411990147946685, "F1": 0.18402650769710827, "Lev. sim.": 0.37647413857618883, "status": "ok", "start_time": 1615458185.072482, "duration": 39.24681091308594}, "current_params": {"N": 300, "isd": 0.00023723251806401433, "isd2": 0.003299359101398583, "iss": 8.325041509871122, "leak": 0.0007070435097416662, "ridge": 1.2539559562840971e-08, "sr": 0.9}}