{"returned_dict": {"loss": 3.114321822698094, "Accuracy": 0.3723376141149227, "F1": 0.1787242082743342, "Lev. sim.": 0.4019884579083799, "status": "ok", "start_time": 1615459989.1209261, "duration": 43.37681341171265}, "current_params": {"N": 300, "isd": 4.876156082270148, "isd2": 0.0022667372034209654, "iss": 3.4968995780484744, "leak": 0.00017908900308031793, "ridge": 0.21016374217162917, "sr": 0.9}}