{"returned_dict": {"loss": 3.1148666039299, "Accuracy": 0.3310338457948053, "F1": 0.17065159378207095, "Lev. sim.": 0.3587304024122627, "status": "ok", "start_time": 1615473335.3005056, "duration": 28.886924028396606}, "current_params": {"N": 300, "isd": 2.055441100226377e-05, "isd2": 0.001119498741593829, "iss": 1.0521462613194181, "leak": 0.0005822324568133753, "ridge": 2.0154936893665208e-08, "sr": 0.9}}