{"returned_dict": {"loss": 3.1195960920361325, "Accuracy": 0.30941005187296194, "F1": 0.16204672969237494, "Lev. sim.": 0.3898998938296553, "status": "ok", "start_time": 1615471640.4307036, "duration": 31.78765892982483}, "current_params": {"N": 300, "isd": 0.0020705829088223113, "isd2": 2.2779216275973232e-05, "iss": 1.6477411289165746, "leak": 0.00013160504993443996, "ridge": 3.734889518278429e-09, "sr": 0.9}}