{"returned_dict": {"loss": 3.1138347277802625, "Accuracy": 0.32675408890638474, "F1": 0.1585380176477756, "Lev. sim.": 0.39653872269586166, "status": "ok", "start_time": 1615470949.7073014, "duration": 31.13846516609192}, "current_params": {"N": 300, "isd": 0.10816374928223024, "isd2": 0.820503661873164, "iss": 0.001607038597440397, "leak": 0.00028985021762491307, "ridge": 3.0246638944081115e-07, "sr": 0.9}}