{"returned_dict": {"loss": 3.1136329699215386, "Accuracy": 0.3295278766122178, "F1": 0.17646096477888287, "Lev. sim.": 0.34483730198107043, "status": "ok", "start_time": 1615472527.4618342, "duration": 29.125746488571167}, "current_params": {"N": 300, "isd": 0.000563930549192889, "isd2": 0.00010020817347897153, "iss": 2.1594034318719624, "leak": 0.0004953925257191888, "ridge": 4.9773827504582424e-08, "sr": 0.9}}