{"returned_dict": {"loss": 3.112848021968661, "Accuracy": 0.3383846081836843, "F1": 0.16556844792712272, "Lev. sim.": 0.4154493567601385, "status": "ok", "start_time": 1615469275.7321029, "duration": 44.817596673965454}, "current_params": {"N": 300, "isd": 0.5046878687888368, "isd2": 1.3029411703183256, "iss": 0.00013363913027068393, "leak": 0.00019302422048071005, "ridge": 0.00011823404621591886, "sr": 0.9}}