{"returned_dict": {"loss": 3.1122570510667265, "Accuracy": 0.3540314446867293, "F1": 0.18128739994630763, "Lev. sim.": 0.42382644000603287, "status": "ok", "start_time": 1615472556.596659, "duration": 30.945884466171265}, "current_params": {"N": 300, "isd": 1.2878527494340394e-05, "isd2": 0.21373548692805724, "iss": 3.315062043200365e-05, "leak": 0.0004335516405891327, "ridge": 1.7224908394816244e-06, "sr": 0.9}}