{"returned_dict": {"loss": 3.119970965302512, "Accuracy": 0.5593646783388577, "F1": 0.3195335975445504, "Lev. sim.": 0.2908146666759317, "status": "ok", "start_time": 1615461818.8057039, "duration": 48.77304220199585}, "current_params": {"N": 300, "isd": 7.438241322264452e-05, "isd2": 0.0006711953055190929, "iss": 3.496156974183761e-05, "leak": 0.0019031358046600754, "ridge": 0.0008581532054253116, "sr": 0.9}}