{"returned_dict": {"loss": 3.11435943309563, "Accuracy": 0.3496008885946906, "F1": 0.17756972251123543, "Lev. sim.": 0.41325875353739344, "status": "ok", "start_time": 1615468617.5316992, "duration": 44.568164587020874}, "current_params": {"N": 300, "isd": 0.0006907902601793113, "isd2": 2.127552268616083, "iss": 0.0025433821895225876, "leak": 0.0007266893524066893, "ridge": 4.183935575587857e-06, "sr": 0.9}}