{"returned_dict": {"loss": 3.112631082722462, "Accuracy": 0.31675717807972986, "F1": 0.1560618889823958, "Lev. sim.": 0.397389878094567, "status": "ok", "start_time": 1615460972.5137484, "duration": 41.182002544403076}, "current_params": {"N": 300, "isd": 0.49692846107068805, "isd2": 3.8306784201218935, "iss": 0.04723402890261233, "leak": 0.00024407520118733818, "ridge": 5.088674299661386e-05, "sr": 0.9}}