{"returned_dict": {"loss": 3.1176120503366898, "Accuracy": 0.5589050174590993, "F1": 0.29724339211937284, "Lev. sim.": 0.2740183178047582, "status": "ok", "start_time": 1615462004.048481, "duration": 48.337249517440796}, "current_params": {"N": 300, "isd": 0.004533324046458419, "isd2": 0.00212017896672169, "iss": 4.46267332070146e-05, "leak": 0.00011162135641712554, "ridge": 0.004381139054854782, "sr": 0.9}}