{"returned_dict": {"loss": 3.1235751507915004, "Accuracy": 0.5846234422984846, "F1": 0.3741913242542091, "Lev. sim.": 0.19981751893652086, "status": "ok", "start_time": 1615472315.7802215, "duration": 44.260587215423584}, "current_params": {"N": 300, "isd": 0.00640672878519337, "isd2": 5.902091389042768, "iss": 2.5886142884251508e-05, "leak": 0.17710502730645936, "ridge": 2.9969688095602597e-09, "sr": 0.9}}