{"returned_dict": {"loss": 3.124345149218609, "Accuracy": 0.6023969541206661, "F1": 0.4274709791571574, "Lev. sim.": 0.17123894894668704, "status": "ok", "start_time": 1615459718.7284951, "duration": 60.48925852775574}, "current_params": {"N": 300, "isd": 0.5756223756128902, "isd2": 1.2332364020030385e-05, "iss": 0.0002487365392352879, "leak": 0.33915650354551324, "ridge": 0.00043571608150117896, "sr": 0.9}}