{"returned_dict": {"loss": 3.1267590088789885, "Accuracy": 0.31165978569607583, "F1": 0.14784656157674556, "Lev. sim.": 0.4083403024948395, "status": "ok", "start_time": 1615461328.2022736, "duration": 44.85003995895386}, "current_params": {"N": 300, "isd": 2.1853598163428568e-05, "isd2": 5.043277029873772, "iss": 0.010712382326305806, "leak": 0.00031232718844471046, "ridge": 0.0035768112649610523, "sr": 0.9}}