{"returned_dict": {"loss": 3.126626871100752, "Accuracy": 0.358981334008635, "F1": 0.16835549909005437, "Lev. sim.": 0.4094060606038992, "status": "ok", "start_time": 1615471172.5931456, "duration": 31.23830223083496}, "current_params": {"N": 300, "isd": 2.4287831731645664, "isd2": 0.08950927968636162, "iss": 0.005606656450088511, "leak": 0.00010003839058793662, "ridge": 0.06279674871530234, "sr": 0.9}}