{"returned_dict": {"loss": 3.1302848286474605, "Accuracy": 0.3202874896843456, "F1": 0.15205277685365184, "Lev. sim.": 0.4086953200030202, "status": "ok", "start_time": 1615471305.3060343, "duration": 32.189459800720215}, "current_params": {"N": 300, "isd": 0.000654715363501693, "isd2": 1.963218990711868, "iss": 0.0003453415754827205, "leak": 0.0004241739950921374, "ridge": 0.00024091172501475723, "sr": 0.9}}