{"returned_dict": {"loss": 3.1328609299451733, "Accuracy": 0.2915932189354594, "F1": 0.14311827317148026, "Lev. sim.": 0.3405837642270008, "status": "ok", "start_time": 1615471143.2659252, "duration": 29.32515835762024}, "current_params": {"N": 300, "isd": 2.235852726263977e-05, "isd2": 0.0018188471446357623, "iss": 1.7883209257810735, "leak": 0.00017992903312454635, "ridge": 1.5817803772391591e-09, "sr": 0.9}}