{"returned_dict": {"loss": 3.138954720873707, "Accuracy": 0.29315936404888726, "F1": 0.13692204056944474, "Lev. sim.": 0.4161984734956615, "status": "ok", "start_time": 1615469631.1230633, "duration": 45.089174032211304}, "current_params": {"N": 300, "isd": 0.03523336311188542, "isd2": 4.050072551786296, "iss": 0.0005674691258484724, "leak": 0.0002635423656396121, "ridge": 2.7096585046986914e-09, "sr": 0.9}}