{"returned_dict": {"loss": 3.1465950059557777, "Accuracy": 0.4192398383234428, "F1": 0.20773932605628334, "Lev. sim.": 0.4126584451101592, "status": "ok", "start_time": 1615460718.3630757, "duration": 43.51369261741638}, "current_params": {"N": 300, "isd": 0.17905833856705056, "isd2": 0.0034240476028037153, "iss": 0.00019067898419792182, "leak": 0.0003023236264260931, "ridge": 0.9590597553769303, "sr": 0.9}}