{"returned_dict": {"loss": 3.1702413357671664, "Accuracy": 0.3170092198740571, "F1": 0.16573153919951378, "Lev. sim.": 0.33155435117674903, "status": "ok", "start_time": 1615472254.4786093, "duration": 29.030486345291138}, "current_params": {"N": 300, "isd": 1.0713604344794122e-05, "isd2": 2.373603102405077e-05, "iss": 0.14004443257826807, "leak": 0.0003453537661031279, "ridge": 1.48214798747628e-07, "sr": 0.9}}