{"returned_dict": {"loss": 3.179539092735806, "Accuracy": 0.4006589655093523, "F1": 0.19009670284241756, "Lev. sim.": 0.38120683833102975, "status": "ok", "start_time": 1615472009.8897138, "duration": 32.88685917854309}, "current_params": {"N": 300, "isd": 0.007250604717453629, "isd2": 0.0005463505396008878, "iss": 0.005016202150555731, "leak": 0.00017341923776908688, "ridge": 0.7649685991514699, "sr": 0.9}}