{"returned_dict": {"loss": 3.192424069484324, "Accuracy": 0.5035819916158454, "F1": 0.3722975885427583, "Lev. sim.": 0.1621086810162357, "status": "ok", "start_time": 1615472619.192248, "duration": 46.29685020446777}, "current_params": {"N": 300, "isd": 5.712557130982893, "isd2": 0.03635603522957351, "iss": 3.123665049799472e-05, "leak": 0.29270682491810945, "ridge": 4.816831498923538e-07, "sr": 0.9}}