{"returned_dict": {"loss": 3.2039238690951692, "Accuracy": 0.3841990944439116, "F1": 0.17063458729772457, "Lev. sim.": 0.3729406681678046, "status": "ok", "start_time": 1615468356.6142223, "duration": 52.2078423500061}, "current_params": {"N": 300, "isd": 0.0007738580286388175, "isd2": 0.013801436251305501, "iss": 8.17222798918764e-05, "leak": 0.00018582318527828425, "ridge": 0.04762598816911677, "sr": 0.9}}