{"returned_dict": {"loss": 3.2020687133284795, "Accuracy": 0.2984026421758944, "F1": 0.14510731280190864, "Lev. sim.": 0.3267748528927278, "status": "ok", "start_time": 1615467960.0540802, "duration": 44.30101943016052}, "current_params": {"N": 300, "isd": 0.0002592889993622061, "isd2": 0.00014752439565795064, "iss": 0.46623476760234256, "leak": 0.00017002661914670197, "ridge": 1.0505975540188762e-09, "sr": 0.9}}