{"returned_dict": {"loss": 3.2186216797277565, "Accuracy": 0.3375962323105508, "F1": 0.1334499176113995, "Lev. sim.": 0.24436294216856366, "status": "ok", "start_time": 1615471575.2547688, "duration": 32.5126588344574}, "current_params": {"N": 300, "isd": 5.549470170434006e-05, "isd2": 1.369612824686989e-05, "iss": 0.002154516945956453, "leak": 0.00011399536742352125, "ridge": 0.13052622326780722, "sr": 0.9}}