{"returned_dict": {"loss": 3.2465874138885598, "Accuracy": 0.306421844572009, "F1": 0.15606102763952376, "Lev. sim.": 0.372681726070717, "status": "ok", "start_time": 1615471907.3425515, "duration": 29.169268369674683}, "current_params": {"N": 300, "isd": 0.00013588860286269932, "isd2": 0.04518202545215078, "iss": 0.7573050525228749, "leak": 0.000204047637122317, "ridge": 1.8959738836632334e-09, "sr": 0.9}}