{"returned_dict": {"loss": 3.243535939463117, "Accuracy": 0.40412083352494343, "F1": 0.23451332799246566, "Lev. sim.": 0.1668326621929242, "status": "ok", "start_time": 1615462283.5939896, "duration": 61.0279815196991}, "current_params": {"N": 300, "isd": 1.2508199204953794, "isd2": 0.6516258133642173, "iss": 0.0005154761415067295, "leak": 0.9258463619722709, "ridge": 1.7696356242136537e-05, "sr": 0.9}}