{"returned_dict": {"loss": 3.2594804601395095, "Accuracy": 0.288885922701886, "F1": 0.0902003668033153, "Lev. sim.": 0.37603014991130157, "status": "ok", "start_time": 1615461957.4793465, "duration": 46.5666446685791}, "current_params": {"N": 300, "isd": 2.462748314657169e-05, "isd2": 0.00867358095642857, "iss": 3.34372938671624e-05, "leak": 0.0001250835210574603, "ridge": 0.03797891171677452, "sr": 0.9}}