{"returned_dict": {"loss": 3.3182496766037843, "Accuracy": 0.27891589401287115, "F1": 0.11763185153151696, "Lev. sim.": 0.16392655748150728, "status": "ok", "start_time": 1615459336.1204371, "duration": 64.23962593078613}, "current_params": {"N": 300, "isd": 3.7705911758017344e-05, "isd2": 1.0153526631665628, "iss": 2.395373124336784e-05, "leak": 0.9983285916750244, "ridge": 0.042005849197260324, "sr": 0.9}}