{
  "returned_dict": {
    "loss": 2.705149847908907,
    "Accuracy": 0.9034785354938023,
    "F1": 0.8140279127255111,
    "Lev. sim.": 0.5056943641019472,
    "status": "ok",
    "start_time": 1614608605.1192124,
    "duration": 33.915552854537964
  },
  "current_params": {
    "N": 300,
    "isd": 0.00994722444697099,
    "isd2": 0.02143555972466859,
    "iss": 0.0024692423369268367,
    "leak": 0.1,
    "ridge": 3.880705403725021e-09,
    "sr": 0.78150364469505
  }
}