{"returned_dict": {"loss": 2.7139760696822366, "Accuracy": 0.888255766291201, "F1": 0.7846525571861346, "Lev. sim.": 0.4986606901777426, "status": "ok", "start_time": 1614610705.8996089, "duration": 33.42134499549866}, "current_params": {"N": 300, "isd": 0.0017131835288978054, "isd2": 0.0043022217176452255, "iss": 0.0005618515257018516, "leak": 0.1, "ridge": 1.1140641169579952e-08, "sr": 0.00029788887101965625}}