{"returned_dict": {"loss": 2.715870775226409, "Accuracy": 0.9036012192593909, "F1": 0.8077975974332668, "Lev. sim.": 0.501260436999797, "status": "ok", "start_time": 1614611571.0773733, "duration": 35.149375677108765}, "current_params": {"N": 300, "isd": 0.012932586075201914, "isd2": 0.012647401184498992, "iss": 0.0005310397366880529, "leak": 0.1, "ridge": 0.04446545340813093, "sr": 5.917206371631015e-05}}