{"returned_dict": {"loss": 2.7269330821264193, "Accuracy": 0.8858923644679104, "F1": 0.7832733824696704, "Lev. sim.": 0.4984411396827796, "status": "ok", "start_time": 1614613548.5633357, "duration": 33.08443808555603}, "current_params": {"N": 300, "isd": 1.147662471375582e-05, "isd2": 0.0008526234810139338, "iss": 8.689336213688611e-05, "leak": 0.1, "ridge": 1.031225787925489e-06, "sr": 0.0245686325393556}}