{"returned_dict": {"loss": 2.7274397992242223, "Accuracy": 0.8747430633574542, "F1": 0.7761661919366524, "Lev. sim.": 0.4952638188863728, "status": "ok", "start_time": 1614614551.5883768, "duration": 33.05357027053833}, "current_params": {"N": 300, "isd": 1.2899677845476733e-05, "isd2": 0.011484242603493004, "iss": 0.0007962434747995263, "leak": 0.1, "ridge": 0.016191040831853645, "sr": 1.7816885998410428e-05}}