{"returned_dict": {"loss": 2.7221617102825957, "Accuracy": 0.8910422104961013, "F1": 0.7872342779568315, "Lev. sim.": 0.49018238399440606, "status": "ok", "start_time": 1614615570.43655, "duration": 33.63099646568298}, "current_params": {"N": 300, "isd": 0.0061527823655534095, "isd2": 0.00021058504417955216, "iss": 0.0013559447265302695, "leak": 0.1, "ridge": 0.0015774966104550455, "sr": 7.028057350268958e-05}}