{"returned_dict": {"loss": 2.7268292892564845, "Accuracy": 0.8936698067610139, "F1": 0.7891614527828199, "Lev. sim.": 0.49468054796786987, "status": "ok", "start_time": 1614617594.6944008, "duration": 34.168816328048706}, "current_params": {"N": 300, "isd": 0.0008634106484800587, "isd2": 0.001257517478715224, "iss": 9.74880927489348e-05, "leak": 0.1, "ridge": 0.0004805542042140237, "sr": 0.009794278143767165}}