{"returned_dict": {"loss": 2.7274097041482745, "Accuracy": 0.885837546722172, "F1": 0.778800717633033, "Lev. sim.": 0.4948867711489262, "status": "ok", "start_time": 1614619189.9266403, "duration": 38.34973502159119}, "current_params": {"N": 300, "isd": 0.0010493073377392905, "isd2": 0.0006866299744030373, "iss": 0.0005717593846558072, "leak": 0.1, "ridge": 0.0050511655420644504, "sr": 0.016237204523240584}}