{"returned_dict": {"loss": 2.7218713301863695, "Accuracy": 0.893228670808502, "F1": 0.7881825234150759, "Lev. sim.": 0.49014110641525893, "status": "ok", "start_time": 1614615466.5547962, "duration": 34.398977518081665}, "current_params": {"N": 300, "isd": 0.008998561944990586, "isd2": 0.004276022843789868, "iss": 0.0024725826089488775, "leak": 0.1, "ridge": 9.880404772007316e-09, "sr": 4.263767351971491e-05}}