{"returned_dict": {"loss": 2.730737819160074, "Accuracy": 0.8964351484541255, "F1": 0.7952972316405791, "Lev. sim.": 0.4998951277481082, "status": "ok", "start_time": 1614616168.8152218, "duration": 33.96459436416626}, "current_params": {"N": 300, "isd": 0.028704136471596305, "isd2": 0.0012296533417267346, "iss": 0.0059950219395834385, "leak": 0.1, "ridge": 9.437126679643726e-09, "sr": 0.43946287475494444}}