{"returned_dict": {"loss": 2.7309573578510573, "Accuracy": 0.8847211404782355, "F1": 0.7782551287183661, "Lev. sim.": 0.4878345892758119, "status": "ok", "start_time": 1614618083.594995, "duration": 34.343613147735596}, "current_params": {"N": 300, "isd": 0.0014649073841157443, "isd2": 0.0002137441294634021, "iss": 0.0007007892173358851, "leak": 0.1, "ridge": 2.6678454130137098e-08, "sr": 0.04420842446960136}}