{"returned_dict": {"loss": 2.7350200495613444, "Accuracy": 0.8737515501526929, "F1": 0.7688266032839959, "Lev. sim.": 0.4997982043767041, "status": "ok", "start_time": 1614614800.0052094, "duration": 33.69017314910889}, "current_params": {"N": 300, "isd": 1.1142878786307259e-05, "isd2": 0.0019417379763646766, "iss": 0.0005869246362283275, "leak": 0.1, "ridge": 1.0118500556931295e-08, "sr": 0.02744821418554136}}