{"returned_dict": {"loss": 2.7340465182225935, "Accuracy": 0.9003098808728984, "F1": 0.8095168885896834, "Lev. sim.": 0.49343374438798326, "status": "ok", "start_time": 1614608922.450875, "duration": 33.59891176223755}, "current_params": {"N": 300, "isd": 0.04271139730674362, "isd2": 0.00031282050947054117, "iss": 0.0013918289014447402, "leak": 0.1, "ridge": 4.82460303338637e-08, "sr": 0.02542087345380699}}