{"returned_dict": {"loss": 2.739603892710125, "Accuracy": 0.8819852681798827, "F1": 0.7730663331001972, "Lev. sim.": 0.4928311014527729, "status": "ok", "start_time": 1614608990.955465, "duration": 35.90367364883423}, "current_params": {"N": 300, "isd": 0.00020815355619848436, "isd2": 1.8064280188342666e-05, "iss": 0.00012276996610286188, "leak": 0.1, "ridge": 1.376633605851951e-06, "sr": 0.034893675723224604}}