{"returned_dict": {"loss": 2.734079716203432, "Accuracy": 0.9012675947801533, "F1": 0.8112740533567353, "Lev. sim.": 0.4950042053881519, "status": "ok", "start_time": 1614608852.3387935, "duration": 34.619569301605225}, "current_params": {"N": 300, "isd": 0.030162066001744762, "isd2": 0.00019442696564787968, "iss": 0.0006487539912013651, "leak": 0.1, "ridge": 1.7115328276445633e-09, "sr": 0.15638263826272755}}