{"returned_dict": {"loss": 2.7326274313440737, "Accuracy": 0.8900813148597682, "F1": 0.7855649330705441, "Lev. sim.": 0.4944514562615825, "status": "ok", "start_time": 1614612001.505524, "duration": 34.519362688064575}, "current_params": {"N": 300, "isd": 7.438241322264452e-05, "isd2": 0.0006711953055190929, "iss": 3.496156974183761e-05, "leak": 0.1, "ridge": 7.564966424831036e-07, "sr": 0.09030460264900968}}