{"returned_dict": {"loss": 2.735268344585163, "Accuracy": 0.8901921319603986, "F1": 0.8025554710484293, "Lev. sim.": 0.5061251546070522, "status": "ok", "start_time": 1614609961.153813, "duration": 33.71360993385315}, "current_params": {"N": 300, "isd": 0.0003318807832039473, "isd2": 4.6904421342823665e-05, "iss": 0.00042140563423558524, "leak": 0.1, "ridge": 0.0045346768953863645, "sr": 0.7403683286345233}}