{"returned_dict": {"loss": 2.73364903434034, "Accuracy": 0.8819634049168332, "F1": 0.7751529926424086, "Lev. sim.": 0.48689850460871104, "status": "ok", "start_time": 1614610604.2889428, "duration": 33.472015380859375}, "current_params": {"N": 300, "isd": 0.0013645840516572478, "isd2": 0.0001652647261332282, "iss": 0.0005697901277763889, "leak": 0.1, "ridge": 0.010316962122609219, "sr": 0.0002782695630358371}}