{"returned_dict": {"loss": 2.7368506850691867, "Accuracy": 0.8676311664669942, "F1": 0.7639317948977076, "Lev. sim.": 0.4943457847317645, "status": "ok", "start_time": 1614617476.7430148, "duration": 46.39636993408203}, "current_params": {"N": 300, "isd": 5.59635798488522e-05, "isd2": 0.001961977243552743, "iss": 0.00017163508547373446, "leak": 0.1, "ridge": 7.366441062466836e-05, "sr": 0.0014212981569952413}}