{"returned_dict": {"loss": 2.748784656794645, "Accuracy": 0.8769476397231433, "F1": 0.7679480082051728, "Lev. sim.": 0.4849210794350058, "status": "ok", "start_time": 1614608779.1607468, "duration": 34.40761089324951}, "current_params": {"N": 300, "isd": 0.002342805358441255, "isd2": 9.049603932183947e-05, "iss": 0.0019808960783802296, "leak": 0.1, "ridge": 4.3521036197599706e-06, "sr": 2.2051700274309395e-05}}