{"returned_dict": {"loss": 2.7462495390887858, "Accuracy": 0.8898560538757991, "F1": 0.7831616468528159, "Lev. sim.": 0.48774831784072, "status": "ok", "start_time": 1614615147.5005195, "duration": 33.946311950683594}, "current_params": {"N": 300, "isd": 0.045455052880983886, "isd2": 0.0005476397438884256, "iss": 0.008898357711294682, "leak": 0.1, "ridge": 0.0002729774978677307, "sr": 0.0009807102523684604}}