{"returned_dict": {"loss": 2.7425584861218497, "Accuracy": 0.8847683447325873, "F1": 0.7767416027279568, "Lev. sim.": 0.4916288412589226, "status": "ok", "start_time": 1614610109.3050008, "duration": 34.44417691230774}, "current_params": {"N": 300, "isd": 0.00010837005947187371, "isd2": 0.00018503758831846606, "iss": 5.1858306222292224e-05, "leak": 0.1, "ridge": 1.8028711393351025e-06, "sr": 0.029261540094582553}}