{"returned_dict": {"loss": 2.7473209371561884, "Accuracy": 0.8944786503321707, "F1": 0.7980048553133094, "Lev. sim.": 0.5070507442058926, "status": "ok", "start_time": 1614612106.5800774, "duration": 34.025999784469604}, "current_params": {"N": 300, "isd": 2.462748314657169e-05, "isd2": 0.00867358095642857, "iss": 3.34372938671624e-05, "leak": 0.1, "ridge": 1.6546274329753683e-09, "sr": 1.1298696524381997}}