{"returned_dict": {"loss": 2.743195748832601, "Accuracy": 0.8679580115951172, "F1": 0.7597346749771313, "Lev. sim.": 0.4948830238879813, "status": "ok", "start_time": 1614609825.740627, "duration": 33.19399881362915}, "current_params": {"N": 300, "isd": 0.0001496655425861766, "isd2": 0.002083396284719534, "iss": 9.528012398853328e-05, "leak": 0.1, "ridge": 7.0268450853937595e-06, "sr": 1.1520839149444306e-05}}