{"returned_dict": {"loss": 2.7481466565966155, "Accuracy": 0.8885875717808119, "F1": 0.779901184381748, "Lev. sim.": 0.4849586026664851, "status": "ok", "start_time": 1614611177.1236365, "duration": 34.22230362892151}, "current_params": {"N": 300, "isd": 0.037304561941140936, "isd2": 1.3494791229615325e-05, "iss": 0.00902850104097361, "leak": 0.1, "ridge": 8.056198444971025e-08, "sr": 2.0889543217471218e-05}}