{"returned_dict": {"loss": 2.7416335843541075, "Accuracy": 0.8988989731904713, "F1": 0.8107357120171453, "Lev. sim.": 0.505290688195208, "status": "ok", "start_time": 1614612996.7513406, "duration": 32.67608046531677}, "current_params": {"N": 300, "isd": 0.0007738580286388175, "isd2": 0.013801436251305501, "iss": 8.17222798918764e-05, "leak": 0.1, "ridge": 4.031575297834254e-09, "sr": 1.3139010705660776}}