{"returned_dict": {"loss": 2.7480161642868497, "Accuracy": 0.8892560059090029, "F1": 0.7937924350201624, "Lev. sim.": 0.5002975699792135, "status": "ok", "start_time": 1614616614.062988, "duration": 36.16635465621948}, "current_params": {"N": 300, "isd": 0.0026136607834458697, "isd2": 0.050843911077876974, "iss": 0.007858273132150883, "leak": 0.1, "ridge": 2.795253985475995e-07, "sr": 3.7509956658275474}}