{"returned_dict": {"loss": 2.744577721160474, "Accuracy": 0.8649322238093611, "F1": 0.7566030410117126, "Lev. sim.": 0.4947985399825116, "status": "ok", "start_time": 1614613515.4733255, "duration": 33.08804941177368}, "current_params": {"N": 300, "isd": 0.0001469990072045741, "isd2": 0.0028983990773615367, "iss": 0.0011426530685845588, "leak": 0.1, "ridge": 2.8485740743409103e-06, "sr": 0.003904351445332291}}