{"returned_dict": {"loss": 2.758750500421137, "Accuracy": 0.8864353000216771, "F1": 0.7821052990930478, "Lev. sim.": 0.48441266035839287, "status": "ok", "start_time": 1614612140.6092336, "duration": 35.05528497695923}, "current_params": {"N": 300, "isd": 0.004533324046458419, "isd2": 0.00212017896672169, "iss": 4.46267332070146e-05, "leak": 0.1, "ridge": 1.2806528354933035e-09, "sr": 0.2677470482966194}}