{"returned_dict": {"loss": 2.7550541821222234, "Accuracy": 0.8658988519995223, "F1": 0.7535838990765031, "Lev. sim.": 0.49407415271578314, "status": "ok", "start_time": 1614611854.1397872, "duration": 34.24525260925293}, "current_params": {"N": 300, "isd": 9.937346073067866e-05, "isd2": 0.0003620750686973789, "iss": 0.0005829549423357068, "leak": 0.1, "ridge": 3.644609217482707e-07, "sr": 0.00017444271591375349}}