{"returned_dict": {"loss": 2.7511594498728407, "Accuracy": 0.8783262972575171, "F1": 0.7709458087574708, "Lev. sim.": 0.4871011569653844, "status": "ok", "start_time": 1614618437.6834838, "duration": 33.703532457351685}, "current_params": {"N": 300, "isd": 0.00016584064483942648, "isd2": 6.584544564509394e-05, "iss": 0.0003351025973280772, "leak": 0.1, "ridge": 7.1419474092999976e-09, "sr": 0.03446967907609544}}