{"returned_dict": {"loss": 2.759627338485712, "Accuracy": 0.8812455516445601, "F1": 0.7892627669551662, "Lev. sim.": 0.49535612267018114, "status": "ok", "start_time": 1614614289.75701, "duration": 33.55537819862366}, "current_params": {"N": 300, "isd": 0.0028581232776965474, "isd2": 0.00044987508893118335, "iss": 0.003803794898742829, "leak": 0.1, "ridge": 0.018109953445202946, "sr": 2.1079860621035205}}