{"returned_dict": {"loss": 2.7546315985054526, "Accuracy": 0.8889664666576886, "F1": 0.7793946679772049, "Lev. sim.": 0.48896510855583325, "status": "ok", "start_time": 1614618049.3937557, "duration": 34.19888424873352}, "current_params": {"N": 300, "isd": 0.12702557041376972, "isd2": 0.012211680425039449, "iss": 0.019836773540011357, "leak": 0.1, "ridge": 0.0015862877625846719, "sr": 0.007076390779180162}}