{"returned_dict": {"loss": 2.7576492145822558, "Accuracy": 0.8908581437907983, "F1": 0.7828568632400948, "Lev. sim.": 0.4881593272634306, "status": "ok", "start_time": 1614611067.478443, "duration": 33.52219271659851}, "current_params": {"N": 300, "isd": 1.2353371301055125, "isd2": 0.2446821703780669, "iss": 0.12308296937730294, "leak": 0.1, "ridge": 0.0002382862134970323, "sr": 0.1175035184770148}}