{"returned_dict": {"loss": 2.752151566080559, "Accuracy": 0.8778821624997661, "F1": 0.794535356247459, "Lev. sim.": 0.49663004900187274, "status": "ok", "start_time": 1614611926.932527, "duration": 33.84744572639465}, "current_params": {"N": 300, "isd": 0.00010007314363596467, "isd2": 0.00010876660047902338, "iss": 0.0019779723000151067, "leak": 0.1, "ridge": 0.002633024980375614, "sr": 0.9746164808560074}}