{"returned_dict": {"loss": 2.75314437911687, "Accuracy": 0.8897308169041054, "F1": 0.7797528028574641, "Lev. sim.": 0.4890647846525648, "status": "ok", "start_time": 1614618257.1834786, "duration": 34.42631006240845}, "current_params": {"N": 300, "isd": 0.20953953747763304, "isd2": 0.09425342963823206, "iss": 0.031361341902804304, "leak": 0.1, "ridge": 0.0006009125117182272, "sr": 0.00024575558571787574}}