{"returned_dict": {"loss": 2.751783607216768, "Accuracy": 0.8713917393616113, "F1": 0.7665874799086417, "Lev. sim.": 0.4940567044243503, "status": "ok", "start_time": 1614611644.784094, "duration": 33.818320989608765}, "current_params": {"N": 300, "isd": 0.0011277990067802058, "isd2": 0.017677197622314927, "iss": 0.004637738348508079, "leak": 0.1, "ridge": 2.3260871426933753e-08, "sr": 0.04660805258812053}}