{"returned_dict": {"loss": 2.753246383818556, "Accuracy": 0.8705752281714492, "F1": 0.7688747160193938, "Lev. sim.": 0.49702927049550105, "status": "ok", "start_time": 1614610782.091765, "duration": 33.24781322479248}, "current_params": {"N": 300, "isd": 8.750485904099278e-05, "isd2": 0.028339240691767208, "iss": 0.0051613803919754835, "leak": 0.1, "ridge": 0.19666135912503027, "sr": 0.0038741095988982874}}