{"returned_dict": {"loss": 2.753918037348728, "Accuracy": 0.8724226633253058, "F1": 0.761488652077684, "Lev. sim.": 0.4884238099207634, "status": "ok", "start_time": 1614615847.1206203, "duration": 34.47220182418823}, "current_params": {"N": 300, "isd": 3.764540460496394e-05, "isd2": 4.349862622573533e-05, "iss": 0.00010547654844588234, "leak": 0.1, "ridge": 1.474697494804744e-09, "sr": 8.348807214143247e-05}}