{"returned_dict": {"loss": 2.767771847495925, "Accuracy": 0.8820195341761122, "F1": 0.7647920041018155, "Lev. sim.": 0.47913550185817416, "status": "ok", "start_time": 1614612760.1198766, "duration": 34.61483430862427}, "current_params": {"N": 300, "isd": 0.03898592417674371, "isd2": 0.0014257145521696564, "iss": 0.0171709070632823, "leak": 0.1, "ridge": 3.9488010233605286e-07, "sr": 0.002360266109653839}}