{"returned_dict": {"loss": 2.762663952490306, "Accuracy": 0.859562382805335, "F1": 0.7523128999054634, "Lev. sim.": 0.49341552567011, "status": "ok", "start_time": 1614619032.8555868, "duration": 38.588871717453}, "current_params": {"N": 300, "isd": 1.7301483167024882e-05, "isd2": 0.004035310358351373, "iss": 0.002772600279762081, "leak": 0.1, "ridge": 2.3233787446568088e-05, "sr": 0.0019232771343727602}}