{"returned_dict": {"loss": 2.764586604695089, "Accuracy": 0.8924189183214928, "F1": 0.7901399565908902, "Lev. sim.": 0.4881990832007327, "status": "ok", "start_time": 1614618368.0803497, "duration": 35.18956923484802}, "current_params": {"N": 300, "isd": 0.23737395485855606, "isd2": 0.0007407382888911442, "iss": 0.009185641252333222, "leak": 0.1, "ridge": 1.836514550131511e-05, "sr": 0.006037607458278303}}