{"returned_dict": {"loss": 2.766285159393275, "Accuracy": 0.869040045361227, "F1": 0.757126775920782, "Lev. sim.": 0.47632792923540296, "status": "ok", "start_time": 1614609615.3007305, "duration": 35.854570150375366}, "current_params": {"N": 300, "isd": 0.0004099483939174395, "isd2": 0.00015950946390891964, "iss": 0.0012130544536296478, "leak": 0.1, "ridge": 0.5323893363027783, "sr": 8.193603664755781e-05}}