{"returned_dict": {"loss": 2.7638591529678402, "Accuracy": 0.8869403944312474, "F1": 0.7727129865428091, "Lev. sim.": 0.4886241580520596, "status": "ok", "start_time": 1614614902.4404852, "duration": 33.590556144714355}, "current_params": {"N": 300, "isd": 0.20644119457746635, "isd2": 0.0003041582496968922, "iss": 0.05224614879795568, "leak": 0.1, "ridge": 3.95621360006579e-07, "sr": 2.180942048991326}}