{"returned_dict": {"loss": 2.764137293417653, "Accuracy": 0.8730598936319656, "F1": 0.7609716676954605, "Lev. sim.": 0.4905049090351117, "status": "ok", "start_time": 1614612036.0273032, "duration": 34.25835299491882}, "current_params": {"N": 300, "isd": 0.029543456738498074, "isd2": 0.196377614644718, "iss": 0.016119390886032262, "leak": 0.1, "ridge": 0.003312541388283088, "sr": 0.00014171465639188679}}