{"returned_dict": {"loss": 2.769409322816972, "Accuracy": 0.8683479435877773, "F1": 0.7637855356856624, "Lev. sim.": 0.4830910267234364, "status": "ok", "start_time": 1614617628.8657858, "duration": 35.538613080978394}, "current_params": {"N": 300, "isd": 0.0003700986539820379, "isd2": 5.999615421884083e-05, "iss": 0.0022654935966134283, "leak": 0.1, "ridge": 0.3449283631048679, "sr": 0.20421814932902302}}