{"returned_dict": {"loss": 2.7617992419755337, "Accuracy": 0.8939800863662193, "F1": 0.7976532180425429, "Lev. sim.": 0.48414571958111663, "status": "ok", "start_time": 1614614255.7851624, "duration": 33.96257948875427}, "current_params": {"N": 300, "isd": 0.09730129248241375, "isd2": 0.0008374562685043324, "iss": 0.0024336841907740964, "leak": 0.1, "ridge": 0.0011354478356722527, "sr": 0.009885149857277897}}