{"returned_dict": {"loss": 2.7648727547000065, "Accuracy": 0.875825281472717, "F1": 0.7600413449484683, "Lev. sim.": 0.4837961099498346, "status": "ok", "start_time": 1614614221.9350922, "duration": 33.847970724105835}, "current_params": {"N": 300, "isd": 0.006105844798978648, "isd2": 0.01120811586062317, "iss": 0.008422666240760683, "leak": 0.1, "ridge": 1.88898263274618e-08, "sr": 0.0015069262636240967}}