{"returned_dict": {"loss": 2.7685239636392933, "Accuracy": 0.8556932876531519, "F1": 0.7452809000344569, "Lev. sim.": 0.49162181263405047, "status": "ok", "start_time": 1614615881.5949047, "duration": 33.67175912857056}, "current_params": {"N": 300, "isd": 6.100949787524138e-05, "isd2": 0.0009977656435861397, "iss": 0.0017083800781125616, "leak": 0.1, "ridge": 0.0009777764897187086, "sr": 2.0063931321099783e-05}}