{"returned_dict": {"loss": 2.7695508760634935, "Accuracy": 0.8828819035539333, "F1": 0.7676543986643287, "Lev. sim.": 0.4832102242850286, "status": "ok", "start_time": 1614616984.7822976, "duration": 38.404780864715576}, "current_params": {"N": 300, "isd": 0.03678763300705848, "isd2": 0.00018708681791489135, "iss": 0.02069468760907299, "leak": 0.1, "ridge": 0.00022331155834127986, "sr": 0.5597635733840163}}