{"returned_dict": {"loss": 2.7686511453853573, "Accuracy": 0.8677976515075791, "F1": 0.7563774145310286, "Lev. sim.": 0.49464986108801157, "status": "ok", "start_time": 1614609318.3219151, "duration": 34.147900104522705}, "current_params": {"N": 300, "isd": 0.00021392519140187635, "isd2": 0.15822250244193953, "iss": 0.01628718453522299, "leak": 0.1, "ridge": 6.780431301335022e-09, "sr": 0.0524242659063528}}