{"returned_dict": {"loss": 2.768676813805503, "Accuracy": 0.8835979349139528, "F1": 0.7669059203145273, "Lev. sim.": 0.4888091760858077, "status": "ok", "start_time": 1614614001.8360045, "duration": 33.68056797981262}, "current_params": {"N": 300, "isd": 0.028214561174952402, "isd2": 1.311069837661659e-05, "iss": 0.017621495487279534, "leak": 0.1, "ridge": 0.001967477272453304, "sr": 0.7655538529630708}}