{"returned_dict": {"loss": 2.761842786185654, "Accuracy": 0.8827456450689846, "F1": 0.7503389442287416, "Lev. sim.": 0.47416362256145517, "status": "ok", "start_time": 1614615040.8149202, "duration": 34.347172498703}, "current_params": {"N": 300, "isd": 0.002527741179391127, "isd2": 0.0005964658654527909, "iss": 5.555549480841276e-05, "leak": 0.1, "ridge": 0.0004122680823212215, "sr": 0.005400014030738075}}