{"returned_dict": {"loss": 2.7635496833405258, "Accuracy": 0.8758943890142259, "F1": 0.7609058855799413, "Lev. sim.": 0.4781297838642308, "status": "ok", "start_time": 1614615955.6852548, "duration": 34.82707118988037}, "current_params": {"N": 300, "isd": 0.005542501406415373, "isd2": 0.00013766477743682774, "iss": 0.005154477679637931, "leak": 0.1, "ridge": 0.296845594438464, "sr": 0.033368660674217544}}