{"returned_dict": {"loss": 2.7756666519867634, "Accuracy": 0.8735852670423458, "F1": 0.7581686677845904, "Lev. sim.": 0.48924512274323256, "status": "ok", "start_time": 1614613029.4296148, "duration": 32.79193115234375}, "current_params": {"N": 300, "isd": 0.4837994892746211, "isd2": 2.0424737164272213, "iss": 0.1180424541445589, "leak": 0.1, "ridge": 0.3414355511064152, "sr": 0.0008798769268289902}}