{"returned_dict": {"loss": 2.7730344025393427, "Accuracy": 0.8605597547761065, "F1": 0.7461093916386426, "Lev. sim.": 0.48716468266716884, "status": "ok", "start_time": 1614611714.3014371, "duration": 34.18204998970032}, "current_params": {"N": 300, "isd": 1.078388699868904e-05, "isd2": 2.6137717107744954e-05, "iss": 0.0003611906790137023, "leak": 0.1, "ridge": 0.00017073160561016944, "sr": 1.905186807343577e-05}}