{"returned_dict": {"loss": 2.7736507263679195, "Accuracy": 0.8838626867312239, "F1": 0.7751736126915924, "Lev. sim.": 0.4625934007605729, "status": "ok", "start_time": 1614612070.2876866, "duration": 36.29052734375}, "current_params": {"N": 300, "isd": 0.016144794809590027, "isd2": 0.00580007291813976, "iss": 8.392239882644226e-05, "leak": 0.1, "ridge": 1.159992928753698e-08, "sr": 0.19469152508874715}}