{"returned_dict": {"loss": 2.7755550060152165, "Accuracy": 0.8800690679451341, "F1": 0.7579595036690783, "Lev. sim.": 0.47280969838762815, "status": "ok", "start_time": 1614610036.8635035, "duration": 34.96769905090332}, "current_params": {"N": 300, "isd": 3.184212063667566, "isd2": 0.00039218771400457986, "iss": 0.8777341457252882, "leak": 0.1, "ridge": 0.16479441584720766, "sr": 0.0024639863824267557}}