{"returned_dict": {"loss": 2.7702085117648627, "Accuracy": 0.8755364147626707, "F1": 0.7588018704334989, "Lev. sim.": 0.47545288212947756, "status": "ok", "start_time": 1614617101.6339283, "duration": 46.473729372024536}, "current_params": {"N": 300, "isd": 0.008351737554644, "isd2": 0.00012386033128752584, "iss": 0.007661360034392267, "leak": 0.1, "ridge": 0.0006964470734773259, "sr": 0.001380128431429315}}