{"returned_dict": {"loss": 2.7714355662492562, "Accuracy": 0.8817736705223436, "F1": 0.7627873040807785, "Lev. sim.": 0.4780636078630004, "status": "ok", "start_time": 1614617559.733691, "duration": 34.95838403701782}, "current_params": {"N": 300, "isd": 6.326223126832321, "isd2": 0.12310532969512396, "iss": 1.363997879589686, "leak": 0.1, "ridge": 6.752149701099652e-08, "sr": 0.22348721711231775}}