{"returned_dict": {"loss": 2.777421738343542, "Accuracy": 0.8756213533057704, "F1": 0.7387429153213195, "Lev. sim.": 0.4662582508846175, "status": "ok", "start_time": 1614610963.2462049, "duration": 34.59802436828613}, "current_params": {"N": 300, "isd": 0.0026810586218601533, "isd2": 9.253065035130918e-05, "iss": 6.667311146081108e-05, "leak": 0.1, "ridge": 0.020249847167238797, "sr": 9.253339871799618e-05}}