{"returned_dict": {"loss": 2.7777750294099013, "Accuracy": 0.8751140809764848, "F1": 0.7648805544981804, "Lev. sim.": 0.4854956687630165, "status": "ok", "start_time": 1614616307.5553029, "duration": 33.718786001205444}, "current_params": {"N": 300, "isd": 0.0401791557665511, "isd2": 0.18692236048332014, "iss": 0.005595106442178577, "leak": 0.1, "ridge": 0.05302643428170826, "sr": 0.002594066598057126}}