{"returned_dict": {"loss": 2.773081065563221, "Accuracy": 0.8710338643884807, "F1": 0.7553510688044207, "Lev. sim.": 0.49098756289047163, "status": "ok", "start_time": 1614608956.0513937, "duration": 34.902355909347534}, "current_params": {"N": 300, "isd": 0.05130103147506955, "isd2": 0.7749712878873929, "iss": 0.0788475449820828, "leak": 0.1, "ridge": 0.0002442946237095213, "sr": 4.442960029465806}}