{"returned_dict": {"loss": 2.771914246016152, "Accuracy": 0.8575173703029589, "F1": 0.7296888606293583, "Lev. sim.": 0.4842796546817797, "status": "ok", "start_time": 1614609757.5071642, "duration": 34.703063011169434}, "current_params": {"N": 300, "isd": 0.00010349820354412092, "isd2": 0.008124891770941946, "iss": 6.820811288152522e-05, "leak": 0.1, "ridge": 0.020564584872220754, "sr": 0.006614890893911458}}