{"returned_dict": {"loss": 2.7722415727001324, "Accuracy": 0.8639718945492968, "F1": 0.7509109834335274, "Lev. sim.": 0.4779266719065193, "status": "ok", "start_time": 1614615705.9462433, "duration": 33.64305329322815}, "current_params": {"N": 300, "isd": 6.317859619103362e-05, "isd2": 6.274544569786158e-05, "iss": 0.0022025917641869445, "leak": 0.1, "ridge": 0.0007083061498847634, "sr": 0.003941782003369751}}