{"returned_dict": {"loss": 2.778673078934174, "Accuracy": 0.8742432879564687, "F1": 0.7389383336270647, "Lev. sim.": 0.45643295276194984, "status": "ok", "start_time": 1614613787.3434198, "duration": 34.66356658935547}, "current_params": {"N": 300, "isd": 0.0023868081313926366, "isd2": 0.0001156374197150559, "iss": 3.023650961733935e-05, "leak": 0.1, "ridge": 0.0005274528687382155, "sr": 0.005866416200703754}}