{"returned_dict": {"loss": 2.7732895797688406, "Accuracy": 0.8824605148547466, "F1": 0.7693271301850041, "Lev. sim.": 0.48623412525627174, "status": "ok", "start_time": 1614615075.1642802, "duration": 33.591026306152344}, "current_params": {"N": 300, "isd": 0.03637741085612332, "isd2": 1.7816214655960436e-05, "iss": 0.023097609851490657, "leak": 0.1, "ridge": 0.04119389862879738, "sr": 0.9384402483222247}}