{"returned_dict": {"loss": 2.7752628486081883, "Accuracy": 0.8555906528809647, "F1": 0.726468128339868, "Lev. sim.": 0.48118018199510726, "status": "ok", "start_time": 1614614698.225193, "duration": 33.43153405189514}, "current_params": {"N": 300, "isd": 2.706343167186943e-05, "isd2": 0.008218857669804437, "iss": 6.081447362390012e-05, "leak": 0.1, "ridge": 1.5084170986059367e-09, "sr": 0.004037384383810597}}