{"returned_dict": {"loss": 2.7793005141553744, "Accuracy": 0.878669888542593, "F1": 0.7568010695107577, "Lev. sim.": 0.4749201278844791, "status": "ok", "start_time": 1614613203.6480575, "duration": 34.09469485282898}, "current_params": {"N": 300, "isd": 0.0975645264630714, "isd2": 0.016752284079507036, "iss": 0.04656487125617944, "leak": 0.1, "ridge": 1.4101123011712471e-05, "sr": 0.0003375959708244907}}