{"returned_dict": {"loss": 2.7714290405283433, "Accuracy": 0.8907548022490628, "F1": 0.7851010010591484, "Lev. sim.": 0.489712940687878, "status": "ok", "start_time": 1614616237.2530339, "duration": 32.97686505317688}, "current_params": {"N": 300, "isd": 8.759937306184323, "isd2": 2.4777752788390535, "iss": 0.40766836858533445, "leak": 0.1, "ridge": 1.9475111511328395e-07, "sr": 0.12431944911171941}}