{"returned_dict": {"loss": 2.7749677751397774, "Accuracy": 0.8671112481485661, "F1": 0.7522336674213748, "Lev. sim.": 0.47876903359496187, "status": "ok", "start_time": 1614618471.389381, "duration": 34.42572021484375}, "current_params": {"N": 300, "isd": 0.0002812298652505639, "isd2": 0.0001976140648985218, "iss": 0.0007835892731420046, "leak": 0.1, "ridge": 0.6524549193147877, "sr": 0.0003928901573236548}}