{"returned_dict": {"loss": 2.78678442555876, "Accuracy": 0.8628092154537118, "F1": 0.742944268184867, "Lev. sim.": 0.488730846725285, "status": "ok", "start_time": 1614611783.0235066, "duration": 34.17423415184021}, "current_params": {"N": 300, "isd": 0.18443926004757893, "isd2": 5.94195827806667, "iss": 0.3049168161663249, "leak": 0.1, "ridge": 0.025396836821881423, "sr": 0.28384509277893316}}