{"returned_dict": {"loss": 2.781309644707281, "Accuracy": 0.8821413505291483, "F1": 0.7750591919954817, "Lev. sim.": 0.4915395736510809, "status": "ok", "start_time": 1614612175.6665032, "duration": 34.91813373565674}, "current_params": {"N": 300, "isd": 0.00012507445404416666, "isd2": 0.09590804498023914, "iss": 0.0015709780852344458, "leak": 0.1, "ridge": 0.347421410698131, "sr": 1.6809003116411636}}