{"returned_dict": {"loss": 2.789675137341265, "Accuracy": 0.8609726076993087, "F1": 0.7417528673652137, "Lev. sim.": 0.4698404174121686, "status": "ok", "start_time": 1614612549.9002478, "duration": 34.2439546585083}, "current_params": {"N": 300, "isd": 0.001491351555488773, "isd2": 0.0007756777124314161, "iss": 0.00780583533594097, "leak": 0.1, "ridge": 3.6088796504668895e-08, "sr": 0.00012474776973122356}}