{"returned_dict": {"loss": 2.7869869588068523, "Accuracy": 0.8754677670836593, "F1": 0.7507077758328224, "Lev. sim.": 0.4712777920449252, "status": "ok", "start_time": 1614617148.1104527, "duration": 36.24014973640442}, "current_params": {"N": 300, "isd": 0.11722178849810534, "isd2": 0.0288275205398481, "iss": 0.07071597898788638, "leak": 0.1, "ridge": 8.912853434083859e-06, "sr": 0.0002615971811220178}}