{"returned_dict": {"loss": 2.7882852583765105, "Accuracy": 0.8634566704053119, "F1": 0.7457412980215432, "Lev. sim.": 0.48837181812067676, "status": "ok", "start_time": 1614614518.765664, "duration": 32.82064247131348}, "current_params": {"N": 300, "isd": 0.0012963562062351852, "isd2": 0.5256121409800723, "iss": 0.12673676402612488, "leak": 0.1, "ridge": 0.26089254692833475, "sr": 2.0541659709247697}}