{"returned_dict": {"loss": 2.7858637370302537, "Accuracy": 0.8658161879497814, "F1": 0.7455964458866953, "Lev. sim.": 0.46706577678689587, "status": "ok", "start_time": 1614613132.1968465, "duration": 34.266682624816895}, "current_params": {"N": 300, "isd": 0.004382988141242381, "isd2": 0.00048099576244824024, "iss": 0.008820457220813921, "leak": 0.1, "ridge": 7.889989136444413e-07, "sr": 6.243971632634754e-05}}