{"returned_dict": {"loss": 2.782123612313204, "Accuracy": 0.8632217967443667, "F1": 0.7463662473650602, "Lev. sim.": 0.49128884640448794, "status": "ok", "start_time": 1614613271.7203681, "duration": 32.69239902496338}, "current_params": {"N": 300, "isd": 1.9499850286801933e-05, "isd2": 5.1561433486815025, "iss": 0.4131334602389797, "leak": 0.1, "ridge": 1.435476795673827e-08, "sr": 0.9707385678669813}}