{"returned_dict": {"loss": 2.7811287138303693, "Accuracy": 0.8529432423015137, "F1": 0.7418913886789995, "Lev. sim.": 0.485477460018652, "status": "ok", "start_time": 1614612895.8054776, "duration": 33.66849946975708}, "current_params": {"N": 300, "isd": 2.2348500398801456e-05, "isd2": 0.00021267215017477066, "iss": 0.003118380761772494, "leak": 0.1, "ridge": 5.0589184716508826e-08, "sr": 0.0003600046126825371}}