{"returned_dict": {"loss": 2.780671955221095, "Accuracy": 0.8895644198579182, "F1": 0.790239375710424, "Lev. sim.": 0.4743502890278812, "status": "ok", "start_time": 1614608886.9600956, "duration": 35.48897409439087}, "current_params": {"N": 300, "isd": 0.10768018400509398, "isd2": 0.004663122224794763, "iss": 0.001645719985352228, "leak": 0.1, "ridge": 0.0030677453372688567, "sr": 0.00037835428315423304}}