{"returned_dict": {"loss": 2.7844630891523745, "Accuracy": 0.8767030284183139, "F1": 0.7525873012317115, "Lev. sim.": 0.4699058709512238, "status": "ok", "start_time": 1614619344.738134, "duration": 36.56376934051514}, "current_params": {"N": 300, "isd": 0.3029284740350685, "isd2": 0.006675361324080681, "iss": 0.13593686508565106, "leak": 0.1, "ridge": 1.0770596028217768e-05, "sr": 0.0020875440496570157}}