{"returned_dict": {"loss": 2.7861340338923193, "Accuracy": 0.8716023092231149, "F1": 0.7350847870292032, "Lev. sim.": 0.44492683774655506, "status": "ok", "start_time": 1614610997.8459675, "duration": 34.85849690437317}, "current_params": {"N": 300, "isd": 0.0065513225712619345, "isd2": 3.331985129946168e-05, "iss": 3.6721866293145416e-05, "leak": 0.1, "ridge": 5.294125965942781e-08, "sr": 0.0015782230985107904}}