{"returned_dict": {"loss": 2.7837091464597226, "Accuracy": 0.8593465761905599, "F1": 0.7455488545706463, "Lev. sim.": 0.4747846031734614, "status": "ok", "start_time": 1614612861.4214106, "duration": 34.382083892822266}, "current_params": {"N": 300, "isd": 0.00010335283790684242, "isd2": 0.00023447969452427644, "iss": 0.0049475138056531524, "leak": 0.1, "ridge": 3.350258292349159e-08, "sr": 0.0013147463809645675}}