{"returned_dict": {"loss": 2.788015701812504, "Accuracy": 0.8644803768039813, "F1": 0.7435416176084575, "Lev. sim.": 0.4828257836211741, "status": "ok", "start_time": 1614616532.91699, "duration": 39.09414029121399}, "current_params": {"N": 300, "isd": 1.0738580903167545, "isd2": 5.131579881199347, "iss": 1.3869004212706848, "leak": 0.1, "ridge": 1.4164083984881177e-05, "sr": 3.3486939605515305e-05}}