{"returned_dict": {"loss": 2.7849643132227087, "Accuracy": 0.8630128538190152, "F1": 0.7470638476456422, "Lev. sim.": 0.4872983608998888, "status": "ok", "start_time": 1614612794.7368026, "duration": 32.393033266067505}, "current_params": {"N": 300, "isd": 0.00021108971253046713, "isd2": 5.295725005572158, "iss": 0.3143781988782925, "leak": 0.1, "ridge": 4.972597433680989e-09, "sr": 1.0428814848430439e-05}}