{"returned_dict": {"loss": 2.782935766577979, "Accuracy": 0.8639994676178695, "F1": 0.7473429405878041, "Lev. sim.": 0.4927561002547501, "status": "ok", "start_time": 1614613720.6415803, "duration": 32.65740394592285}, "current_params": {"N": 300, "isd": 3.5544742935533545e-05, "isd2": 0.952582963695019, "iss": 0.05115567044822088, "leak": 0.1, "ridge": 1.7381232557176367e-06, "sr": 0.33179954021893726}}