{"returned_dict": {"loss": 2.793471917698722, "Accuracy": 0.8539879275827668, "F1": 0.7510611027546406, "Lev. sim.": 0.4776841689289876, "status": "ok", "start_time": 1614609352.4715934, "duration": 34.89132499694824}, "current_params": {"N": 300, "isd": 5.029945650064783e-05, "isd2": 1.2569621607316165e-05, "iss": 0.0050107480033132245, "leak": 0.1, "ridge": 4.7129343695665103e-07, "sr": 0.2892473797108376}}