{"returned_dict": {"loss": 2.7922415926503676, "Accuracy": 0.8596808981267173, "F1": 0.7405296474646107, "Lev. sim.": 0.4853123559582128, "status": "ok", "start_time": 1614617734.1607013, "duration": 33.23486351966858}, "current_params": {"N": 300, "isd": 0.0028031016253100903, "isd2": 1.8251108603305266, "iss": 0.42732591861950864, "leak": 0.1, "ridge": 1.5473668743035118e-07, "sr": 0.004286907050492636}}