{"returned_dict": {"loss": 2.7924692326932474, "Accuracy": 0.8518493902482703, "F1": 0.7376911941583457, "Lev. sim.": 0.4837980882008388, "status": "ok", "start_time": 1614611282.955008, "duration": 34.32868576049805}, "current_params": {"N": 300, "isd": 0.00038276862267635884, "isd2": 0.004155962801784019, "iss": 0.007479909887929844, "leak": 0.1, "ridge": 0.0031362310144289252, "sr": 0.0129649575772548}}