{"returned_dict": {"loss": 2.7903530500400957, "Accuracy": 0.8619831335627073, "F1": 0.7619600547078937, "Lev. sim.": 0.48245407291595654, "status": "ok", "start_time": 1614609098.2343576, "duration": 36.02850389480591}, "current_params": {"N": 300, "isd": 0.00030996057687041154, "isd2": 0.0005280650043317309, "iss": 0.006389328961151051, "leak": 0.1, "ridge": 0.02027844402335655, "sr": 0.7585837660295026}}