{"returned_dict": {"loss": 2.7942908452918416, "Accuracy": 0.8595071930543947, "F1": 0.739994261370875, "Lev. sim.": 0.4865976838642349, "status": "ok", "start_time": 1614619267.542402, "duration": 36.45088863372803}, "current_params": {"N": 300, "isd": 0.08753210534121098, "isd2": 1.6576219569968709, "iss": 0.46540605040598293, "leak": 0.1, "ridge": 0.020364964322736764, "sr": 0.0020868282447946886}}