{"returned_dict": {"loss": 2.7940965416169687, "Accuracy": 0.8551972534656086, "F1": 0.7394545619742978, "Lev. sim.": 0.47696418648755445, "status": "ok", "start_time": 1614609685.7159693, "duration": 35.27960705757141}, "current_params": {"N": 300, "isd": 0.0005704538997172642, "isd2": 0.0017610973252556216, "iss": 0.007736741048102635, "leak": 0.1, "ridge": 2.082645051690992e-06, "sr": 0.032469893838959346}}