{"returned_dict": {"loss": 2.799460289279131, "Accuracy": 0.8628901577947756, "F1": 0.7483860892859235, "Lev. sim.": 0.47760070198642435, "status": "ok", "start_time": 1614619071.447477, "duration": 38.6246702671051}, "current_params": {"N": 300, "isd": 6.450371100759369e-05, "isd2": 0.11503708008202762, "iss": 0.0016938252534678434, "leak": 0.1, "ridge": 0.03464205666358546, "sr": 0.2776024151411086}}