{"returned_dict": {"loss": 2.796806715190306, "Accuracy": 0.853203738280305, "F1": 0.7150522906554164, "Lev. sim.": 0.46798915643554995, "status": "ok", "start_time": 1614613753.3008904, "duration": 34.033493518829346}, "current_params": {"N": 300, "isd": 2.2459578735050676e-05, "isd2": 0.019082712184709437, "iss": 7.245842882561464e-05, "leak": 0.1, "ridge": 0.0416428643019747, "sr": 0.04882161261279794}}