{"returned_dict": {"loss": 2.792718678493596, "Accuracy": 0.8852746578490551, "F1": 0.7766758098366288, "Lev. sim.": 0.4760308827866549, "status": "ok", "start_time": 1614612963.7316506, "duration": 33.01777100563049}, "current_params": {"N": 300, "isd": 2.834039897812474, "isd2": 0.05126032314293272, "iss": 0.07389061089097766, "leak": 0.1, "ridge": 1.3654826667866387e-07, "sr": 0.9435217874815518}}