{"returned_dict": {"loss": 2.7997222219585267, "Accuracy": 0.8571655073428364, "F1": 0.7372908895700772, "Lev. sim.": 0.48270704026822, "status": "ok", "start_time": 1614618654.6463397, "duration": 33.44627571105957}, "current_params": {"N": 300, "isd": 0.0008654719394416226, "isd2": 2.749757238812478, "iss": 0.9076096877589792, "leak": 0.1, "ridge": 0.00010384112878079995, "sr": 0.05100283729907666}}