{"returned_dict": {"loss": 2.8014690744700124, "Accuracy": 0.856568910674634, "F1": 0.7365724025687913, "Lev. sim.": 0.4825167295555211, "status": "ok", "start_time": 1614609545.5627098, "duration": 34.31707763671875}, "current_params": {"N": 300, "isd": 0.005926018131188934, "isd2": 2.2778561013478003, "iss": 0.8099143782325872, "leak": 0.1, "ridge": 0.013211296467565596, "sr": 0.001631489949828942}}