{"returned_dict": {"loss": 2.80049719580465, "Accuracy": 0.8680118286873959, "F1": 0.737330115064821, "Lev. sim.": 0.4647497132276537, "status": "ok", "start_time": 1614610503.473796, "duration": 33.409536600112915}, "current_params": {"N": 300, "isd": 4.876156082270148, "isd2": 0.0022667372034209654, "iss": 3.4968995780484744, "leak": 0.1, "ridge": 3.7102661790782075e-09, "sr": 3.5348571016989165}}