{"returned_dict": {"loss": 2.809051730691857, "Accuracy": 0.8612295061862449, "F1": 0.7322582465421592, "Lev. sim.": 0.46102987761632913, "status": "ok", "start_time": 1614617301.7014933, "duration": 46.48818254470825}, "current_params": {"N": 300, "isd": 0.040751782547955966, "isd2": 3.5712157128536866e-05, "iss": 0.06539074244311349, "leak": 0.1, "ridge": 2.786762322065734e-05, "sr": 0.3960302274195952}}