{"returned_dict": {"loss": 2.8045983513079507, "Accuracy": 0.8774513963811662, "F1": 0.7770947631875899, "Lev. sim.": 0.47551066948030324, "status": "ok", "start_time": 1614612691.8428295, "duration": 34.02479100227356}, "current_params": {"N": 300, "isd": 0.005287607975250165, "isd2": 0.021408744227756064, "iss": 7.960204123058916e-05, "leak": 0.1, "ridge": 3.904743798072478e-05, "sr": 1.7891585247487143}}