{"returned_dict": {"loss": 2.8037029325113196, "Accuracy": 0.8790678050792916, "F1": 0.7648788767560373, "Lev. sim.": 0.48666005890000646, "status": "ok", "start_time": 1614614970.1756, "duration": 33.81919550895691}, "current_params": {"N": 300, "isd": 0.0037719706339237446, "isd2": 0.14448802352553192, "iss": 0.002479143588234282, "leak": 0.1, "ridge": 0.7953246938421982, "sr": 4.591917512103603}}