{"returned_dict": {"loss": 2.8019028901451835, "Accuracy": 0.8681110983189976, "F1": 0.751766248554276, "Lev. sim.": 0.4718426218415447, "status": "ok", "start_time": 1614618939.6455078, "duration": 45.64546084403992}, "current_params": {"N": 300, "isd": 0.029505796660586347, "isd2": 0.1504351663696959, "iss": 0.0021582127923418537, "leak": 0.1, "ridge": 0.0001801027287213017, "sr": 0.00015825615926940424}}