{"returned_dict": {"loss": 2.809362315452268, "Accuracy": 0.8524857959939427, "F1": 0.7296584949589038, "Lev. sim.": 0.48236808092852695, "status": "ok", "start_time": 1614613822.009247, "duration": 32.96246790885925}, "current_params": {"N": 300, "isd": 0.0005610415501493319, "isd2": 4.989880507465177, "iss": 2.243069403542335, "leak": 0.1, "ridge": 0.03180110901660452, "sr": 7.419716361081071e-05}}