{"returned_dict": {"loss": 2.809370663873404, "Accuracy": 0.8561809736260813, "F1": 0.731119920808582, "Lev. sim.": 0.4757659974246252, "status": "ok", "start_time": 1614617805.019356, "duration": 33.834741830825806}, "current_params": {"N": 300, "isd": 0.0700314121948182, "isd2": 0.307652056048664, "iss": 0.20404191369331448, "leak": 0.1, "ridge": 0.09540592721291591, "sr": 0.5380859890593408}}