{"returned_dict": {"loss": 2.8068972945366486, "Accuracy": 0.8814235221623287, "F1": 0.7703586381497532, "Lev. sim.": 0.46688956485250976, "status": "ok", "start_time": 1614613411.7057793, "duration": 33.5711989402771}, "current_params": {"N": 300, "isd": 5.832783140676946, "isd2": 0.0016991073231614176, "iss": 0.11698928062211732, "leak": 0.1, "ridge": 0.09668447393631092, "sr": 0.0005092282781897782}}