{"returned_dict": {"loss": 2.8085844100723483, "Accuracy": 0.8516567185134237, "F1": 0.7318212772472842, "Lev. sim.": 0.47933220121053355, "status": "ok", "start_time": 1614614584.644437, "duration": 33.5196635723114}, "current_params": {"N": 300, "isd": 7.790878141178814e-05, "isd2": 0.03718298367540949, "iss": 0.028871064294882863, "leak": 0.1, "ridge": 0.3006315754527079, "sr": 0.019020968601238537}}