{"returned_dict": {"loss": 2.804150058944698, "Accuracy": 0.8705709079094479, "F1": 0.7385235903102972, "Lev. sim.": 0.441380938781491, "status": "ok", "start_time": 1614611678.604236, "duration": 35.695374965667725}, "current_params": {"N": 300, "isd": 0.016456251015969717, "isd2": 0.00011472195402647711, "iss": 4.953600067852393e-05, "leak": 0.1, "ridge": 0.006076084757682518, "sr": 0.0005353504625568838}}