{"returned_dict": {"loss": 2.8045567634500506, "Accuracy": 0.8655503742588048, "F1": 0.7363466256477083, "Lev. sim.": 0.46138445485776475, "status": "ok", "start_time": 1614610570.9580407, "duration": 33.32850408554077}, "current_params": {"N": 300, "isd": 1.4818091663828328, "isd2": 0.03374935849654163, "iss": 1.2698559153876863, "leak": 0.1, "ridge": 1.69129355175973e-07, "sr": 0.00012946919633940326}}