{"returned_dict": {"loss": 2.8072355686546238, "Accuracy": 0.8453949950279191, "F1": 0.7197288096295471, "Lev. sim.": 0.47990298050349206, "status": "ok", "start_time": 1614610360.041102, "duration": 33.53164339065552}, "current_params": {"N": 300, "isd": 2.319522359010197e-05, "isd2": 0.00010514984711803484, "iss": 0.00045273062528736755, "leak": 0.1, "ridge": 0.19312236225194168, "sr": 0.0004223163949337593}}