{"returned_dict": {"loss": 2.803016555326484, "Accuracy": 0.8793646950887247, "F1": 0.7660110484577499, "Lev. sim.": 0.45346069234064385, "status": "ok", "start_time": 1614617838.856496, "duration": 34.79301047325134}, "current_params": {"N": 300, "isd": 0.0512896512008503, "isd2": 3.520250690307409e-05, "iss": 0.0002574319683570732, "leak": 0.1, "ridge": 2.130332921534337e-07, "sr": 0.022964955654566143}}