{"returned_dict": {"loss": 2.8080473419022254, "Accuracy": 0.8532150705908064, "F1": 0.7311458834361633, "Lev. sim.": 0.4806437769677152, "status": "ok", "start_time": 1614609792.2120874, "duration": 33.52683877944946}, "current_params": {"N": 300, "isd": 0.002528337065453192, "isd2": 1.18686471798695, "iss": 0.5356409490616902, "leak": 0.1, "ridge": 2.921221875670359e-06, "sr": 0.008597155914725946}}