{"returned_dict": {"loss": 2.809202965559133, "Accuracy": 0.870271478246659, "F1": 0.7424371295226544, "Lev. sim.": 0.46608198140317425, "status": "ok", "start_time": 1614617699.6337492, "duration": 34.524397134780884}, "current_params": {"N": 300, "isd": 0.17462360509199681, "isd2": 0.0012660243161994602, "iss": 0.12479428949661604, "leak": 0.1, "ridge": 8.236370006206558e-09, "sr": 0.00010133909562425512}}