{"returned_dict": {"loss": 2.8179439425095905, "Accuracy": 0.8564459024616845, "F1": 0.7230789211046538, "Lev. sim.": 0.4544332404409669, "status": "ok", "start_time": 1614608639.0364237, "duration": 33.97937798500061}, "current_params": {"N": 300, "isd": 0.10780669687371151, "isd2": 0.014099526183173812, "iss": 0.1945445115308493, "leak": 0.1, "ridge": 2.5642846120907595e-07, "sr": 0.00014859914312208517}}