{"returned_dict": {"loss": 2.812845410368067, "Accuracy": 0.8607620685299441, "F1": 0.7390814761103672, "Lev. sim.": 0.4636321197517669, "status": "ok", "start_time": 1614614731.6591208, "duration": 34.44431686401367}, "current_params": {"N": 300, "isd": 0.01825053702412768, "isd2": 0.1573219543175245, "iss": 0.0019740724578947827, "leak": 0.1, "ridge": 0.0005273369360348499, "sr": 0.13785106303642722}}