{"returned_dict": {"loss": 2.8102130990134775, "Accuracy": 0.8621033876735165, "F1": 0.7313587876281186, "Lev. sim.": 0.45702028717730964, "status": "ok", "start_time": 1614617523.1416402, "duration": 36.58927917480469}, "current_params": {"N": 300, "isd": 3.9930245394619592, "isd2": 9.325106753778166e-05, "iss": 4.089888095966534, "leak": 0.1, "ridge": 0.014331759588843947, "sr": 0.008412338080968225}}