{"returned_dict": {"loss": 2.813944201424278, "Accuracy": 0.8445494004549599, "F1": 0.7301225557391657, "Lev. sim.": 0.46656468605668666, "status": "ok", "start_time": 1614613445.2789502, "duration": 34.37934374809265}, "current_params": {"N": 300, "isd": 0.00028169600544469695, "isd2": 1.1387671660128253e-05, "iss": 0.011274172360744374, "leak": 0.1, "ridge": 2.5753254802511082e-06, "sr": 0.16682164914277517}}