{"returned_dict": {"loss": 2.819668973359511, "Accuracy": 0.8451806311233344, "F1": 0.7215822088494883, "Lev. sim.": 0.4634442137256077, "status": "ok", "start_time": 1614610469.3104873, "duration": 34.16147303581238}, "current_params": {"N": 300, "isd": 0.0015622387641204979, "isd2": 6.271402946229482e-05, "iss": 0.022211884353187553, "leak": 0.1, "ridge": 9.085997325720603e-07, "sr": 0.15024854448410102}}