{"returned_dict": {"loss": 2.818833805992726, "Accuracy": 0.8401983060990739, "F1": 0.7195329149721718, "Lev. sim.": 0.47184115758530815, "status": "ok", "start_time": 1614608710.6079428, "duration": 34.33159565925598}, "current_params": {"N": 300, "isd": 8.852685874814963e-05, "isd2": 0.002078999693909826, "iss": 0.016525622360136192, "leak": 0.1, "ridge": 1.7203769398155993e-05, "sr": 0.0011285382167092654}}