{"returned_dict": {"loss": 2.815292068259764, "Accuracy": 0.8587668697105076, "F1": 0.726955968246027, "Lev. sim.": 0.4547080410328446, "status": "ok", "start_time": 1614616760.8523757, "duration": 34.90492129325867}, "current_params": {"N": 300, "isd": 5.521039102972622, "isd2": 3.8442744510417125e-05, "iss": 6.862182762455273, "leak": 0.1, "ridge": 0.005822262767364938, "sr": 2.4655890789893292e-05}}