{"returned_dict": {"loss": 2.8180614892283584, "Accuracy": 0.8466325844565337, "F1": 0.7237116110214623, "Lev. sim.": 0.46994236545844253, "status": "ok", "start_time": 1614612285.7154527, "duration": 34.18561768531799}, "current_params": {"N": 300, "isd": 0.0016812485819838643, "isd2": 0.02133472211278566, "iss": 0.03096980204126957, "leak": 0.1, "ridge": 0.01900284767119454, "sr": 0.0008206812480992226}}