{"returned_dict": {"loss": 2.8173612947333515, "Accuracy": 0.8562977494604247, "F1": 0.7234493490754478, "Lev. sim.": 0.4578675329580296, "status": "ok", "start_time": 1614614766.1055033, "duration": 33.897573947906494}, "current_params": {"N": 300, "isd": 0.4462016223369004, "isd2": 0.34131181727184395, "iss": 0.8079210989789269, "leak": 0.1, "ridge": 2.4109268417940634e-05, "sr": 0.14276785956221688}}