{"returned_dict": {"loss": 2.8133745811871105, "Accuracy": 0.852228115219323, "F1": 0.729825431610602, "Lev. sim.": 0.4765037147348539, "status": "ok", "start_time": 1614619110.0748844, "duration": 37.13210415840149}, "current_params": {"N": 300, "isd": 0.7698379438759677, "isd2": 7.44778741647481, "iss": 4.208865382778403, "leak": 0.1, "ridge": 4.112327880396262e-09, "sr": 0.08094508097240337}}