{"returned_dict": {"loss": 2.8190586236465958, "Accuracy": 0.8561991473085779, "F1": 0.7230305207391468, "Lev. sim.": 0.4521179448545364, "status": "ok", "start_time": 1614610218.5537384, "duration": 33.774653673172}, "current_params": {"N": 300, "isd": 4.480464364217247, "isd2": 3.269255181902784e-05, "iss": 6.613290330552857, "leak": 0.1, "ridge": 0.0016730628525157777, "sr": 0.00019074976376566542}}