{"returned_dict": {"loss": 2.824867026596806, "Accuracy": 0.8457715392255609, "F1": 0.7212729800522603, "Lev. sim.": 0.4699448525271463, "status": "ok", "start_time": 1614610326.3514535, "duration": 33.68801212310791}, "current_params": {"N": 300, "isd": 7.213175102366821e-05, "isd2": 2.6704294361435066, "iss": 2.114319254012726, "leak": 0.1, "ridge": 5.063854669313092e-07, "sr": 0.330489006270119}}