{"returned_dict": {"loss": 2.8281296976452976, "Accuracy": 0.8440627502416562, "F1": 0.7189086530874867, "Lev. sim.": 0.46801522118937894, "status": "ok", "start_time": 1614609651.157572, "duration": 34.556811571121216}, "current_params": {"N": 300, "isd": 0.03813508173588441, "isd2": 7.895703932391574, "iss": 7.0504569388517515, "leak": 0.1, "ridge": 6.109203670321195e-05, "sr": 0.032412017126269684}}