{"returned_dict": {"loss": 2.823738276937342, "Accuracy": 0.84750482347819, "F1": 0.712626548347093, "Lev. sim.": 0.452350288676129, "status": "ok", "start_time": 1614613615.549818, "duration": 33.82728624343872}, "current_params": {"N": 300, "isd": 0.011104843936965482, "isd2": 8.048898440387469e-05, "iss": 0.05718148242139985, "leak": 0.1, "ridge": 2.136634411148627e-09, "sr": 0.08810134652677747}}