{"returned_dict": {"loss": 2.8214762735953487, "Accuracy": 0.8543582743947441, "F1": 0.7203214707382906, "Lev. sim.": 0.45585232710494195, "status": "ok", "start_time": 1614613237.7447333, "duration": 33.97338128089905}, "current_params": {"N": 300, "isd": 0.2297637117814582, "isd2": 0.0009860865401607737, "iss": 0.45225816163719856, "leak": 0.1, "ridge": 6.973301754904975e-09, "sr": 1.2833543922244204}}