{"returned_dict": {"loss": 2.8247466599334086, "Accuracy": 0.850460747334559, "F1": 0.7164225607500018, "Lev. sim.": 0.45172953093626367, "status": "ok", "start_time": 1614618187.701481, "duration": 34.187498569488525}, "current_params": {"N": 300, "isd": 1.139648360261831, "isd2": 0.664568815154193, "iss": 2.7883804903071883, "leak": 0.1, "ridge": 0.005575256184393894, "sr": 0.02026241563699259}}