{"returned_dict": {"loss": 2.8218243505178253, "Accuracy": 0.8372559645559875, "F1": 0.7141158541705747, "Lev. sim.": 0.46564695767681236, "status": "ok", "start_time": 1614615637.808641, "duration": 34.26020407676697}, "current_params": {"N": 300, "isd": 4.966309913684682e-05, "isd2": 5.268846010955194e-05, "iss": 0.010940601280739759, "leak": 0.1, "ridge": 0.522407323477384, "sr": 2.9893512124929964e-05}}