{"returned_dict": {"loss": 2.822194770064173, "Accuracy": 0.8439888156162294, "F1": 0.7253111788551972, "Lev. sim.": 0.47488571035371085, "status": "ok", "start_time": 1614615672.0712514, "duration": 33.87278890609741}, "current_params": {"N": 300, "isd": 5.549470170434006e-05, "isd2": 1.369612824686989e-05, "iss": 0.002154516945956453, "leak": 0.1, "ridge": 1.3427532310936546e-09, "sr": 2.57315045923002}}