{"returned_dict": {"loss": 2.8212636682127337, "Accuracy": 0.8636007736914953, "F1": 0.7382464571066712, "Lev. sim.": 0.47562089460127865, "status": "ok", "start_time": 1614615432.4290216, "duration": 34.12362337112427}, "current_params": {"N": 300, "isd": 1.8009337296567324e-05, "isd2": 0.00961781349701859, "iss": 1.1699271323770044e-05, "leak": 0.1, "ridge": 0.03857001675335198, "sr": 0.8490949011072474}}