{"returned_dict": {"loss": 2.823122215165564, "Accuracy": 0.8526179670417194, "F1": 0.7181709765872657, "Lev. sim.": 0.45335379790855407, "status": "ok", "start_time": 1614616202.7820573, "duration": 34.46179270744324}, "current_params": {"N": 300, "isd": 0.2608346560509008, "isd2": 0.0063903092668887475, "iss": 0.5448418377480391, "leak": 0.1, "ridge": 0.11687504121797741, "sr": 0.00143320353376598}}