{"returned_dict": {"loss": 2.8238185052245237, "Accuracy": 0.8611941658934292, "F1": 0.7360769116953206, "Lev. sim.": 0.46356325802227777, "status": "ok", "start_time": 1614617184.353083, "duration": 35.389734745025635}, "current_params": {"N": 300, "isd": 1.067932679682696, "isd2": 4.114505322799792, "iss": 0.07342278742882566, "leak": 0.1, "ridge": 7.920156641411475e-08, "sr": 1.6333502330315264e-05}}