{"returned_dict": {"loss": 2.823755522581169, "Accuracy": 0.8432765814891441, "F1": 0.7256283215633286, "Lev. sim.": 0.4683260331936978, "status": "ok", "start_time": 1614618221.8913631, "duration": 35.2824444770813}, "current_params": {"N": 300, "isd": 3.688230965037273e-05, "isd2": 0.00030185611980665855, "iss": 0.01987459988414186, "leak": 0.1, "ridge": 0.011470350049496205, "sr": 0.5710680434791969}}