{"returned_dict": {"loss": 2.821191622252804, "Accuracy": 0.851468050893771, "F1": 0.7187009660713581, "Lev. sim.": 0.45463522927758726, "status": "ok", "start_time": 1614613581.6496944, "duration": 33.89827346801758}, "current_params": {"N": 300, "isd": 0.0163837514043511, "isd2": 0.0028988891792806827, "iss": 0.06200231013354495, "leak": 0.1, "ridge": 0.0033513879341857187, "sr": 0.18489710364522854}}