{"returned_dict": {"loss": 2.8234416286942428, "Accuracy": 0.8461148874622415, "F1": 0.7136217991465666, "Lev. sim.": 0.45386809886153723, "status": "ok", "start_time": 1614613928.388597, "duration": 34.317482709884644}, "current_params": {"N": 300, "isd": 0.004028617276565366, "isd2": 0.00010613491342511393, "iss": 0.03775315942828474, "leak": 0.1, "ridge": 3.158112449569036e-09, "sr": 0.00022571354582762892}}