{"returned_dict": {"loss": 2.8389647085968432, "Accuracy": 0.8367922199951454, "F1": 0.7066233707556239, "Lev. sim.": 0.44658490680918755, "status": "ok", "start_time": 1614609244.227285, "duration": 35.80035090446472}, "current_params": {"N": 300, "isd": 0.028795561984804898, "isd2": 0.05707262810552565, "iss": 0.4722298576869264, "leak": 0.1, "ridge": 7.098157437985165e-06, "sr": 2.5867626731644082e-05}}