{"returned_dict": {"loss": 2.8372178712876264, "Accuracy": 0.8402063060862559, "F1": 0.7051350558846704, "Lev. sim.": 0.4455849442559573, "status": "ok", "start_time": 1614614153.0938818, "duration": 34.34890937805176}, "current_params": {"N": 300, "isd": 0.26319147128724096, "isd2": 0.00014831386114169613, "iss": 1.5376288342575153, "leak": 0.1, "ridge": 0.5290168191395695, "sr": 0.0018958703068520137}}