{"returned_dict": {"loss": 2.8360890915613752, "Accuracy": 0.8411582747107851, "F1": 0.7051681320568763, "Lev. sim.": 0.44540325154590904, "status": "ok", "start_time": 1614616341.2764838, "duration": 34.85749387741089}, "current_params": {"N": 300, "isd": 1.8911769007246841, "isd2": 0.028208566095155024, "iss": 8.860385696317973, "leak": 0.1, "ridge": 0.046227017437934406, "sr": 0.006764781192372686}}