{"returned_dict": {"loss": 2.8313856262429202, "Accuracy": 0.8450942594029817, "F1": 0.7062718009936724, "Lev. sim.": 0.44878930998242045, "status": "ok", "start_time": 1614609579.8886278, "duration": 35.4100866317749}, "current_params": {"N": 300, "isd": 1.055705805129439, "isd2": 1.0805906656775182, "iss": 4.510181749800883, "leak": 0.1, "ridge": 0.026865514787400617, "sr": 0.00019892523980175123}}