{"returned_dict": {"loss": 2.8357564536020723, "Accuracy": 0.8415288237630957, "F1": 0.7195789692627302, "Lev. sim.": 0.46339744093006374, "status": "ok", "start_time": 1614617943.9775512, "duration": 34.611164808273315}, "current_params": {"N": 300, "isd": 5.759646455476881e-05, "isd2": 0.034260804261824734, "iss": 0.11332963634149161, "leak": 0.1, "ridge": 0.0002700956304408825, "sr": 2.8244773433582133}}