{"returned_dict": {"loss": 2.830778952168059, "Accuracy": 0.8415848113295233, "F1": 0.7138030785591025, "Lev. sim.": 0.46046256859803913, "status": "ok", "start_time": 1614617219.7453315, "duration": 38.61590552330017}, "current_params": {"N": 300, "isd": 0.004605319725434051, "isd2": 4.7130996083706834e-05, "iss": 0.054042277831180395, "leak": 0.1, "ridge": 0.30947602800455315, "sr": 0.4790973269713862}}