{"returned_dict": {"loss": 2.8386288532706176, "Accuracy": 0.8391264999155965, "F1": 0.7032230025315823, "Lev. sim.": 0.4422195601759601, "status": "ok", "start_time": 1614615604.0696487, "duration": 33.73661780357361}, "current_params": {"N": 300, "isd": 0.6932777430545646, "isd2": 0.001937751991240117, "iss": 4.345561660301858, "leak": 0.1, "ridge": 0.004223961745922421, "sr": 0.8382747893909152}}