{"returned_dict": {"loss": 2.838491288245673, "Accuracy": 0.8388788102305533, "F1": 0.7034199630381004, "Lev. sim.": 0.44388535890843606, "status": "ok", "start_time": 1614609720.9972458, "duration": 36.507848501205444}, "current_params": {"N": 300, "isd": 0.15840876538411983, "isd2": 0.0019075939520962052, "iss": 1.2177626043593364, "leak": 0.1, "ridge": 1.81075562061213e-05, "sr": 0.6023480392124894}}