{"returned_dict": {"loss": 2.836595527263614, "Accuracy": 0.8401442195399926, "F1": 0.7053107420664106, "Lev. sim.": 0.4429679630317441, "status": "ok", "start_time": 1614615286.5737243, "duration": 34.476398944854736}, "current_params": {"N": 300, "isd": 0.04172578030035426, "isd2": 6.585094099698202e-05, "iss": 0.3575298711764821, "leak": 0.1, "ridge": 0.09131576905225318, "sr": 0.2393921614171627}}