{"returned_dict": {"loss": 2.8301738038879694, "Accuracy": 0.8456599894138455, "F1": 0.7075081345101222, "Lev. sim.": 0.4504238965536359, "status": "ok", "start_time": 1614619228.2790532, "duration": 39.26091980934143}, "current_params": {"N": 300, "isd": 0.24711998972409271, "isd2": 0.2782970629045673, "iss": 1.0814542349861849, "leak": 0.1, "ridge": 0.027813192336324965, "sr": 0.049784579681483886}}