{"returned_dict": {"loss": 2.836796994426824, "Accuracy": 0.8383717272103937, "F1": 0.7112785535404987, "Lev. sim.": 0.46050395051520443, "status": "ok", "start_time": 1614613341.5824046, "duration": 33.079450845718384}, "current_params": {"N": 300, "isd": 0.00043734821174881244, "isd2": 0.15864910024685047, "iss": 0.2894019510003793, "leak": 0.1, "ridge": 1.0058029321478121e-06, "sr": 1.0228061263713643e-05}}