{"returned_dict": {"loss": 2.8352550333350517, "Accuracy": 0.8412997396930058, "F1": 0.7087457389832098, "Lev. sim.": 0.4490726169943523, "status": "ok", "start_time": 1614610671.9701414, "duration": 33.927706718444824}, "current_params": {"N": 300, "isd": 0.2611089103238684, "isd2": 0.33667552845444154, "iss": 1.7547037749183951, "leak": 0.1, "ridge": 4.251105877544235e-09, "sr": 0.0026898649938901955}}