{"returned_dict": {"loss": 2.8311104537435305, "Accuracy": 0.842477038787281, "F1": 0.716471774220792, "Lev. sim.": 0.4651033247396323, "status": "ok", "start_time": 1614616060.0087657, "duration": 33.81448483467102}, "current_params": {"N": 300, "isd": 5.083075462894997e-05, "isd2": 1.7412036803059758, "iss": 1.8699155804453254, "leak": 0.1, "ridge": 5.6680847599735e-07, "sr": 0.09628778124110268}}