{"returned_dict": {"loss": 2.83848893399658, "Accuracy": 0.8375139596102346, "F1": 0.7116600926825422, "Lev. sim.": 0.45860313045154877, "status": "ok", "start_time": 1614616837.00464, "duration": 34.93250584602356}, "current_params": {"N": 300, "isd": 0.0032551615763682807, "isd2": 1.101386198527639, "iss": 1.9189594338368015, "leak": 0.1, "ridge": 2.1255293100839754e-08, "sr": 0.004205262708406172}}