{"returned_dict": {"loss": 2.8397616959741447, "Accuracy": 0.836655913787609, "F1": 0.7058868885857705, "Lev. sim.": 0.44619053783493473, "status": "ok", "start_time": 1614611396.236155, "duration": 35.72827672958374}, "current_params": {"N": 300, "isd": 0.2430332896559652, "isd2": 0.42680690760544604, "iss": 2.8383547063879035, "leak": 0.1, "ridge": 1.8392870666372528e-05, "sr": 0.0020067813017826184}}