{"returned_dict": {"loss": 2.8472605363143666, "Accuracy": 0.8306697251606586, "F1": 0.696088188473094, "Lev. sim.": 0.44546525419744, "status": "ok", "start_time": 1614609169.4066012, "duration": 35.70197248458862}, "current_params": {"N": 300, "isd": 0.18970445496555602, "isd2": 9.090543900184829e-05, "iss": 5.423458314091626, "leak": 0.1, "ridge": 1.9497629790184623e-05, "sr": 9.300933009008029}}