{"returned_dict": {"loss": 2.8490939826237627, "Accuracy": 0.8260256783379759, "F1": 0.6950617739729673, "Lev. sim.": 0.44249456642117924, "status": "ok", "start_time": 1614613649.3792212, "duration": 33.76466345787048}, "current_params": {"N": 300, "isd": 0.005514449657094239, "isd2": 0.2790973839404021, "iss": 9.076776687635112, "leak": 0.1, "ridge": 7.211527324057483e-05, "sr": 5.2898055155306186e-05}}