{"returned_dict": {"loss": 2.8462244667907974, "Accuracy": 0.8276244646736346, "F1": 0.6986586451718405, "Lev. sim.": 0.44609575479584607, "status": "ok", "start_time": 1614612210.5864706, "duration": 35.09479832649231}, "current_params": {"N": 300, "isd": 4.0160733857675666e-05, "isd2": 0.019212192674324557, "iss": 0.5534279532562898, "leak": 0.1, "ridge": 4.25421130751039e-08, "sr": 0.03253762778462727}}