{"returned_dict": {"loss": 2.842375640872292, "Accuracy": 0.8336206975983173, "F1": 0.6993201763690193, "Lev. sim.": 0.44337096053843394, "status": "ok", "start_time": 1614616907.2538962, "duration": 36.11250066757202}, "current_params": {"N": 300, "isd": 0.062443766390101726, "isd2": 0.00818992217483637, "iss": 1.5380625527799543, "leak": 0.1, "ridge": 6.214437488218149e-06, "sr": 0.019707211919655097}}