{"returned_dict": {"loss": 2.8449669312102466, "Accuracy": 0.8290665211251167, "F1": 0.6925795416234402, "Lev. sim.": 0.442360999126265, "status": "ok", "start_time": 1614615739.5913777, "duration": 33.89556407928467}, "current_params": {"N": 300, "isd": 0.0020705829088223113, "isd2": 2.2779216275973232e-05, "iss": 1.6477411289165746, "leak": 0.1, "ridge": 1.855082579724092e-09, "sr": 2.4072350948789617e-05}}