{"returned_dict": {"loss": 2.8465626655937832, "Accuracy": 0.8267330255176626, "F1": 0.6973606075405956, "Lev. sim.": 0.4465347812400194, "status": "ok", "start_time": 1614618403.2723582, "duration": 34.408514738082886}, "current_params": {"N": 300, "isd": 8.972837408322224e-05, "isd2": 0.009911135648148234, "iss": 0.6843628852248292, "leak": 0.1, "ridge": 0.18650867758692394, "sr": 7.319544415909326e-05}}