{"returned_dict": {"loss": 2.842484227904729, "Accuracy": 0.8480475600340706, "F1": 0.7129992116321403, "Lev. sim.": 0.4453149136797275, "status": "ok", "start_time": 1614614187.4447935, "duration": 34.48822569847107}, "current_params": {"N": 300, "isd": 0.00033586355530841356, "isd2": 0.00020728464837285458, "iss": 0.00025888706275096015, "leak": 0.1, "ridge": 0.2291603388029413, "sr": 0.0076774239419030365}}