{"returned_dict": {"loss": 2.846948545137344, "Accuracy": 0.8282974764973071, "F1": 0.6999913390423513, "Lev. sim.": 0.44502836586364036, "status": "ok", "start_time": 1614615536.1362655, "duration": 34.29777717590332}, "current_params": {"N": 300, "isd": 8.348672198685388e-05, "isd2": 4.985312166929564e-05, "iss": 0.30963145423009214, "leak": 0.1, "ridge": 1.5190976511457844e-06, "sr": 0.024630373294364783}}