{"returned_dict": {"loss": 2.846451963061001, "Accuracy": 0.8279473876284091, "F1": 0.7000710148118445, "Lev. sim.": 0.44666017106967465, "status": "ok", "start_time": 1614616025.3362281, "duration": 34.662848711013794}, "current_params": {"N": 300, "isd": 0.00013588860286269932, "isd2": 0.04518202545215078, "iss": 0.7573050525228749, "leak": 0.1, "ridge": 4.976179439490617e-09, "sr": 1.5318687870833788e-05}}