{"returned_dict": {"loss": 2.8447206274378702, "Accuracy": 0.828471975994422, "F1": 0.7005290247126369, "Lev. sim.": 0.4489904498940584, "status": "ok", "start_time": 1614617023.19616, "duration": 35.653305768966675}, "current_params": {"N": 300, "isd": 0.00011366804668338372, "isd2": 0.006466034318157701, "iss": 0.2698663578367458, "leak": 0.1, "ridge": 0.022874014665691073, "sr": 0.011084236712420583}}