{"returned_dict": {"loss": 2.8475542959268996, "Accuracy": 0.8261076629051605, "F1": 0.6953013415717519, "Lev. sim.": 0.44618142746493794, "status": "ok", "start_time": 1614611502.2458003, "duration": 33.85119557380676}, "current_params": {"N": 300, "isd": 6.393515910627456e-05, "isd2": 0.0015603803737048556, "iss": 0.7776151290797376, "leak": 0.1, "ridge": 4.6219782123006196e-07, "sr": 0.00025317598574402494}}