{"returned_dict": {"loss": 2.8466663282709552, "Accuracy": 0.8298573418681958, "F1": 0.7014840659745646, "Lev. sim.": 0.4461170546215493, "status": "ok", "start_time": 1614609892.5539281, "duration": 33.53143072128296}, "current_params": {"N": 300, "isd": 0.023041557407505003, "isd2": 0.298217423567005, "iss": 2.510931067801044, "leak": 0.1, "ridge": 0.000743376268556191, "sr": 0.015721232993800533}}