{"returned_dict": {"loss": 2.847965108092011, "Accuracy": 0.8273529397257293, "F1": 0.6983403109605234, "Lev. sim.": 0.44323023349886526, "status": "ok", "start_time": 1614611748.485437, "duration": 34.53626370429993}, "current_params": {"N": 300, "isd": 0.0017125156481611965, "isd2": 0.11841887794663823, "iss": 2.4613507287469005, "leak": 0.1, "ridge": 0.3674471614572521, "sr": 1.5085702521801756e-05}}