{"returned_dict": {"loss": 2.8477414373342547, "Accuracy": 0.8254165433785097, "F1": 0.6934233005849116, "Lev. sim.": 0.44518533812724065, "status": "ok", "start_time": 1614610393.5746176, "duration": 34.789921045303345}, "current_params": {"N": 300, "isd": 0.0003192654393862667, "isd2": 0.005864000697363472, "iss": 1.896115281884799, "leak": 0.1, "ridge": 0.0026673804198294754, "sr": 0.05601339965884716}}