{"returned_dict": {"loss": 2.8464654043726285, "Accuracy": 0.8291257675442122, "F1": 0.6934741843841946, "Lev. sim.": 0.4408738311888973, "status": "ok", "start_time": 1614616687.045769, "duration": 35.69981336593628}, "current_params": {"N": 300, "isd": 0.000563930549192889, "isd2": 0.00010020817347897153, "iss": 2.1594034318719624, "leak": 0.1, "ridge": 3.661307979717799e-08, "sr": 0.00013531128724087802}}