{"returned_dict": {"loss": 2.8483826656861098, "Accuracy": 0.8269282871496639, "F1": 0.6974390925838729, "Lev. sim.": 0.44129448358617906, "status": "ok", "start_time": 1614618858.221645, "duration": 39.39424157142639}, "current_params": {"N": 300, "isd": 0.0015783250300533415, "isd2": 0.2129206378918928, "iss": 4.3629183912249445, "leak": 0.1, "ridge": 0.0037877957434921737, "sr": 0.007347315809155044}}