{"returned_dict": {"loss": 2.844204633856882, "Accuracy": 0.8310329407572198, "F1": 0.6962831194394792, "Lev. sim.": 0.4473366345027142, "status": "ok", "start_time": 1614612929.4759276, "duration": 34.25388145446777}, "current_params": {"N": 300, "isd": 0.10644064820298008, "isd2": 0.0024849416301869435, "iss": 6.528509320911537, "leak": 0.1, "ridge": 1.635844676215375e-08, "sr": 0.7728083535722853}}