{"returned_dict": {"loss": 2.8494261239550593, "Accuracy": 0.8249878449196955, "F1": 0.6938948493679848, "Lev. sim.": 0.4455313662645378, "status": "ok", "start_time": 1614610637.7626412, "duration": 34.198649406433105}, "current_params": {"N": 300, "isd": 0.0010458717601703913, "isd2": 0.09117785835329974, "iss": 5.789133713655466, "leak": 0.1, "ridge": 9.447205980675163e-06, "sr": 0.205554960988785}}