{"returned_dict": {"loss": 2.847000896144434, "Accuracy": 0.8427946850287578, "F1": 0.708820451105004, "Lev. sim.": 0.45120767832591124, "status": "ok", "start_time": 1614609134.2644112, "duration": 35.14052867889404}, "current_params": {"N": 300, "isd": 0.000500336889490322, "isd2": 0.46947405094726824, "iss": 0.00529684523263303, "leak": 0.1, "ridge": 0.0526897743421563, "sr": 4.543069406444735e-05}}