{"returned_dict": {"loss": 2.849270033860427, "Accuracy": 0.8276055658195091, "F1": 0.6867745211910152, "Lev. sim.": 0.4433113693103774, "status": "ok", "start_time": 1614614936.0333643, "duration": 34.14001417160034}, "current_params": {"N": 300, "isd": 0.0005616796684493844, "isd2": 0.00033471381607753605, "iss": 3.317970131885356, "leak": 0.1, "ridge": 0.00028416829547128037, "sr": 0.0018061565265396662}}