{"returned_dict": {"loss": 2.8480413723618936, "Accuracy": 0.8277751465980667, "F1": 0.6986376945758401, "Lev. sim.": 0.4474197505364222, "status": "ok", "start_time": 1614610071.8331735, "duration": 37.46987795829773}, "current_params": {"N": 300, "isd": 0.0036739442000985625, "isd2": 0.03589609003247888, "iss": 1.5727577204687921, "leak": 0.1, "ridge": 1.1683350283485925e-06, "sr": 1.1157845515679328}}