{"returned_dict": {"loss": 2.8482812363298025, "Accuracy": 0.8265958005646776, "F1": 0.6963848754033366, "Lev. sim.": 0.44385033345249053, "status": "ok", "start_time": 1614610815.3418922, "duration": 34.61689782142639}, "current_params": {"N": 300, "isd": 0.001821081739245441, "isd2": 0.10576646455286105, "iss": 3.515867921270029, "leak": 0.1, "ridge": 0.000838385853147474, "sr": 0.0019019431020106164}}