{"returned_dict": {"loss": 2.848553144715505, "Accuracy": 0.8271119639643686, "F1": 0.6862747960194373, "Lev. sim.": 0.4420069147325534, "status": "ok", "start_time": 1614618579.8826563, "duration": 34.19762182235718}, "current_params": {"N": 300, "isd": 0.009138587970370638, "isd2": 0.0004784524620081803, "iss": 9.287866207705191, "leak": 0.1, "ridge": 1.2575400694859844e-05, "sr": 0.00043830707758176174}}