{"returned_dict": {"loss": 2.842044279492104, "Accuracy": 0.8334758321375189, "F1": 0.6985751739689652, "Lev. sim.": 0.44476353696818427, "status": "ok", "start_time": 1614616494.1707191, "duration": 38.744001388549805}, "current_params": {"N": 300, "isd": 0.0217116035710591, "isd2": 2.4151323784890754e-05, "iss": 0.8888215199647842, "leak": 0.1, "ridge": 0.1210090768692163, "sr": 0.035522421059096046}}