{"returned_dict": {"loss": 2.8466250904920978, "Accuracy": 0.846227944823186, "F1": 0.7100150335170847, "Lev. sim.": 0.44708742284177505, "status": "ok", "start_time": 1614619381.3043602, "duration": 38.344465494155884}, "current_params": {"N": 300, "isd": 0.09550763576468374, "isd2": 0.8375735590449845, "iss": 0.010221677326839068, "leak": 0.1, "ridge": 5.759223600772714e-07, "sr": 2.146334404907732e-05}}