{"returned_dict": {"loss": 2.843210410794824, "Accuracy": 0.8314886896444731, "F1": 0.6974717209709835, "Lev. sim.": 0.442115083666927, "status": "ok", "start_time": 1614612725.8694897, "duration": 34.24840426445007}, "current_params": {"N": 300, "isd": 0.0002592889993622061, "isd2": 0.00014752439565795064, "iss": 0.46623476760234256, "leak": 0.1, "ridge": 3.301133352115587e-09, "sr": 1.0334534598902942e-05}}