{"returned_dict": {"loss": 2.8483496113869533, "Accuracy": 0.8248673882934556, "F1": 0.6928903711394995, "Lev. sim.": 0.4460350776012623, "status": "ok", "start_time": 1614615215.52271, "duration": 34.109358072280884}, "current_params": {"N": 300, "isd": 2.235852726263977e-05, "isd2": 0.0018188471446357623, "iss": 1.7883209257810735, "leak": 0.1, "ridge": 3.749538385364811e-09, "sr": 1.3575759085004643e-05}}