{"returned_dict": {"loss": 2.847594874144419, "Accuracy": 0.8271465187753645, "F1": 0.6914841965529701, "Lev. sim.": 0.4433504612400405, "status": "ok", "start_time": 1614617873.6518943, "duration": 34.53793954849243}, "current_params": {"N": 300, "isd": 0.03407979630899737, "isd2": 0.0011577641263007387, "iss": 9.908967929353341, "leak": 0.1, "ridge": 1.1474143433579491e-05, "sr": 0.00017438403070083914}}