{"returned_dict": {"loss": 2.846718371394936, "Accuracy": 0.827189721942854, "F1": 0.6910327192925594, "Lev. sim.": 0.44281215104273236, "status": "ok", "start_time": 1614614868.2878134, "duration": 34.150620460510254}, "current_params": {"N": 300, "isd": 0.02478006283625675, "isd2": 9.909639043399766e-05, "iss": 7.625054341607125, "leak": 0.1, "ridge": 7.1229261212501565e-09, "sr": 0.017308927105606088}}