{"returned_dict": {"loss": 2.848378438630827, "Accuracy": 0.8255593796490313, "F1": 0.6942987011479544, "Lev. sim.": 0.4458710498759063, "status": "ok", "start_time": 1614617664.4066567, "duration": 35.22483801841736}, "current_params": {"N": 300, "isd": 2.055441100226377e-05, "isd2": 0.001119498741593829, "iss": 1.0521462613194181, "leak": 0.1, "ridge": 5.2658311151372534e-08, "sr": 7.406066860563839e-05}}