{"returned_dict": {"loss": 2.8480464019175633, "Accuracy": 0.8316725611020443, "F1": 0.7011599935844794, "Lev. sim.": 0.44865737055048516, "status": "ok", "start_time": 1614618153.2186613, "duration": 34.4803729057312}, "current_params": {"N": 300, "isd": 0.0003824576761573582, "isd2": 0.008038615258080294, "iss": 0.2051583456804733, "leak": 0.1, "ridge": 2.3442202407149727e-07, "sr": 6.077422637554726}}