{"returned_dict": {"loss": 2.846133917088809, "Accuracy": 0.8293676881210967, "F1": 0.7016910618028984, "Lev. sim.": 0.44642773114965245, "status": "ok", "start_time": 1614615990.5144627, "duration": 34.8193256855011}, "current_params": {"N": 300, "isd": 0.00014538755456799374, "isd2": 0.00047206208464482395, "iss": 0.25891731943945034, "leak": 0.1, "ridge": 0.0008657035492627036, "sr": 0.06011013531286193}}