{"returned_dict": {"loss": 2.8425994450787218, "Accuracy": 0.8341006897386608, "F1": 0.70182401373231, "Lev. sim.": 0.4557142027742369, "status": "ok", "start_time": 1614617258.3635404, "duration": 43.335416078567505}, "current_params": {"N": 300, "isd": 9.329813562575806e-05, "isd2": 0.37619180840961364, "iss": 1.0815589662663818, "leak": 0.1, "ridge": 9.257426534218651e-08, "sr": 1.6404502151641207}}