{"returned_dict": {"loss": 2.8414013790886634, "Accuracy": 0.8348899776297806, "F1": 0.7057917272719665, "Lev. sim.": 0.4522488417656649, "status": "ok", "start_time": 1614616871.9395223, "duration": 35.31203269958496}, "current_params": {"N": 300, "isd": 0.03698329990857756, "isd2": 0.1466451317735284, "iss": 0.7678589882021594, "leak": 0.1, "ridge": 1.993645923958153e-06, "sr": 0.011324199300747913}}