{"returned_dict": {"loss": 2.843262185915267, "Accuracy": 0.8330178646364793, "F1": 0.6983109620263608, "Lev. sim.": 0.44433399767870896, "status": "ok", "start_time": 1614609026.8608563, "duration": 35.732616901397705}, "current_params": {"N": 300, "isd": 0.11491002386903255, "isd2": 0.000356941497846289, "iss": 2.5805825991747557, "leak": 0.1, "ridge": 2.02205606416144e-07, "sr": 0.003414670754415231}}