{"returned_dict": {"loss": 2.8444691063514465, "Accuracy": 0.8335492747617416, "F1": 0.7053569219768387, "Lev. sim.": 0.45253176916399707, "status": "ok", "start_time": 1614613894.6550784, "duration": 33.73137712478638}, "current_params": {"N": 300, "isd": 0.0014776244648184605, "isd2": 0.005985586509991584, "iss": 0.13155004239139356, "leak": 0.1, "ridge": 8.606231715353162e-06, "sr": 3.380910767608587}}