{"returned_dict": {"loss": 2.8416326974136967, "Accuracy": 0.8336657030949566, "F1": 0.699703241589331, "Lev. sim.": 0.44403265264575636, "status": "ok", "start_time": 1614612515.569458, "duration": 34.32875967025757}, "current_params": {"N": 300, "isd": 0.0034366011582097344, "isd2": 0.000737640976746678, "iss": 0.35769853948079783, "leak": 0.1, "ridge": 0.1434940930996033, "sr": 0.014541805578104116}}