{"returned_dict": {"loss": 2.8425376395375928, "Accuracy": 0.8681972206191245, "F1": 0.7476198407839985, "Lev. sim.": 0.43478386669658586, "status": "ok", "start_time": 1614618545.1432142, "duration": 34.73714017868042}, "current_params": {"N": 300, "isd": 0.768042207639916, "isd2": 0.15620258488181266, "iss": 0.006946530042419786, "leak": 0.1, "ridge": 1.4314012984035278e-07, "sr": 0.022687477298690206}}