{"returned_dict": {"loss": 2.8488013430335974, "Accuracy": 0.8271449379645871, "F1": 0.6980174515716745, "Lev. sim.": 0.4448008829928421, "status": "ok", "start_time": 1614609858.9362826, "duration": 33.61570477485657}, "current_params": {"N": 300, "isd": 0.00037494309642671994, "isd2": 0.7591733937709144, "iss": 9.872250179607104, "leak": 0.1, "ridge": 0.009914929467335878, "sr": 0.002301003201886213}}