{"returned_dict": {"loss": 2.841729847516257, "Accuracy": 0.8377985194304006, "F1": 0.7061486847278035, "Lev. sim.": 0.45332646775354846, "status": "ok", "start_time": 1614611468.2081125, "duration": 34.03564786911011}, "current_params": {"N": 300, "isd": 0.051051107546035715, "isd2": 3.576809346566193e-05, "iss": 0.41144654949127984, "leak": 0.1, "ridge": 0.008764044588449324, "sr": 5.829855120559783}}