{"returned_dict": {"loss": 2.8503276898716425, "Accuracy": 0.8254074016519816, "F1": 0.6941222421842779, "Lev. sim.": 0.443428735107757, "status": "ok", "start_time": 1614611211.3476675, "duration": 35.7353458404541}, "current_params": {"N": 300, "isd": 2.9643925507677177e-05, "isd2": 0.00044957445007375117, "iss": 1.1989608038556647, "leak": 0.1, "ridge": 4.2132791451007327e-07, "sr": 0.19138787069204294}}