{"returned_dict": {"loss": 2.8551207610905607, "Accuracy": 0.8228981282946405, "F1": 0.690569593520347, "Lev. sim.": 0.4449508863667474, "status": "ok", "start_time": 1614609062.5950415, "duration": 35.637492656707764}, "current_params": {"N": 300, "isd": 0.00023723251806401433, "isd2": 0.003299359101398583, "iss": 8.325041509871122, "leak": 0.1, "ridge": 8.151805615264858e-08, "sr": 5.3974445388035814e-05}}