{"returned_dict": {"loss": 2.853423628878098, "Accuracy": 0.8436060188124959, "F1": 0.703837627087011, "Lev. sim.": 0.4415300213458176, "status": "ok", "start_time": 1614611317.2853992, "duration": 35.283716678619385}, "current_params": {"N": 300, "isd": 0.49692846107068805, "isd2": 3.8306784201218935, "iss": 0.04723402890261233, "leak": 0.1, "ridge": 7.4460890525923216e-09, "sr": 0.013732083530242132}}