{"returned_dict": {"loss": 2.8520599306441965, "Accuracy": 0.8242573840101961, "F1": 0.6925715469020493, "Lev. sim.": 0.4416057339838573, "status": "ok", "start_time": 1614617978.591103, "duration": 34.19462585449219}, "current_params": {"N": 300, "isd": 2.9916204993889623e-05, "isd2": 0.010556296153557685, "iss": 6.826842032204062, "leak": 0.1, "ridge": 0.0005960573552743258, "sr": 0.8094618483878697}}