{"returned_dict": {"loss": 2.851102080191395, "Accuracy": 0.8253682235980928, "F1": 0.693832404594904, "Lev. sim.": 0.4447820944589623, "status": "ok", "start_time": 1614608744.9411511, "duration": 34.21787691116333}, "current_params": {"N": 300, "isd": 0.00011388840244542303, "isd2": 0.00010943290976238361, "iss": 1.8664282655898377, "leak": 0.1, "ridge": 3.854206469320369e-05, "sr": 3.254060676502617}}