{"returned_dict": {"loss": 2.850328210024112, "Accuracy": 0.8268446431081999, "F1": 0.6959640588547862, "Lev. sim.": 0.44890269431757923, "status": "ok", "start_time": 1614612657.0664923, "duration": 34.77437472343445}, "current_params": {"N": 300, "isd": 0.00017467716000585254, "isd2": 0.0014400217192171044, "iss": 0.7187405091739841, "leak": 0.1, "ridge": 0.02106621256875603, "sr": 2.597279554805921}}