{"returned_dict": {"loss": 2.8526309736072015, "Accuracy": 0.8250337284835061, "F1": 0.6610305793186158, "Lev. sim.": 0.4367533064867436, "status": "ok", "start_time": 1614613097.2494557, "duration": 34.94536089897156}, "current_params": {"N": 300, "isd": 7.109136920359261e-05, "isd2": 0.016131792663536485, "iss": 1.295275567112359e-05, "leak": 0.1, "ridge": 0.009987803681342364, "sr": 0.00018187226643452724}}