{"returned_dict": {"loss": 2.855931133829771, "Accuracy": 0.8372223995933776, "F1": 0.7118632990771944, "Lev. sim.": 0.45594620612472747, "status": "ok", "start_time": 1614610849.9606433, "duration": 34.042805433273315}, "current_params": {"N": 300, "isd": 0.0010933934723438524, "isd2": 0.0005540133945798705, "iss": 0.05117965382371853, "leak": 0.1, "ridge": 3.323820903126734e-07, "sr": 0.1751408127689824}}