{"returned_dict": {"loss": 2.850619047952813, "Accuracy": 0.8249169080826325, "F1": 0.6918316319605717, "Lev. sim.": 0.44281293732841454, "status": "ok", "start_time": 1614610536.8850374, "duration": 34.07111191749573}, "current_params": {"N": 300, "isd": 3.331360598295792e-05, "isd2": 0.00031510169693039873, "iss": 3.79387602165987, "leak": 0.1, "ridge": 4.216634158725949e-06, "sr": 1.7481319839509344}}