{"returned_dict": {"loss": 2.8552354187113496, "Accuracy": 0.8334392645314944, "F1": 0.7035611387230274, "Lev. sim.": 0.4519668989056119, "status": "ok", "start_time": 1614616376.1363378, "duration": 34.501381397247314}, "current_params": {"N": 300, "isd": 1.0713604344794122e-05, "isd2": 2.373603102405077e-05, "iss": 0.14004443257826807, "leak": 0.1, "ridge": 1.6259022866400234e-08, "sr": 0.00028006642373015604}}