{"returned_dict": {"loss": 2.860931159692142, "Accuracy": 0.8301546620302146, "F1": 0.70422575004659, "Lev. sim.": 0.4476382516375489, "status": "ok", "start_time": 1614611247.0848489, "duration": 35.86805248260498}, "current_params": {"N": 300, "isd": 9.32779447859969e-05, "isd2": 4.664054477521776e-05, "iss": 0.11383096064081272, "leak": 0.1, "ridge": 7.778330327266573e-08, "sr": 0.14742503925627493}}