{"returned_dict": {"loss": 2.8644268233617427, "Accuracy": 0.8195902695361165, "F1": 0.6433148396831457, "Lev. sim.": 0.40826614287727614, "status": "ok", "start_time": 1614615811.4378595, "duration": 35.680394887924194}, "current_params": {"N": 300, "isd": 0.0007805065811894694, "isd2": 0.06608585074539547, "iss": 0.00010525533172500617, "leak": 0.1, "ridge": 0.0023654063591353244, "sr": 5.5095874562876905e-05}}