{"returned_dict": {"loss": 2.862372055067134, "Accuracy": 0.8353892997359958, "F1": 0.6925541803497225, "Lev. sim.": 0.4393407484502574, "status": "ok", "start_time": 1614612827.1318598, "duration": 34.287550926208496}, "current_params": {"N": 300, "isd": 0.00045190404371510753, "isd2": 2.4590453009431035, "iss": 0.02698898660868454, "leak": 0.1, "ridge": 0.5245431011026748, "sr": 0.05462572332378741}}