{"returned_dict": {"loss": 2.863190291669974, "Accuracy": 0.8565147284305021, "F1": 0.7202069970011781, "Lev. sim.": 0.41277702332836197, "status": "ok", "start_time": 1614616650.2315228, "duration": 36.81206488609314}, "current_params": {"N": 300, "isd": 0.23551686761967852, "isd2": 0.0005460823271950314, "iss": 0.0010324431768781168, "leak": 0.1, "ridge": 6.8249159834594355e-06, "sr": 0.0005284515092905442}}