{"returned_dict": {"loss": 2.863799640285857, "Accuracy": 0.8392336952715389, "F1": 0.7103084230551431, "Lev. sim.": 0.45350083897828447, "status": "ok", "start_time": 1614611032.7061667, "duration": 34.770416498184204}, "current_params": {"N": 300, "isd": 0.0012214822092101987, "isd2": 0.0008046794172839264, "iss": 0.06779656735671565, "leak": 0.1, "ridge": 1.9181890333704214e-07, "sr": 0.022281603415114346}}