{"returned_dict": {"loss": 2.8632431010803256, "Accuracy": 0.8528132147936706, "F1": 0.7046502571681956, "Lev. sim.": 0.41059166025869853, "status": "ok", "start_time": 1614611431.9662123, "duration": 36.240012645721436}, "current_params": {"N": 300, "isd": 0.07959018396381895, "isd2": 8.441618000822184e-05, "iss": 0.0001633054556750374, "leak": 0.1, "ridge": 5.8774993503915615e-09, "sr": 0.49253444607278574}}