{"returned_dict": {"loss": 2.8699794736319966, "Accuracy": 0.8494252935622532, "F1": 0.6954856945535657, "Lev. sim.": 0.4145498400003727, "status": "ok", "start_time": 1614617908.1922336, "duration": 35.77619409561157}, "current_params": {"N": 300, "isd": 1.1260235341046256, "isd2": 0.42305172952664566, "iss": 0.005793360429762211, "leak": 0.1, "ridge": 4.1063278336531045e-09, "sr": 4.3859493359668116e-05}}