{"returned_dict": {"loss": 2.866512086297863, "Accuracy": 0.8371409365476428, "F1": 0.708373473958063, "Lev. sim.": 0.4589108989500826, "status": "ok", "start_time": 1614615181.4491708, "duration": 34.071268796920776}, "current_params": {"N": 300, "isd": 0.0017148839947336738, "isd2": 0.004925194637572535, "iss": 0.06299668145852189, "leak": 0.1, "ridge": 4.332179341007384e-07, "sr": 0.014161322516405412}}