{"returned_dict": {"loss": 2.877549200870591, "Accuracy": 0.8252119938795044, "F1": 0.6677118820484963, "Lev. sim.": 0.41508173606616483, "status": "ok", "start_time": 1614609509.633048, "duration": 35.92805528640747}, "current_params": {"N": 300, "isd": 0.0005486880869399633, "isd2": 0.4026596106622964, "iss": 0.0023555009360244675, "leak": 0.1, "ridge": 2.240046388001784e-09, "sr": 0.0022665041968697275}}