{"returned_dict": {"loss": 2.8728913296068668, "Accuracy": 0.8165402070199859, "F1": 0.673308259103975, "Lev. sim.": 0.44774915891817396, "status": "ok", "start_time": 1614614833.6974757, "duration": 34.58820152282715}, "current_params": {"N": 300, "isd": 2.0000787011385032e-05, "isd2": 3.139570441992008e-05, "iss": 0.011059600419377822, "leak": 0.1, "ridge": 0.03978760712276963, "sr": 9.74954853708059}}