{"returned_dict": {"loss": 2.877368741281471, "Accuracy": 0.8522341486173577, "F1": 0.7111147550918192, "Lev. sim.": 0.40915927017157455, "status": "ok", "start_time": 1614611536.0990136, "duration": 34.976557970047}, "current_params": {"N": 300, "isd": 4.307450157391815, "isd2": 0.0015640140979745801, "iss": 0.025544821493379263, "leak": 0.1, "ridge": 7.92357155802418e-09, "sr": 0.00018467500969002792}}