{"returned_dict": {"loss": 2.8756602994874347, "Accuracy": 0.8520381600710362, "F1": 0.7106430949752679, "Lev. sim.": 0.4066285973421916, "status": "ok", "start_time": 1614617431.8605735, "duration": 44.88001561164856}, "current_params": {"N": 300, "isd": 0.8725618467692823, "isd2": 1.0238654015328613e-05, "iss": 0.004576750219544566, "leak": 0.1, "ridge": 9.286842026774966e-06, "sr": 1.357419197595737e-05}}