{"returned_dict": {"loss": 2.8876144915259276, "Accuracy": 0.8197355790770604, "F1": 0.6556358913994613, "Lev. sim.": 0.406300105495339, "status": "ok", "start_time": 1614616572.0134866, "duration": 42.04721403121948}, "current_params": {"N": 300, "isd": 0.002380218018656463, "isd2": 0.746667607931224, "iss": 0.0044314718392586645, "leak": 0.1, "ridge": 3.0435491216629152e-09, "sr": 5.880699154487685e-05}}