{"returned_dict": {"loss": 2.8851431906055907, "Accuracy": 0.847485940229973, "F1": 0.7004855127848897, "Lev. sim.": 0.3987736308880615, "status": "ok", "start_time": 1614610252.330632, "duration": 35.54222226142883}, "current_params": {"N": 300, "isd": 5.394578586264787, "isd2": 0.0023618429838146173, "iss": 0.028442514392310665, "leak": 0.1, "ridge": 4.473545032939961e-08, "sr": 0.028895311162455885}}