{"returned_dict": {"loss": 2.8823664443820176, "Accuracy": 0.8311173685766582, "F1": 0.6599102610290382, "Lev. sim.": 0.40905585944619915, "status": "ok", "start_time": 1614609926.0871837, "duration": 35.06456708908081}, "current_params": {"N": 300, "isd": 1.9427489060277041, "isd2": 9.05097984865293, "iss": 0.06564434152767946, "leak": 0.1, "ridge": 5.2988419875619524e-08, "sr": 0.0017940834092005776}}