{"returned_dict": {"loss": 2.8990466898912803, "Accuracy": 0.8318338520555049, "F1": 0.6689523659631901, "Lev. sim.": 0.3824246236151878, "status": "ok", "start_time": 1614618330.3788838, "duration": 37.69906949996948}, "current_params": {"N": 300, "isd": 0.21979056200605945, "isd2": 2.1721952985428507e-05, "iss": 0.0003763251713657223, "leak": 0.1, "ridge": 6.667922599584719e-05, "sr": 0.0001345653196596011}}