{"returned_dict": {"loss": 2.8943608454278675, "Accuracy": 0.8187733708827544, "F1": 0.6494775194685496, "Lev. sim.": 0.403759009526701, "status": "ok", "start_time": 1614615500.9561782, "duration": 35.177974462509155}, "current_params": {"N": 300, "isd": 0.4959520411333111, "isd2": 7.898096503629788, "iss": 0.05243679365683953, "leak": 0.1, "ridge": 1.1942586924883245e-07, "sr": 0.0005086498783413735}}