{"returned_dict": {"loss": 2.8990684668001676, "Accuracy": 0.7959783907905627, "F1": 0.6474186273783594, "Lev. sim.": 0.432258201477722, "status": "ok", "start_time": 1614618117.941638, "duration": 35.27432346343994}, "current_params": {"N": 300, "isd": 0.0003932113957804131, "isd2": 2.7093721449767836e-05, "iss": 0.003251024050437324, "leak": 0.1, "ridge": 6.30767088684876e-05, "sr": 4.0229934212415275}}