{"returned_dict": {"loss": 2.8975824768473566, "Accuracy": 0.796041839995928, "F1": 0.6039187336502297, "Lev. sim.": 0.396561635277916, "status": "ok", "start_time": 1614613479.660542, "duration": 35.810847759246826}, "current_params": {"N": 300, "isd": 0.000285988248411184, "isd2": 0.06082856314209517, "iss": 2.3104466313708565e-05, "leak": 0.1, "ridge": 0.0008832628807802762, "sr": 0.015275328624598449}}