{"returned_dict": {"loss": 2.8956574207211685, "Accuracy": 0.8147773381434849, "F1": 0.6431908035099471, "Lev. sim.": 0.40006334290590423, "status": "ok", "start_time": 1614615321.0593555, "duration": 35.222267866134644}, "current_params": {"N": 300, "isd": 0.0017805670421580872, "isd2": 1.0220115020581102, "iss": 0.005604561667587757, "leak": 0.1, "ridge": 9.765935931482584e-09, "sr": 0.0007329000987019854}}