{"returned_dict": {"loss": 2.8941339355597977, "Accuracy": 0.7984694957511523, "F1": 0.6048282941463436, "Lev. sim.": 0.3913427965720352, "status": "ok", "start_time": 1614611817.1995788, "duration": 36.938265323638916}, "current_params": {"N": 300, "isd": 3.894337357167475e-05, "isd2": 0.06958527282852907, "iss": 3.892595640937169e-05, "leak": 0.1, "ridge": 2.563347700998538e-08, "sr": 0.02633373438390702}}