{"returned_dict": {"loss": 2.904215199277261, "Accuracy": 0.802527916553738, "F1": 0.5972032703311917, "Lev. sim.": 0.3943746575589214, "status": "ok", "start_time": 1614618012.7883406, "duration": 36.603020429611206}, "current_params": {"N": 300, "isd": 0.011154107718870293, "isd2": 0.08099308672475909, "iss": 1.098430550610952e-05, "leak": 0.1, "ridge": 7.731105439162419e-07, "sr": 1.2214737884631152e-05}}