{"returned_dict": {"loss": 2.90335816150748, "Accuracy": 0.8355921510524734, "F1": 0.6730370864286128, "Lev. sim.": 0.3846931770013232, "status": "ok", "start_time": 1614613062.223612, "duration": 35.023945808410645}, "current_params": {"N": 300, "isd": 8.959511746064035, "isd2": 0.0003177660036584302, "iss": 0.035421316861227084, "leak": 0.1, "ridge": 1.9332386189002635e-06, "sr": 0.23634294424308464}}