{"returned_dict": {"loss": 2.9022599435383216, "Accuracy": 0.8115394958747926, "F1": 0.5901191868187284, "Lev. sim.": 0.4607493407407734, "status": "ok", "start_time": 1614617395.7534788, "duration": 36.10478353500366}, "current_params": {"N": 300, "isd": 0.00010301632097163641, "isd2": 0.003264660212811223, "iss": 2.867448163767687e-05, "leak": 0.1, "ridge": 0.8909113833386331, "sr": 0.1336962232965014}}