{"returned_dict": {"loss": 2.917955554582534, "Accuracy": 0.8232718703851388, "F1": 0.6506923913176207, "Lev. sim.": 0.36939151253990843, "status": "ok", "start_time": 1614612620.8824809, "duration": 36.18207049369812}, "current_params": {"N": 300, "isd": 1.168982118338724, "isd2": 0.014031823249042204, "iss": 0.002911820742841569, "leak": 0.1, "ridge": 2.181257176606143e-05, "sr": 0.005055765515769144}}