{"returned_dict": {"loss": 2.916473742896, "Accuracy": 0.7855042402154837, "F1": 0.5673132564727661, "Lev. sim.": 0.37553301504193204, "status": "ok", "start_time": 1614609205.1101344, "duration": 39.115556955337524}, "current_params": {"N": 300, "isd": 0.004330647921674756, "isd2": 0.12384182121695367, "iss": 4.418368747736685e-05, "leak": 0.1, "ridge": 5.86790186138799e-07, "sr": 0.0005082649261971314}}