{"returned_dict": {"loss": 2.9163483557433176, "Accuracy": 0.816078717379175, "F1": 0.6164807627431277, "Lev. sim.": 0.3700293371592117, "status": "ok", "start_time": 1614612357.9973588, "duration": 36.16855216026306}, "current_params": {"N": 300, "isd": 1.2508199204953794, "isd2": 0.6516258133642173, "iss": 0.0005154761415067295, "leak": 0.1, "ridge": 0.8408384827398672, "sr": 0.00679082546070177}}