{"returned_dict": {"loss": 2.9193764850722466, "Accuracy": 0.8167521053823521, "F1": 0.6502259686448835, "Lev. sim.": 0.3600900809904868, "status": "ok", "start_time": 1614613374.66406, "duration": 37.039626121520996}, "current_params": {"N": 300, "isd": 0.3000062535491394, "isd2": 5.585410223872087e-05, "iss": 0.00031261994920903064, "leak": 0.1, "ridge": 1.215480090265495e-06, "sr": 0.003175554127290994}}