{"returned_dict": {"loss": 2.9272713409316222, "Accuracy": 0.79446125236613, "F1": 0.5737183109949343, "Lev. sim.": 0.36042145808446147, "status": "ok", "start_time": 1614610181.8866746, "duration": 36.6654098033905}, "current_params": {"N": 300, "isd": 0.13320410370747465, "isd2": 0.7811996715183509, "iss": 0.0016008317666772395, "leak": 0.1, "ridge": 7.240322515747571e-07, "sr": 0.0005073324591093299}}