{"returned_dict": {"loss": 2.925921217257512, "Accuracy": 0.7954401856175946, "F1": 0.5927568314878146, "Lev. sim.": 0.37080507689095754, "status": "ok", "start_time": 1614609280.0293055, "duration": 38.29086709022522}, "current_params": {"N": 300, "isd": 0.0068996779918431205, "isd2": 2.8607161919184376, "iss": 0.011065119054453764, "leak": 0.1, "ridge": 0.11046794481460255, "sr": 5.581807405724816}}