{"returned_dict": {"loss": 2.9275200704358815, "Accuracy": 0.8168488013366175, "F1": 0.6384570404233509, "Lev. sim.": 0.36069619564758704, "status": "ok", "start_time": 1614615249.6342962, "duration": 36.93713188171387}, "current_params": {"N": 300, "isd": 2.4287831731645664, "isd2": 0.08950927968636162, "iss": 0.005606656450088511, "leak": 0.1, "ridge": 1.0008639954935672e-09, "sr": 1.579882441877379}}