{"returned_dict": {"loss": 2.9385931034552777, "Accuracy": 0.8047958122959458, "F1": 0.6376849295948099, "Lev. sim.": 0.34693340759253316, "status": "ok", "start_time": 1614618897.6185963, "duration": 42.02374529838562}, "current_params": {"N": 300, "isd": 0.22930988062434268, "isd2": 0.02418518660460796, "iss": 1.0860668129591818e-05, "leak": 0.1, "ridge": 7.648382001864602e-09, "sr": 0.00016244579504109095}}