{"returned_dict": {"loss": 2.9332785682222715, "Accuracy": 0.7937818539427466, "F1": 0.5796959694507307, "Lev. sim.": 0.362082211168433, "status": "ok", "start_time": 1614614481.6255515, "duration": 37.137983083724976}, "current_params": {"N": 300, "isd": 0.08792268613741279, "isd2": 0.3013061145190547, "iss": 3.5363015332897576e-05, "leak": 0.1, "ridge": 2.167935224960699e-05, "sr": 0.0004135486871797826}}