{"returned_dict": {"loss": 2.9303756094247495, "Accuracy": 0.7891839065261247, "F1": 0.5836222615736972, "Lev. sim.": 0.3628926009823846, "status": "ok", "start_time": 1614616093.825641, "duration": 36.47090458869934}, "current_params": {"N": 300, "isd": 0.0008034639629595671, "isd2": 6.680647355667513, "iss": 0.02338346174829251, "leak": 0.1, "ridge": 0.1025548079289333, "sr": 1.9446642844167458e-05}}