{"returned_dict": {"loss": 2.9325844191083323, "Accuracy": 0.7876921265963472, "F1": 0.561849337971257, "Lev. sim.": 0.35881441879074155, "status": "ok", "start_time": 1614615003.996909, "duration": 36.81592392921448}, "current_params": {"N": 300, "isd": 0.10816374928223024, "isd2": 0.820503661873164, "iss": 0.001607038597440397, "leak": 0.1, "ridge": 1.09620219981592e-08, "sr": 0.00045059331900485536}}