{"returned_dict": {"loss": 2.9389195812410587, "Accuracy": 0.8080333046403514, "F1": 0.6317787632887679, "Lev. sim.": 0.3459603697606218, "status": "ok", "start_time": 1614614035.5187428, "duration": 36.99261426925659}, "current_params": {"N": 300, "isd": 8.279791073230234, "isd2": 0.0008273808419294751, "iss": 0.016677402084103437, "leak": 0.1, "ridge": 0.1376852930414474, "sr": 0.0035981622652837323}}