{"returned_dict": {"loss": 2.9442960574208903, "Accuracy": 0.7925296457573143, "F1": 0.5838559385575541, "Lev. sim.": 0.34101118936212543, "status": "ok", "start_time": 1614613304.4147956, "duration": 37.16536855697632}, "current_params": {"N": 300, "isd": 0.9938361014144649, "isd2": 2.3537027394948455, "iss": 0.0010599966408036691, "leak": 0.1, "ridge": 1.3369403582253038e-07, "sr": 0.00017591138075261317}}