{"returned_dict": {"loss": 2.948858490056927, "Accuracy": 0.7658250026929225, "F1": 0.5347988048008812, "Lev. sim.": 0.35591285079637586, "status": "ok", "start_time": 1614608673.0174375, "duration": 37.58869791030884}, "current_params": {"N": 300, "isd": 0.011035496785610728, "isd2": 0.2627631207906817, "iss": 4.692327823747263e-05, "leak": 0.1, "ridge": 3.792699631385421e-07, "sr": 0.004486914979065237}}