{"returned_dict": {"loss": 2.941887394122317, "Accuracy": 0.7732776557092687, "F1": 0.5394196277956798, "Lev. sim.": 0.3503783328813266, "status": "ok", "start_time": 1614612584.1532586, "duration": 36.7199764251709}, "current_params": {"N": 300, "isd": 0.010577285602945978, "isd2": 0.4687936902156039, "iss": 0.0004732159421661965, "leak": 0.1, "ridge": 1.9417082461973408e-08, "sr": 0.0072542189607681705}}