{"returned_dict": {"loss": 2.945419114838134, "Accuracy": 0.8015480312076964, "F1": 0.6146951532005266, "Lev. sim.": 0.34725868161896106, "status": "ok", "start_time": 1614616943.3686268, "duration": 41.411266565322876}, "current_params": {"N": 300, "isd": 0.8281157575769489, "isd2": 0.19902899705114696, "iss": 0.00015776599864641082, "leak": 0.1, "ridge": 1.2584628830980909e-09, "sr": 0.09419768923146414}}