{"returned_dict": {"loss": 2.945652488035682, "Accuracy": 0.7719116634022558, "F1": 0.5426756051183428, "Lev. sim.": 0.34818863195040517, "status": "ok", "start_time": 1614616270.232089, "duration": 37.32102632522583}, "current_params": {"N": 300, "isd": 0.00013064840604849916, "isd2": 0.9104053901510938, "iss": 0.0014464012118946175, "leak": 0.1, "ridge": 1.8120945977970507e-07, "sr": 4.247565265139375e-05}}