{"returned_dict": {"loss": 2.9473221527291695, "Accuracy": 0.794877089705633, "F1": 0.6262336519266638, "Lev. sim.": 0.3305397040960241, "status": "ok", "start_time": 1614610287.8746912, "duration": 38.47505831718445}, "current_params": {"N": 300, "isd": 0.5756223756128902, "isd2": 1.2332364020030385e-05, "iss": 0.0002487365392352879, "leak": 0.1, "ridge": 0.08778096200952513, "sr": 0.05747368713433346}}