{"returned_dict": {"loss": 2.9482462379092587, "Accuracy": 0.7678874791136846, "F1": 0.5349804883307819, "Lev. sim.": 0.3466010420158495, "status": "ok", "start_time": 1614618985.2935731, "duration": 47.559282064437866}, "current_params": {"N": 300, "isd": 3.319368252194486e-05, "isd2": 0.4518143474566746, "iss": 0.00029276433628299883, "leak": 0.1, "ridge": 1.1053287848715718e-06, "sr": 0.07030557753844906}}