{"returned_dict": {"loss": 2.9494801849319474, "Accuracy": 0.7958449304975955, "F1": 0.6218052730460767, "Lev. sim.": 0.3298053462904206, "status": "ok", "start_time": 1614615773.489145, "duration": 37.94578671455383}, "current_params": {"N": 300, "isd": 1.122974707658962, "isd2": 5.35524096272411e-05, "iss": 0.0010623877818657485, "leak": 0.1, "ridge": 1.8498330762588456e-05, "sr": 1.7417880606489387e-05}}