{"returned_dict": {"loss": 2.9449679356742005, "Accuracy": 0.7922066459947019, "F1": 0.5920419783398619, "Lev. sim.": 0.3383077443200549, "status": "ok", "start_time": 1614615356.2840044, "duration": 37.19858145713806}, "current_params": {"N": 300, "isd": 4.635669754259111, "isd2": 8.637283898812612, "iss": 0.0029510649841199867, "leak": 0.1, "ridge": 0.00027123471070204813, "sr": 9.572010438375687e-05}}