{"returned_dict": {"loss": 2.9476718435518436, "Accuracy": 0.7720409625716093, "F1": 0.5450124805763241, "Lev. sim.": 0.34650225690089875, "status": "ok", "start_time": 1614614402.6604314, "duration": 37.05286931991577}, "current_params": {"N": 300, "isd": 0.0025382526116724756, "isd2": 2.0736755885044102, "iss": 0.004169328182291108, "leak": 0.1, "ridge": 0.014976031723242801, "sr": 0.2137652632638529}}