{"returned_dict": {"loss": 2.9455538203191267, "Accuracy": 0.7667448296278481, "F1": 0.5410936462748237, "Lev. sim.": 0.3588117279748707, "status": "ok", "start_time": 1614616722.7481754, "duration": 38.10147428512573}, "current_params": {"N": 300, "isd": 1.2878527494340394e-05, "isd2": 0.21373548692805724, "iss": 3.315062043200365e-05, "leak": 0.1, "ridge": 2.7123259334439833e-08, "sr": 0.0014369377266487495}}