{"returned_dict": {"loss": 2.9598286943105943, "Accuracy": 0.7605841565342072, "F1": 0.524385663645436, "Lev. sim.": 0.33734266798573465, "status": "ok", "start_time": 1614614365.0220368, "duration": 37.63623309135437}, "current_params": {"N": 300, "isd": 1.201091308817731e-05, "isd2": 0.7226699611458205, "iss": 0.0004386432243289192, "leak": 0.1, "ridge": 4.59254747471551e-05, "sr": 8.105502513030001e-05}}