{"returned_dict": {"loss": 2.951697415035931, "Accuracy": 0.7705793688190344, "F1": 0.5445832260513018, "Lev. sim.": 0.34165032327263756, "status": "ok", "start_time": 1614611606.228738, "duration": 38.553234815597534}, "current_params": {"N": 300, "isd": 2.1853598163428568e-05, "isd2": 5.043277029873772, "iss": 0.010712382326305806, "leak": 0.1, "ridge": 1.2967971021533526e-08, "sr": 0.23388229662024748}}