{"returned_dict": {"loss": 2.9510617273266604, "Accuracy": 0.7864309229952532, "F1": 0.5771720624114168, "Lev. sim.": 0.3451721913950826, "status": "ok", "start_time": 1614613683.1459854, "duration": 37.49351501464844}, "current_params": {"N": 300, "isd": 0.5046878687888368, "isd2": 1.3029411703183256, "iss": 0.00013363913027068393, "leak": 0.1, "ridge": 4.391638323839556e-09, "sr": 0.024089532298929663}}