{"returned_dict": {"loss": 2.965223719884448, "Accuracy": 0.766209838870932, "F1": 0.5311711593454835, "Lev. sim.": 0.3292090443976625, "status": "ok", "start_time": 1614618291.612393, "duration": 38.7641487121582}, "current_params": {"N": 300, "isd": 0.07555814689754033, "isd2": 1.191521275498482, "iss": 0.0017648074675500384, "leak": 0.1, "ridge": 0.03660378234850368, "sr": 3.7016605312562945}}