{"returned_dict": {"loss": 2.96526600696541, "Accuracy": 0.7743436467513096, "F1": 0.5650863772748513, "Lev. sim.": 0.32930715975253866, "status": "ok", "start_time": 1614618688.0950148, "duration": 40.92250156402588}, "current_params": {"N": 300, "isd": 1.3292125827271912, "isd2": 3.3440016367049696, "iss": 0.00016589787466019283, "leak": 0.1, "ridge": 4.218229458140958e-08, "sr": 0.0001728692314380095}}