{"returned_dict": {"loss": 2.9645706502349007, "Accuracy": 0.758370668056147, "F1": 0.5231254558866117, "Lev. sim.": 0.3352599175497047, "status": "ok", "start_time": 1614613166.4725647, "duration": 37.16654562950134}, "current_params": {"N": 300, "isd": 0.0006907902601793113, "isd2": 2.127552268616083, "iss": 0.0025433821895225876, "leak": 0.1, "ridge": 8.670313341164205e-08, "sr": 0.0025965099574004145}}