{"returned_dict": {"loss": 2.9766987560139047, "Accuracy": 0.7658955409778013, "F1": 0.6001035322089403, "Lev. sim.": 0.2999590287190056, "status": "ok", "start_time": 1614618768.9731674, "duration": 42.1559042930603}, "current_params": {"N": 300, "isd": 2.140502133553715, "isd2": 0.0001940644955507039, "iss": 0.00029297602663668865, "leak": 0.1, "ridge": 3.3504586204630906e-08, "sr": 0.003321454322431784}}