{"returned_dict": {"loss": 2.9751721789095282, "Accuracy": 0.7758625618773557, "F1": 0.5942407201011963, "Lev. sim.": 0.314914331156632, "status": "ok", "start_time": 1614608813.5700932, "duration": 38.7599151134491}, "current_params": {"N": 300, "isd": 3.187216348531548, "isd2": 0.5752888448341194, "iss": 4.953312100446135e-05, "leak": 0.1, "ridge": 1.892720848682373e-09, "sr": 7.879521515804311e-05}}