{"returned_dict": {"loss": 2.974025149541305, "Accuracy": 0.7689726030412467, "F1": 0.6002928518843469, "Lev. sim.": 0.30313979767747157, "status": "ok", "start_time": 1614617058.8519247, "duration": 42.77949142456055}, "current_params": {"N": 300, "isd": 1.9666175848534202, "isd2": 0.05020720193742024, "iss": 0.0003481834334181035, "leak": 0.1, "ridge": 2.7245722563738515e-09, "sr": 6.819097242605408e-05}}