{"returned_dict": {"loss": 2.9766267304244844, "Accuracy": 0.7663815021442749, "F1": 0.6006801835624109, "Lev. sim.": 0.3025035099019807, "status": "ok", "start_time": 1614610884.0052028, "duration": 39.309670209884644}, "current_params": {"N": 300, "isd": 1.9465201129586274, "isd2": 0.030157135402062284, "iss": 0.00022388902994814665, "leak": 0.1, "ridge": 0.00023253830421864392, "sr": 0.007393524805825359}}