{"returned_dict": {"loss": 2.9742048308214564, "Accuracy": 0.7653620559192287, "F1": 0.5458863690482113, "Lev. sim.": 0.3243738000190698, "status": "ok", "start_time": 1614619147.209715, "duration": 42.71448731422424}, "current_params": {"N": 300, "isd": 0.6754929891588322, "isd2": 2.249728718406278, "iss": 0.00012126202265403562, "leak": 0.1, "ridge": 1.0702610388334223e-09, "sr": 0.019875530262015294}}