{"returned_dict": {"loss": 2.975414685326604, "Accuracy": 0.7504538921314239, "F1": 0.5143113654619844, "Lev. sim.": 0.3229416256369471, "status": "ok", "start_time": 1614611139.0491073, "duration": 38.07266879081726}, "current_params": {"N": 300, "isd": 0.003188342986241512, "isd2": 4.392795945125213, "iss": 0.004368395326501837, "leak": 0.1, "ridge": 3.381574332086794e-05, "sr": 0.01207842605114423}}