{"returned_dict": {"loss": 2.9814482848051957, "Accuracy": 0.7485573060302342, "F1": 0.5095404014980021, "Lev. sim.": 0.32553556165931335, "status": "ok", "start_time": 1614617767.398321, "duration": 37.61198139190674}, "current_params": {"N": 300, "isd": 0.1223972424552645, "isd2": 1.2797439467176077, "iss": 0.00019388279969910247, "leak": 0.1, "ridge": 0.0006439426558034491, "sr": 0.00010519612208066558}}