{"returned_dict": {"loss": 2.9823384462671183, "Accuracy": 0.7645527462465667, "F1": 0.59368427321515, "Lev. sim.": 0.3008346388339806, "status": "ok", "start_time": 1614611960.7823503, "duration": 40.721328258514404}, "current_params": {"N": 300, "isd": 2.0902786992062916, "isd2": 0.16292402403111889, "iss": 2.437098785934143e-05, "leak": 0.1, "ridge": 6.063429170963324e-07, "sr": 0.001193678931950446}}