{"returned_dict": {"loss": 2.984356232204269, "Accuracy": 0.7596232605891184, "F1": 0.5951735110831795, "Lev. sim.": 0.29292066838100744, "status": "ok", "start_time": 1614618505.8175805, "duration": 39.32323479652405}, "current_params": {"N": 300, "isd": 5.017943328215884, "isd2": 0.00012241461193089842, "iss": 0.0006997656558421093, "leak": 0.1, "ridge": 2.9997209280963484e-05, "sr": 0.14409217560586232}}