{"returned_dict": {"loss": 2.9855824302962333, "Accuracy": 0.757805974685238, "F1": 0.5939910832524737, "Lev. sim.": 0.293023729196476, "status": "ok", "start_time": 1614615915.2688446, "duration": 40.41426134109497}, "current_params": {"N": 300, "isd": 3.434107234053424, "isd2": 0.005930289720909606, "iss": 0.0002136129121312053, "leak": 0.1, "ridge": 7.933363606138534e-06, "sr": 0.00011496698422718865}}