{"returned_dict": {"loss": 2.9830498151961056, "Accuracy": 0.7458036259554401, "F1": 0.5099758478764823, "Lev. sim.": 0.3160767093049729, "status": "ok", "start_time": 1614611888.3869283, "duration": 38.54340887069702}, "current_params": {"N": 300, "isd": 0.0019032519778012474, "isd2": 6.926610666772347, "iss": 0.0061179768344125935, "leak": 0.1, "ridge": 0.0003543044736027593, "sr": 2.29927575769545}}