{"returned_dict": {"loss": 2.9858070069896785, "Accuracy": 0.758440273409359, "F1": 0.5948536487141011, "Lev. sim.": 0.29539323880216867, "status": "ok", "start_time": 1614614658.7446983, "duration": 39.478245973587036}, "current_params": {"N": 300, "isd": 2.45660919889118, "isd2": 1.694763542568864e-05, "iss": 6.784449038087605e-05, "leak": 0.1, "ridge": 0.00010121265408974411, "sr": 5.960712481970013e-05}}