{"returned_dict": {"loss": 2.984396015421552, "Accuracy": 0.7447003107284148, "F1": 0.5045954219117443, "Lev. sim.": 0.319649906720746, "status": "ok", "start_time": 1614609387.3649144, "duration": 38.78873038291931}, "current_params": {"N": 300, "isd": 0.11872644196586711, "isd2": 2.0343395993164632, "iss": 0.0006826537081380482, "leak": 0.1, "ridge": 0.007054800684893701, "sr": 0.0010650780595577488}}