{"returned_dict": {"loss": 2.9885738549483616, "Accuracy": 0.757335565826195, "F1": 0.5967393984867648, "Lev. sim.": 0.2898573776531227, "status": "ok", "start_time": 1614618614.0826705, "duration": 40.56092309951782}, "current_params": {"N": 300, "isd": 1.340466776477396, "isd2": 0.016824059296993155, "iss": 2.5610745783521206e-05, "leak": 0.1, "ridge": 6.485365381897978e-05, "sr": 0.023896621422748978}}