{"returned_dict": {"loss": 2.989301487793842, "Accuracy": 0.7384091294653724, "F1": 0.5017267909372058, "Lev. sim.": 0.313666725052608, "status": "ok", "start_time": 1614615393.4849646, "duration": 38.94190573692322}, "current_params": {"N": 300, "isd": 0.000654715363501693, "isd2": 1.963218990711868, "iss": 0.0003453415754827205, "leak": 0.1, "ridge": 2.582106132694892e-08, "sr": 0.0387173203211038}}