{"returned_dict": {"loss": 2.9844787421586436, "Accuracy": 0.7444300626047904, "F1": 0.5091473018744616, "Lev. sim.": 0.33001438935535893, "status": "ok", "start_time": 1614612319.9032505, "duration": 38.092079877853394}, "current_params": {"N": 300, "isd": 0.007622125494568235, "isd2": 0.7179170620004939, "iss": 3.448163385995583e-05, "leak": 0.1, "ridge": 0.0028443601526285307, "sr": 7.215707073998133e-05}}