{"returned_dict": {"loss": 2.9847506709128986, "Accuracy": 0.7582047412687202, "F1": 0.5940724872692169, "Lev. sim.": 0.29315449891882694, "status": "ok", "start_time": 1614612394.1679559, "duration": 39.539745807647705}, "current_params": {"N": 300, "isd": 4.391234106900158, "isd2": 0.0002124163000051788, "iss": 0.00042253852499868886, "leak": 0.1, "ridge": 7.856839125851458e-09, "sr": 0.001211564433840948}}