{"returned_dict": {"loss": 2.982900441162834, "Accuracy": 0.7701027157318808, "F1": 0.546201943601188, "Lev. sim.": 0.3638265473341402, "status": "ok", "start_time": 1614618729.0199673, "duration": 39.94995307922363}, "current_params": {"N": 300, "isd": 0.0005521025865620951, "isd2": 5.463095729268855e-05, "iss": 2.6289853245813632e-05, "leak": 0.1, "ridge": 0.01209260779554114, "sr": 0.05797440746966579}}