{"returned_dict": {"loss": 2.9931347540175905, "Accuracy": 0.7494498270711255, "F1": 0.5881518336512814, "Lev. sim.": 0.28445000359914585, "status": "ok", "start_time": 1614610923.3167758, "duration": 39.92769646644592}, "current_params": {"N": 300, "isd": 8.70689752182121, "isd2": 2.0824602993315188e-05, "iss": 0.00018760154583384857, "leak": 0.1, "ridge": 5.014242729363338e-09, "sr": 0.004293151200524074}}