{"returned_dict": {"loss": 2.99910416705442, "Accuracy": 0.7577884007498179, "F1": 0.639913544493365, "Lev. sim.": 0.3383668293304775, "status": "ok", "start_time": 1614611101.0024216, "duration": 38.044981718063354}, "current_params": {"N": 300, "isd": 0.17905833856705056, "isd2": 0.0034240476028037153, "iss": 0.00019067898419792182, "leak": 0.1, "ridge": 1.205208535758851e-08, "sr": 9.7251679799822}}