{"returned_dict": {"loss": 2.993612412156774, "Accuracy": 0.7414909668846945, "F1": 0.6033722127200549, "Lev. sim.": 0.28166397359439477, "status": "ok", "start_time": 1614614618.1662679, "duration": 40.57631516456604}, "current_params": {"N": 300, "isd": 0.2650162886176642, "isd2": 0.0006725690391220247, "iss": 1.3134637890043223e-05, "leak": 0.1, "ridge": 1.5472700182866975e-08, "sr": 0.20741179780836583}}