{"returned_dict": {"loss": 2.9925393559144484, "Accuracy": 0.7515207926592481, "F1": 0.5890411431084379, "Lev. sim.": 0.2864401295181306, "status": "ok", "start_time": 1614619419.6515021, "duration": 43.82593131065369}, "current_params": {"N": 300, "isd": 5.32820048502513, "isd2": 0.00022547454877594917, "iss": 4.338402324913998e-05, "leak": 0.1, "ridge": 0.0036497156712438843, "sr": 0.0008057426475192454}}