{"returned_dict": {"loss": 2.9904116981131468, "Accuracy": 0.7534041915854605, "F1": 0.5899359566262362, "Lev. sim.": 0.2894663400869134, "status": "ok", "start_time": 1614613854.9740639, "duration": 39.671993017196655}, "current_params": {"N": 300, "isd": 4.52896285907409, "isd2": 0.00033125567014753385, "iss": 5.9264665374968915e-05, "leak": 0.1, "ridge": 6.9679558131695135e-09, "sr": 0.0038286903100624883}}