{"returned_dict": {"loss": 2.994121772266161, "Accuracy": 0.7496037777660177, "F1": 0.5880400875171723, "Lev. sim.": 0.28461235644576516, "status": "ok", "start_time": 1614609468.652479, "duration": 40.97831153869629}, "current_params": {"N": 300, "isd": 9.068932421253251, "isd2": 0.11988536524248344, "iss": 5.319010481302178e-05, "leak": 0.1, "ridge": 0.0004734812030090934, "sr": 5.308795136296115e-05}}