{"returned_dict": {"loss": 2.9936987326702096, "Accuracy": 0.7479909585204104, "F1": 0.5890664503208362, "Lev. sim.": 0.28050341692797726, "status": "ok", "start_time": 1614614112.68526, "duration": 40.40658497810364}, "current_params": {"N": 300, "isd": 4.332061181353498, "isd2": 0.0010847013972644071, "iss": 0.00045397462595883566, "leak": 0.1, "ridge": 2.7047754776650443e-07, "sr": 0.4207585778473654}}