{"returned_dict": {"loss": 2.9957107809256507, "Accuracy": 0.7482833334447211, "F1": 0.5865726711975149, "Lev. sim.": 0.2825792539525601, "status": "ok", "start_time": 1614616795.760169, "duration": 41.2419867515564}, "current_params": {"N": 300, "isd": 5.712557130982893, "isd2": 0.03635603522957351, "iss": 3.123665049799472e-05, "leak": 0.1, "ridge": 0.06301934860654525, "sr": 0.0006144798359248982}}