{"returned_dict": {"loss": 2.9995109193430087, "Accuracy": 0.7295595653608495, "F1": 0.493264157357558, "Lev. sim.": 0.30294859885178443, "status": "ok", "start_time": 1614613962.7084434, "duration": 39.12540030479431}, "current_params": {"N": 300, "isd": 0.03523336311188542, "isd2": 4.050072551786296, "iss": 0.0005674691258484724, "leak": 0.1, "ridge": 8.849393152611749e-09, "sr": 1.9436126057129258e-05}}