{"returned_dict": {"loss": 2.9958092293470764, "Accuracy": 0.7467660229215453, "F1": 0.5196105322070077, "Lev. sim.": 0.31032642898236823, "status": "ok", "start_time": 1614610143.751219, "duration": 38.133376121520996}, "current_params": {"N": 300, "isd": 0.7448923845881533, "isd2": 3.5831476267897773, "iss": 1.894107143085752e-05, "leak": 0.1, "ridge": 7.855631602385598e-05, "sr": 0.0024686041403824705}}