{"returned_dict": {"loss": 2.9934167907729177, "Accuracy": 0.7502564236184275, "F1": 0.5881028228513753, "Lev. sim.": 0.2844938846676834, "status": "ok", "start_time": 1614614072.5133655, "duration": 40.16929244995117}, "current_params": {"N": 300, "isd": 7.188712044551305, "isd2": 0.012262284559622527, "iss": 6.328265092142071e-05, "leak": 0.1, "ridge": 0.0027546420485321152, "sr": 0.008973445463783543}}