{"returned_dict": {"loss": 3.0072129043202174, "Accuracy": 0.7314169230718863, "F1": 0.5795205612680154, "Lev. sim.": 0.2681015729221133, "status": "ok", "start_time": 1614612474.9460425, "duration": 40.62135028839111}, "current_params": {"N": 300, "isd": 6.508970633800791, "isd2": 0.013043422534766444, "iss": 8.607604216137905e-05, "leak": 0.1, "ridge": 4.0352158044140254e-07, "sr": 0.12457183566240816}}