{"returned_dict": {"loss": 3.0021530114101127, "Accuracy": 0.7291475583738487, "F1": 0.49165296823523763, "Lev. sim.": 0.30342786002143185, "status": "ok", "start_time": 1614615108.7577162, "duration": 38.74067282676697}, "current_params": {"N": 300, "isd": 0.3857074005382027, "isd2": 6.798383228888324, "iss": 0.0014336811000358154, "leak": 0.1, "ridge": 0.0015836144291998964, "sr": 0.011894064081700828}}