{"returned_dict": {"loss": 3.0009349219790167, "Accuracy": 0.7388494513499206, "F1": 0.5807473852620288, "Lev. sim.": 0.27256865857838625, "status": "ok", "start_time": 1614612245.6831074, "duration": 40.03050088882446}, "current_params": {"N": 300, "isd": 5.116916972297665, "isd2": 0.22583867629393156, "iss": 0.00038306844298444017, "leak": 0.1, "ridge": 4.1233435999064526e-06, "sr": 0.532970264781003}}