{"returned_dict": {"loss": 3.018940646397073, "Accuracy": 0.704929872716048, "F1": 0.5024065986430113, "Lev. sim.": 0.27224774792580964, "status": "ok", "start_time": 1614610428.36606, "duration": 40.94271421432495}, "current_params": {"N": 300, "isd": 0.000848111297268095, "isd2": 0.3112164112468497, "iss": 2.1324791342193225e-05, "leak": 0.1, "ridge": 7.94959490260653e-05, "sr": 0.41180648980158235}}