{"returned_dict": {"loss": 3.0138289279573107, "Accuracy": 0.7215310597846847, "F1": 0.5716836603828453, "Lev. sim.": 0.26378485370800914, "status": "ok", "start_time": 1614612433.7096114, "duration": 41.234535455703735}, "current_params": {"N": 300, "isd": 1.2861571710153186, "isd2": 3.747477212145981e-05, "iss": 0.00017330045513878474, "leak": 0.1, "ridge": 4.917313412969263e-08, "sr": 4.457217427380944}}