{"returned_dict": {"loss": 3.0187159094458513, "Accuracy": 0.7163656250897661, "F1": 0.4881662363624824, "Lev. sim.": 0.29263330495797524, "status": "ok", "start_time": 1614616452.3055522, "duration": 41.86289954185486}, "current_params": {"N": 300, "isd": 0.00640672878519337, "isd2": 5.902091389042768, "iss": 2.5886142884251508e-05, "leak": 0.1, "ridge": 0.020347895605528483, "sr": 2.0786824469505783e-05}}