{"returned_dict": {"loss": 3.023783925347678, "Accuracy": 0.7076817067266288, "F1": 0.5667588485547788, "Lev. sim.": 0.2563718527088633, "status": "ok", "start_time": 1614614323.3148198, "duration": 41.705137729644775}, "current_params": {"N": 300, "isd": 5.806198281378123, "isd2": 6.767907820392756e-05, "iss": 1.3279101270461797e-05, "leak": 0.1, "ridge": 1.443450068944321e-08, "sr": 0.11346374514555434}}