{"returned_dict": {"loss": 3.033859626127498, "Accuracy": 0.689419019711306, "F1": 0.47731525296159943, "Lev. sim.": 0.2597306756973662, "status": "ok", "start_time": 1614616410.6403427, "duration": 41.66279172897339}, "current_params": {"N": 300, "isd": 4.7976394975991884e-05, "isd2": 1.3889710975790641, "iss": 6.041512930318572e-05, "leak": 0.1, "ridge": 0.0003635200502980994, "sr": 0.3491887376571687}}