{"returned_dict": {"loss": 3.0426057862226603, "Accuracy": 0.6761836454719733, "F1": 0.4729997540984222, "Lev. sim.": 0.253729281190262, "status": "ok", "start_time": 1614609994.8762984, "duration": 41.98551845550537}, "current_params": {"N": 300, "isd": 3.7705911758017344e-05, "isd2": 1.0153526631665628, "iss": 2.395373124336784e-05, "leak": 0.1, "ridge": 0.9962432592295949, "sr": 1.2083883026652418}}