{"returned_dict": {"loss": 3.0461029924649297, "Accuracy": 0.6758505224983669, "F1": 0.4710941957353604, "Lev. sim.": 0.2506778316035676, "status": "ok", "start_time": 1614611352.5708861, "duration": 43.66313934326172}, "current_params": {"N": 300, "isd": 0.12180334635279944, "isd2": 2.038701157205132, "iss": 1.4627244625004426e-05, "leak": 0.1, "ridge": 6.5333870952785666e-06, "sr": 0.12322330603691917}}