{"returned_dict": {"loss": 3.040228123698583, "Accuracy": 0.681662715198636, "F1": 0.47696100390106766, "Lev. sim.": 0.2532776169507616, "status": "ok", "start_time": 1614614439.715284, "duration": 41.90814805030823}, "current_params": {"N": 300, "isd": 7.959890212684167e-05, "isd2": 1.0358136422713158, "iss": 1.9136040920690946e-05, "leak": 0.1, "ridge": 1.5560242442105983e-05, "sr": 0.18183049150137987}}