{"returned_dict": {"loss": 3.048469106049242, "Accuracy": 0.6272976320817583, "F1": 0.3777284851276256, "Lev. sim.": 0.33733988223953, "status": "ok", "start_time": 1614616130.298763, "duration": 38.514039278030396}, "current_params": {"N": 300, "isd": 0.007250604717453629, "isd2": 0.0005463505396008878, "iss": 0.005016202150555731, "leak": 0.1, "ridge": 3.4511899599171365e-09, "sr": 8.364289813620791}}