{"returned_dict": {"loss": 3.04998615065423, "Accuracy": 0.6460658615573063, "F1": 0.3783663637888028, "Lev. sim.": 0.3416064213368101, "status": "ok", "start_time": 1614617348.1919475, "duration": 47.55929446220398}, "current_params": {"N": 300, "isd": 0.00040246421922625504, "isd2": 0.040828702413729705, "iss": 0.004369237004735209, "leak": 0.1, "ridge": 0.004025529938055098, "sr": 9.849106440815849}}