{"returned_dict": {"loss": 3.059569682595178, "Accuracy": 0.6532537179375432, "F1": 0.45226653394228533, "Lev. sim.": 0.2451763910780817, "status": "ok", "start_time": 1614610739.3228652, "duration": 42.76043391227722}, "current_params": {"N": 300, "isd": 0.18511678210001692, "isd2": 3.7283569371187895, "iss": 1.5948678514946235e-05, "leak": 0.1, "ridge": 4.177876940541685e-06, "sr": 3.8779663736533503}}