{"returned_dict": {"loss": 3.053521438260158, "Accuracy": 0.6639297626276256, "F1": 0.4601762558637164, "Lev. sim.": 0.24645986050005217, "status": "ok", "start_time": 1614618811.131781, "duration": 47.0870680809021}, "current_params": {"N": 300, "isd": 0.013498305913471348, "isd2": 4.659051605014894, "iss": 4.034290730910159e-05, "leak": 0.1, "ridge": 1.2361655875573785e-09, "sr": 1.1367294618780812}}