{"returned_dict": {"loss": 3.1417457303974983, "Accuracy": 0.5273243412606521, "F1": 0.2887183926518603, "Lev. sim.": 0.2728679788830348, "status": "ok", "start_time": 1614609426.1555932, "duration": 42.495121240615845}, "current_params": {"N": 300, "isd": 1.4861780872666123e-05, "isd2": 0.003348520551622994, "iss": 1.2522170326146817e-05, "leak": 0.1, "ridge": 4.029219386077789e-06, "sr": 1.5551106675204216}}