{"returned_dict": {"loss": 3.347023709522417, "Accuracy": 0.14861807618376535, "F1": 0.033418240757001776, "Lev. sim.": 0.34384158008307464, "status": "ok", "start_time": 1614619303.9958372, "duration": 40.739750623703}, "current_params": {"N": 300, "isd": 4.785444007241544e-05, "isd2": 1.0331802203205852e-05, "iss": 1.2562286825104525e-05, "leak": 0.1, "ridge": 0.0001560253675222904, "sr": 4.083986257445073}}