{"returned_dict": {"loss": 2.652380115885371, "Accuracy": 0.9317946187361429, "F1": 0.8638409577538463, "Lev. sim.": 0.5359891632708876, "status": "ok", "start_time": 1616422637.1399508, "duration": 31.674407243728638}, "current_params": {"N": 300, "isd": 0.005, "isd2": 0.006389328961151051, "iss": 0.001, "leak": 0.09, "ridge": 0.02027844402335655, "sr": 0.7585837660295026}}