{"returned_dict": {"loss": 2.659779076546421, "Accuracy": 0.9284670980566864, "F1": 0.858732291629322, "Lev. sim.": 0.5355969089113151, "status": "ok", "start_time": 1616425124.7053776, "duration": 30.275354862213135}, "current_params": {"N": 300, "isd": 0.005, "isd2": 0.0019779723000151067, "iss": 0.001, "leak": 0.09, "ridge": 0.002633024980375614, "sr": 0.9746164808560074}}