{"returned_dict": {"loss": 2.6569731575574727, "Accuracy": 0.929855600398632, "F1": 0.8608246066922535, "Lev. sim.": 0.5372149072452445, "status": "ok", "start_time": 1616422205.4930615, "duration": 30.871613025665283}, "current_params": {"N": 300, "isd": 0.005, "isd2": 0.0024692423369268367, "iss": 0.001, "leak": 0.09, "ridge": 3.880705403725021e-09, "sr": 0.78150364469505}}