{"returned_dict": {"loss": 2.669689201348745, "Accuracy": 0.917036690839681, "F1": 0.8253619775208856, "Lev. sim.": 0.5130039102388742, "status": "ok", "start_time": 1616425706.0052884, "duration": 32.61880850791931}, "current_params": {"N": 300, "isd": 0.005, "isd2": 0.002911820742841569, "iss": 0.001, "leak": 0.09, "ridge": 2.181257176606143e-05, "sr": 0.005055765515769144}}