{"returned_dict": {"loss": 2.660967596980734, "Accuracy": 0.9275658014033411, "F1": 0.8580489560985216, "Lev. sim.": 0.5338784713125492, "status": "ok", "start_time": 1616423396.4588716, "duration": 32.20193028450012}, "current_params": {"N": 300, "isd": 0.005, "isd2": 0.00042140563423558524, "iss": 0.001, "leak": 0.09, "ridge": 0.0045346768953863645, "sr": 0.7403683286345233}}