{"returned_dict": {"loss": 2.6696079411556695, "Accuracy": 0.9171921818432841, "F1": 0.8258545384511855, "Lev. sim.": 0.5131394564791603, "status": "ok", "start_time": 1616425967.5174408, "duration": 31.770217418670654}, "current_params": {"N": 300, "isd": 0.005, "isd2": 0.003118380761772494, "iss": 0.001, "leak": 0.09, "ridge": 5.0589184716508826e-08, "sr": 0.0003600046126825371}}