{"returned_dict": {"loss": 2.668218192584, "Accuracy": 0.9179929858576207, "F1": 0.8260083754630474, "Lev. sim.": 0.5218024198153272, "status": "ok", "start_time": 1616425936.5538323, "duration": 30.961673736572266}, "current_params": {"N": 300, "isd": 0.005, "isd2": 0.0049475138056531524, "iss": 0.001, "leak": 0.09, "ridge": 3.350258292349159e-08, "sr": 0.0013147463809645675}}