{"returned_dict": {"loss": 2.6688301728212567, "Accuracy": 0.9171757114184658, "F1": 0.8220607919991378, "Lev. sim.": 0.5195326161785088, "status": "ok", "start_time": 1616422831.0912552, "duration": 31.956287622451782}, "current_params": {"N": 300, "isd": 0.005, "isd2": 0.01628718453522299, "iss": 0.001, "leak": 0.09, "ridge": 6.780431301335022e-09, "sr": 0.0524242659063528}}