{"returned_dict": {"loss": 2.660966865495517, "Accuracy": 0.9236986770316585, "F1": 0.8424089770452674, "Lev. sim.": 0.5223374237661564, "status": "ok", "start_time": 1616424847.8215883, "duration": 29.762223720550537}, "current_params": {"N": 300, "isd": 0.005, "isd2": 0.010712382326305806, "iss": 0.001, "leak": 0.09, "ridge": 1.2967971021533526e-08, "sr": 0.23388229662024748}}