{"returned_dict": {"loss": 2.6623691592555683, "Accuracy": 0.9260347782734935, "F1": 0.8538830680386884, "Lev. sim.": 0.5330594992392117, "status": "ok", "start_time": 1616425399.706078, "duration": 29.715677499771118}, "current_params": {"N": 300, "isd": 0.005, "isd2": 0.00038306844298444017, "iss": 0.001, "leak": 0.09, "ridge": 4.1233435999064526e-06, "sr": 0.532970264781003}}