{"returned_dict": {"loss": 2.6651630014229486, "Accuracy": 0.923729514881963, "F1": 0.8484426396933362, "Lev. sim.": 0.5321539720263411, "status": "ok", "start_time": 1616423808.8662024, "duration": 29.58566904067993}, "current_params": {"N": 300, "isd": 0.005, "isd2": 2.1324791342193225e-05, "iss": 0.001, "leak": 0.09, "ridge": 7.94959490260653e-05, "sr": 0.41180648980158235}}