{"returned_dict": {"loss": 2.6678637416825253, "Accuracy": 0.9172355241161638, "F1": 0.824312595304086, "Lev. sim.": 0.5232423048723837, "status": "ok", "start_time": 1616426189.8696766, "duration": 35.539093255996704}, "current_params": {"N": 300, "isd": 0.005, "isd2": 0.008820457220813921, "iss": 0.001, "leak": 0.09, "ridge": 7.889989136444413e-07, "sr": 6.243971632634754e-05}}