{"returned_dict": {"loss": 2.6678807846885784, "Accuracy": 0.9171111575754083, "F1": 0.8241243005978607, "Lev. sim.": 0.5231594440620481, "status": "ok", "start_time": 1616424473.2564926, "duration": 30.241023778915405}, "current_params": {"N": 300, "isd": 0.005, "isd2": 0.00902850104097361, "iss": 0.001, "leak": 0.09, "ridge": 8.056198444971025e-08, "sr": 2.0889543217471218e-05}}