{"returned_dict": {"loss": 2.6659126928179893, "Accuracy": 0.9194112816989746, "F1": 0.8280035152658222, "Lev. sim.": 0.5242613491395574, "status": "ok", "start_time": 1616423143.7827117, "duration": 30.9909884929657}, "current_params": {"N": 300, "isd": 0.005, "isd2": 0.007736741048102635, "iss": 0.001, "leak": 0.09, "ridge": 2.082645051690992e-06, "sr": 0.032469893838959346}}