{"returned_dict": {"loss": 2.6625307438512102, "Accuracy": 0.9218913596021624, "F1": 0.8365622606700616, "Lev. sim.": 0.5221503766354244, "status": "ok", "start_time": 1616426481.1321652, "duration": 31.77338695526123}, "current_params": {"N": 300, "isd": 0.005, "isd2": 0.011274172360744374, "iss": 0.001, "leak": 0.09, "ridge": 2.5753254802511082e-06, "sr": 0.16682164914277517}}