{"returned_dict": {"loss": 2.669449545061102, "Accuracy": 0.9177183778852921, "F1": 0.825013248223647, "Lev. sim.": 0.5188497765921626, "status": "ok", "start_time": 1616424125.0149736, "duration": 31.700504779815674}, "current_params": {"N": 300, "isd": 0.005, "isd2": 0.0051613803919754835, "iss": 0.001, "leak": 0.09, "ridge": 0.19666135912503027, "sr": 0.0038741095988982874}}