{"returned_dict": {"loss": 2.668529368453663, "Accuracy": 0.9179192904906037, "F1": 0.8253613725927545, "Lev. sim.": 0.5185274485662823, "status": "ok", "start_time": 1616422668.8160887, "duration": 30.67131805419922}, "current_params": {"N": 300, "isd": 0.005, "isd2": 0.00529684523263303, "iss": 0.001, "leak": 0.09, "ridge": 0.0526897743421563, "sr": 4.543069406444735e-05}}