{"returned_dict": {"loss": 2.6678618092215127, "Accuracy": 0.9179709657771411, "F1": 0.8260903289618483, "Lev. sim.": 0.5177998630597566, "status": "ok", "start_time": 1616424442.6704106, "duration": 30.58428931236267}, "current_params": {"N": 300, "isd": 0.005, "isd2": 0.004368395326501837, "iss": 0.001, "leak": 0.09, "ridge": 3.381574332086794e-05, "sr": 0.01207842605114423}}