{"returned_dict": {"loss": 2.66894843157827, "Accuracy": 0.9209540713711692, "F1": 0.841684459517069, "Lev. sim.": 0.52457593462207, "status": "ok", "start_time": 1616425307.8471913, "duration": 30.72128939628601}, "current_params": {"N": 300, "isd": 0.005, "isd2": 4.46267332070146e-05, "iss": 0.001, "leak": 0.09, "ridge": 1.2806528354933035e-09, "sr": 0.2677470482966194}}