{"returned_dict": {"loss": 2.6678315874438168, "Accuracy": 0.9175139001907974, "F1": 0.8248454796820074, "Lev. sim.": 0.5225239094086994, "status": "ok", "start_time": 1616425644.408415, "duration": 30.969097137451172}, "current_params": {"N": 300, "isd": 0.005, "isd2": 0.00780583533594097, "iss": 0.001, "leak": 0.09, "ridge": 3.6088796504668895e-08, "sr": 0.00012474776973122356}}