{"returned_dict": {"loss": 2.6633877161854094, "Accuracy": 0.9254788018534867, "F1": 0.8526994445523485, "Lev. sim.": 0.5344392633933499, "status": "ok", "start_time": 1616424694.1507294, "duration": 32.572720766067505}, "current_params": {"N": 300, "isd": 0.005, "isd2": 0.0001633054556750374, "iss": 0.001, "leak": 0.09, "ridge": 5.8774993503915615e-09, "sr": 0.49253444607278574}}