{"returned_dict": {"loss": 2.666235786898948, "Accuracy": 0.9193337978803285, "F1": 0.8300395837018074, "Lev. sim.": 0.518893736200148, "status": "ok", "start_time": 1616424877.5856612, "duration": 29.80463147163391}, "current_params": {"N": 300, "isd": 0.005, "isd2": 0.004637738348508079, "iss": 0.001, "leak": 0.09, "ridge": 2.3260871426933753e-08, "sr": 0.04660805258812053}}