{"returned_dict": {"loss": 2.666635215962154, "Accuracy": 0.9259847413792389, "F1": 0.8567921597480856, "Lev. sim.": 0.5368483858029249, "status": "ok", "start_time": 1616425277.1280606, "duration": 30.71736764907837}, "current_params": {"N": 300, "isd": 0.005, "isd2": 3.34372938671624e-05, "iss": 0.001, "leak": 0.09, "ridge": 1.6546274329753683e-09, "sr": 1.1298696524381997}}