{"returned_dict": {"loss": 2.661063462991596, "Accuracy": 0.9250744264393491, "F1": 0.8486022491665393, "Lev. sim.": 0.5290908095248797, "status": "ok", "start_time": 1616422863.0493379, "duration": 31.397655487060547}, "current_params": {"N": 300, "isd": 0.005, "isd2": 0.0050107480033132245, "iss": 0.001, "leak": 0.09, "ridge": 4.7129343695665103e-07, "sr": 0.2892473797108376}}