{"returned_dict": {"loss": 2.667090500708529, "Accuracy": 0.9183472080135981, "F1": 0.8257499425740564, "Lev. sim.": 0.5260786479482145, "status": "ok", "start_time": 1616424565.4963827, "duration": 30.56173801422119}, "current_params": {"N": 300, "isd": 0.005, "isd2": 0.007479909887929844, "iss": 0.001, "leak": 0.09, "ridge": 0.0031362310144289252, "sr": 0.0129649575772548}}