{"returned_dict": {"loss": 2.6738324711447445, "Accuracy": 0.9165808147905109, "F1": 0.8285310159340076, "Lev. sim.": 0.5194284131260948, "status": "ok", "start_time": 1616425185.476986, "duration": 30.46898126602173}, "current_params": {"N": 300, "isd": 0.005, "isd2": 3.496156974183761e-05, "iss": 0.001, "leak": 0.09, "ridge": 7.564966424831036e-07, "sr": 0.09030460264900968}}