{"returned_dict": {"loss": 2.673374736955447, "Accuracy": 0.9155200134345701, "F1": 0.8227645928712934, "Lev. sim.": 0.5186382661100483, "status": "ok", "start_time": 1616426543.9007516, "duration": 30.318584442138672}, "current_params": {"N": 300, "isd": 0.005, "isd2": 0.0011426530685845588, "iss": 0.001, "leak": 0.09, "ridge": 2.8485740743409103e-06, "sr": 0.003904351445332291}}