{"returned_dict": {"loss": 2.6766264684504297, "Accuracy": 0.9140477847830208, "F1": 0.8201849127802554, "Lev. sim.": 0.5150680835479524, "status": "ok", "start_time": 1616424907.3920054, "duration": 30.150537729263306}, "current_params": {"N": 300, "isd": 0.005, "isd2": 4.953600067852393e-05, "iss": 0.001, "leak": 0.09, "ridge": 0.006076084757682518, "sr": 0.0005353504625568838}}