{"returned_dict": {"loss": 2.675823876428466, "Accuracy": 0.9144322124554212, "F1": 0.8210237921793258, "Lev. sim.": 0.5178058750628581, "status": "ok", "start_time": 1616424817.7926252, "duration": 30.027151107788086}, "current_params": {"N": 300, "isd": 0.005, "isd2": 0.0005310397366880529, "iss": 0.001, "leak": 0.09, "ridge": 0.04446545340813093, "sr": 5.917206371631015e-05}}