{"returned_dict": {"loss": 2.6765500340006865, "Accuracy": 0.9141042671638188, "F1": 0.8202754692735337, "Lev. sim.": 0.5155682983997507, "status": "ok", "start_time": 1616422388.4450617, "duration": 29.936506748199463}, "current_params": {"N": 300, "isd": 0.005, "isd2": 4.953312100446135e-05, "iss": 0.001, "leak": 0.09, "ridge": 1.892720848682373e-09, "sr": 7.879521515804311e-05}}