{"returned_dict": {"loss": 2.675878257586217, "Accuracy": 0.9145851270308901, "F1": 0.8223398253424345, "Lev. sim.": 0.5176790941551929, "status": "ok", "start_time": 1616426512.9083877, "duration": 30.990530490875244}, "current_params": {"N": 300, "isd": 0.005, "isd2": 2.3104466313708565e-05, "iss": 0.001, "leak": 0.09, "ridge": 0.0008832628807802762, "sr": 0.015275328624598449}}