{"returned_dict": {"loss": 2.676554324239274, "Accuracy": 0.9140723968635127, "F1": 0.8201374013521958, "Lev. sim.": 0.515901124788815, "status": "ok", "start_time": 1616422732.9599407, "duration": 31.560611248016357}, "current_params": {"N": 300, "isd": 0.005, "isd2": 4.418368747736685e-05, "iss": 0.001, "leak": 0.09, "ridge": 5.86790186138799e-07, "sr": 0.0005082649261971314}}