{"returned_dict": {"loss": 2.675260257117311, "Accuracy": 0.915048801363089, "F1": 0.8232572761867936, "Lev. sim.": 0.5160009272133045, "status": "ok", "start_time": 1616426574.2212899, "duration": 30.148292303085327}, "current_params": {"N": 300, "isd": 0.005, "isd2": 8.689336213688611e-05, "iss": 0.001, "leak": 0.09, "ridge": 1.031225787925489e-06, "sr": 0.0245686325393556}}