{"returned_dict": {"loss": 2.6716409526872402, "Accuracy": 0.9167012246849428, "F1": 0.8252966527686146, "Lev. sim.": 0.5193340002377791, "status": "ok", "start_time": 1616422480.458554, "duration": 32.10372543334961}, "current_params": {"N": 300, "isd": 0.005, "isd2": 0.0013918289014447402, "iss": 0.001, "leak": 0.09, "ridge": 4.82460303338637e-08, "sr": 0.02542087345380699}}