{"returned_dict": {"loss": 2.670347437990306, "Accuracy": 0.9167971946040815, "F1": 0.8249891390382125, "Lev. sim.": 0.5121416696942039, "status": "ok", "start_time": 1616426225.4107072, "duration": 33.121710777282715}, "current_params": {"N": 300, "isd": 0.005, "isd2": 0.0025433821895225876, "iss": 0.001, "leak": 0.09, "ridge": 8.670313341164205e-08, "sr": 0.0025965099574004145}}