{"returned_dict": {"loss": 2.6710754151371536, "Accuracy": 0.9192599247372909, "F1": 0.837125391562318, "Lev. sim.": 0.5226764979789368, "status": "ok", "start_time": 1616425246.768406, "duration": 30.35791563987732}, "current_params": {"N": 300, "isd": 0.005, "isd2": 8.392239882644226e-05, "iss": 0.001, "leak": 0.09, "ridge": 1.159992928753698e-08, "sr": 0.19469152508874715}}