{"returned_dict": {"loss": 2.676786777378541, "Accuracy": 0.9140113835570982, "F1": 0.8200833248857305, "Lev. sim.": 0.515047269059798, "status": "ok", "start_time": 1616426158.592229, "duration": 31.275326013565063}, "current_params": {"N": 300, "isd": 0.005, "isd2": 1.295275567112359e-05, "iss": 0.001, "leak": 0.09, "ridge": 0.009987803681342364, "sr": 0.00018187226643452724}}