{"returned_dict": {"loss": 2.6722447418203976, "Accuracy": 0.9160233826461341, "F1": 0.8239099914428722, "Lev. sim.": 0.5182096123848312, "status": "ok", "start_time": 1616422449.1026022, "duration": 31.354246854782104}, "current_params": {"N": 300, "isd": 0.005, "isd2": 0.001645719985352228, "iss": 0.001, "leak": 0.09, "ridge": 0.0030677453372688567, "sr": 0.00037835428315423304}}