{"returned_dict": {"loss": 2.675701001293948, "Accuracy": 0.9144549026617627, "F1": 0.8210689505807414, "Lev. sim.": 0.5185352270784167, "status": "ok", "start_time": 1616424937.5442631, "duration": 30.198543310165405}, "current_params": {"N": 300, "isd": 0.005, "isd2": 0.0003611906790137023, "iss": 0.001, "leak": 0.09, "ridge": 0.00017073160561016944, "sr": 1.905186807343577e-05}}