{"returned_dict": {"loss": 2.675496572935879, "Accuracy": 0.9145097495006922, "F1": 0.8212854602309264, "Lev. sim.": 0.517436307092234, "status": "ok", "start_time": 1616425519.8862703, "duration": 30.55285954475403}, "current_params": {"N": 300, "isd": 0.005, "isd2": 0.00042253852499868886, "iss": 0.001, "leak": 0.09, "ridge": 7.856839125851458e-09, "sr": 0.001211564433840948}}