{"returned_dict": {"loss": 2.676544245411006, "Accuracy": 0.9140692903383509, "F1": 0.8203103874561478, "Lev. sim.": 0.514773296555483, "status": "ok", "start_time": 1616424313.947244, "duration": 31.592612981796265}, "current_params": {"N": 300, "isd": 0.005, "isd2": 3.6721866293145416e-05, "iss": 0.001, "leak": 0.09, "ridge": 5.294125965942781e-08, "sr": 0.0015782230985107904}}