{"returned_dict": {"loss": 2.6765477009530834, "Accuracy": 0.91412605777379, "F1": 0.8203188607259013, "Lev. sim.": 0.5155682983997507, "status": "ok", "start_time": 1616422956.5640628, "duration": 31.154128313064575}, "current_params": {"N": 300, "isd": 0.005, "isd2": 5.319010481302178e-05, "iss": 0.001, "leak": 0.09, "ridge": 0.0004734812030090934, "sr": 5.308795136296115e-05}}