{"returned_dict": {"loss": 2.670780919558484, "Accuracy": 0.9189168767062205, "F1": 0.8350048954590428, "Lev. sim.": 0.5220288830180021, "status": "ok", "start_time": 1616422418.3830554, "duration": 30.71766448020935}, "current_params": {"N": 300, "isd": 0.005, "isd2": 0.0006487539912013651, "iss": 0.001, "leak": 0.09, "ridge": 1.7115328276445633e-09, "sr": 0.15638263826272755}}