{"returned_dict": {"loss": 2.6749503793009217, "Accuracy": 0.9157186333458439, "F1": 0.825444283475602, "Lev. sim.": 0.5188399966419798, "status": "ok", "start_time": 1616423681.6217327, "duration": 30.863803148269653}, "current_params": {"N": 300, "isd": 0.005, "isd2": 0.0002487365392352879, "iss": 0.001, "leak": 0.09, "ridge": 0.08778096200952513, "sr": 0.05747368713433346}}