{"returned_dict": {"loss": 2.6767898509662853, "Accuracy": 0.9140302941199231, "F1": 0.82012761997893, "Lev. sim.": 0.5143818799784858, "status": "ok", "start_time": 1616424282.8483188, "duration": 31.097213745117188}, "current_params": {"N": 300, "isd": 0.005, "isd2": 6.667311146081108e-05, "iss": 0.001, "leak": 0.09, "ridge": 0.020249847167238797, "sr": 9.253339871799618e-05}}