{"returned_dict": {"loss": 2.6713628135378604, "Accuracy": 0.9143317858248192, "F1": 0.8190305385651726, "Lev. sim.": 0.5164854013855573, "status": "ok", "start_time": 1616425215.9477327, "duration": 30.818959712982178}, "current_params": {"N": 300, "isd": 0.005, "isd2": 0.016119390886032262, "iss": 0.001, "leak": 0.09, "ridge": 0.003312541388283088, "sr": 0.00014171465639188679}}