{"returned_dict": {"loss": 2.6751758669721624, "Accuracy": 0.915069623281352, "F1": 0.8235162271760148, "Lev. sim.": 0.5164130214808271, "status": "ok", "start_time": 1616423525.2810874, "duration": 31.60997486114502}, "current_params": {"N": 300, "isd": 0.005, "isd2": 5.1858306222292224e-05, "iss": 0.001, "leak": 0.09, "ridge": 1.8028711393351025e-06, "sr": 0.029261540094582553}}