{"returned_dict": {"loss": 2.67486088122062, "Accuracy": 0.9148142885868593, "F1": 0.8216693026829514, "Lev. sim.": 0.5175690219190994, "status": "ok", "start_time": 1616422894.4485245, "duration": 30.38046145439148}, "current_params": {"N": 300, "isd": 0.005, "isd2": 0.0006826537081380482, "iss": 0.001, "leak": 0.09, "ridge": 0.007054800684893701, "sr": 0.0010650780595577488}}