{"returned_dict": {"loss": 2.6703883956687227, "Accuracy": 0.9251590015084586, "F1": 0.8558032819853973, "Lev. sim.": 0.5327124760446114, "status": "ok", "start_time": 1616423428.662432, "duration": 31.49113416671753}, "current_params": {"N": 300, "isd": 0.005, "isd2": 2.395373124336784e-05, "iss": 0.001, "leak": 0.09, "ridge": 0.9962432592295949, "sr": 1.2083883026652418}}