{"returned_dict": {"loss": 2.6750673790082553, "Accuracy": 0.9147064278279762, "F1": 0.8216698175220236, "Lev. sim.": 0.5177641827824201, "status": "ok", "start_time": 1616425062.086391, "duration": 30.648621559143066}, "current_params": {"N": 300, "isd": 0.005, "isd2": 0.0005829549423357068, "iss": 0.001, "leak": 0.09, "ridge": 3.644609217482707e-07, "sr": 0.00017444271591375349}}