{"returned_dict": {"loss": 2.6716644398097005, "Accuracy": 0.9140838801837653, "F1": 0.818568565942185, "Lev. sim.": 0.514508877967104, "status": "ok", "start_time": 1616422297.0301857, "duration": 30.014915466308594}, "current_params": {"N": 300, "isd": 0.005, "isd2": 0.016525622360136192, "iss": 0.001, "leak": 0.09, "ridge": 1.7203769398155993e-05, "sr": 0.0011285382167092654}}