{"returned_dict": {"loss": 2.6777898454533586, "Accuracy": 0.9138045851643263, "F1": 0.8194132731387567, "Lev. sim.": 0.5158131579070687, "status": "ok", "start_time": 1616423745.4044273, "duration": 31.989630460739136}, "current_params": {"N": 300, "isd": 0.005, "isd2": 0.00045273062528736755, "iss": 0.001, "leak": 0.09, "ridge": 0.19312236225194168, "sr": 0.0004223163949337593}}