{"returned_dict": {"loss": 2.6753159235622457, "Accuracy": 0.9149929705490967, "F1": 0.8233549868056373, "Lev. sim.": 0.5161416455043126, "status": "ok", "start_time": 1616425031.2170117, "duration": 30.867340803146362}, "current_params": {"N": 300, "isd": 0.005, "isd2": 3.892595640937169e-05, "iss": 0.001, "leak": 0.09, "ridge": 2.563347700998538e-08, "sr": 0.02633373438390702}}