{"returned_dict": {"loss": 2.6730799242212853, "Accuracy": 0.9242582625946998, "F1": 0.854546148880097, "Lev. sim.": 0.5315451145545456, "status": "ok", "start_time": 1616426063.3562922, "duration": 31.40916156768799}, "current_params": {"N": 300, "isd": 0.005, "isd2": 8.17222798918764e-05, "iss": 0.001, "leak": 0.09, "ridge": 4.031575297834254e-09, "sr": 1.3139010705660776}}