{"returned_dict": {"loss": 2.6750860590978416, "Accuracy": 0.9145962856619647, "F1": 0.8214713295899218, "Lev. sim.": 0.513709329371907, "status": "ok", "start_time": 1616425675.3795366, "duration": 30.623843669891357}, "current_params": {"N": 300, "isd": 0.005, "isd2": 0.0004732159421661965, "iss": 0.001, "leak": 0.09, "ridge": 1.9417082461973408e-08, "sr": 0.0072542189607681705}}