{"returned_dict": {"loss": 2.6766308661213025, "Accuracy": 0.9140331811532661, "F1": 0.8201269820736096, "Lev. sim.": 0.5159921600335899, "status": "ok", "start_time": 1616425459.9374661, "duration": 29.78424096107483}, "current_params": {"N": 300, "isd": 0.005, "isd2": 3.448163385995583e-05, "iss": 0.001, "leak": 0.09, "ridge": 0.0028443601526285307, "sr": 7.215707073998133e-05}}