{"returned_dict": {"loss": 2.6737209872959347, "Accuracy": 0.9153342186228661, "F1": 0.8225517116093221, "Lev. sim.": 0.5187925928037254, "status": "ok", "start_time": 1616426355.6404362, "duration": 31.939433097839355}, "current_params": {"N": 300, "isd": 0.005, "isd2": 0.0010599966408036691, "iss": 0.001, "leak": 0.09, "ridge": 1.3369403582253038e-07, "sr": 0.00017591138075261317}}