{"returned_dict": {"loss": 2.6752477374639554, "Accuracy": 0.9146915603784389, "F1": 0.8216307219400762, "Lev. sim.": 0.5181168033834209, "status": "ok", "start_time": 1616423965.7031267, "duration": 31.12918710708618}, "current_params": {"N": 300, "isd": 0.005, "isd2": 0.0005697901277763889, "iss": 0.001, "leak": 0.09, "ridge": 0.010316962122609219, "sr": 0.0002782695630358371}}