{"returned_dict": {"loss": 2.6764025269326677, "Accuracy": 0.9140488943662237, "F1": 0.8207158200644752, "Lev. sim.": 0.5149428955745327, "status": "ok", "start_time": 1616422267.220709, "duration": 29.807833671569824}, "current_params": {"N": 300, "isd": 0.005, "isd2": 4.692327823747263e-05, "iss": 0.001, "leak": 0.09, "ridge": 3.792699631385421e-07, "sr": 0.004486914979065237}}