{"returned_dict": {"loss": 2.671461748705549, "Accuracy": 0.9163421679070135, "F1": 0.8246328941578878, "Lev. sim.": 0.5179362193337148, "status": "ok", "start_time": 1616422358.376881, "duration": 30.066615104675293}, "current_params": {"N": 300, "isd": 0.005, "isd2": 0.0019808960783802296, "iss": 0.001, "leak": 0.09, "ridge": 4.3521036197599706e-06, "sr": 2.2051700274309395e-05}}