{"returned_dict": {"loss": 2.6764296106368897, "Accuracy": 0.9141647613824672, "F1": 0.8204095565388684, "Lev. sim.": 0.5160011342060653, "status": "ok", "start_time": 1616423269.0951025, "duration": 30.925370454788208}, "current_params": {"N": 300, "isd": 0.005, "isd2": 9.528012398853328e-05, "iss": 0.001, "leak": 0.09, "ridge": 7.0268450853937595e-06, "sr": 1.1520839149444306e-05}}