{"returned_dict": {"loss": 2.6707862418597967, "Accuracy": 0.9180594493411196, "F1": 0.8245922418235713, "Lev. sim.": 0.518323647897334, "status": "ok", "start_time": 1616423838.4602675, "duration": 30.963051319122314}, "current_params": {"N": 300, "isd": 0.005, "isd2": 0.022211884353187553, "iss": 0.001, "leak": 0.09, "ridge": 9.085997325720603e-07, "sr": 0.15024854448410102}}