{"returned_dict": {"loss": 2.678619451681338, "Accuracy": 0.9140217266105488, "F1": 0.818998956170711, "Lev. sim.": 0.5162487682605384, "status": "ok", "start_time": 1616423081.4598413, "duration": 31.036758184432983}, "current_params": {"N": 300, "isd": 0.005, "isd2": 0.0012130544536296478, "iss": 0.001, "leak": 0.09, "ridge": 0.5323893363027783, "sr": 8.193603664755781e-05}}