{"returned_dict": {"loss": 2.6721691442148683, "Accuracy": 0.9137996590341031, "F1": 0.8180932080626102, "Lev. sim.": 0.5140399060097592, "status": "ok", "start_time": 1616425838.8830388, "duration": 33.82943820953369}, "current_params": {"N": 300, "isd": 0.005, "isd2": 0.0171709070632823, "iss": 0.001, "leak": 0.09, "ridge": 3.9488010233605286e-07, "sr": 0.002360266109653839}}