{"returned_dict": {"loss": 2.6748129222697328, "Accuracy": 0.9153413932641271, "F1": 0.8241489264397707, "Lev. sim.": 0.5166139458295421, "status": "ok", "start_time": 1616422544.4821963, "duration": 30.102017641067505}, "current_params": {"N": 300, "isd": 0.005, "isd2": 0.00012276996610286188, "iss": 0.001, "leak": 0.09, "ridge": 1.376633605851951e-06, "sr": 0.034893675723224604}}