{"returned_dict": {"loss": 2.6760330571662108, "Accuracy": 0.9141860914812983, "F1": 0.8207494565453348, "Lev. sim.": 0.5159874787739869, "status": "ok", "start_time": 1616424251.4366832, "duration": 31.409940719604492}, "current_params": {"N": 300, "isd": 0.005, "isd2": 0.00018760154583384857, "iss": 0.001, "leak": 0.09, "ridge": 5.014242729363338e-09, "sr": 0.004293151200524074}}