{"returned_dict": {"loss": 2.670678529425585, "Accuracy": 0.9166859009191108, "F1": 0.8251704314144149, "Lev. sim.": 0.5157138703471336, "status": "ok", "start_time": 1616422987.7197664, "duration": 31.24094820022583}, "current_params": {"N": 300, "isd": 0.005, "isd2": 0.0023555009360244675, "iss": 0.001, "leak": 0.09, "ridge": 2.240046388001784e-09, "sr": 0.0022665041968697275}}