{"returned_dict": {"loss": 2.675777662185164, "Accuracy": 0.9143497214627093, "F1": 0.8210824093289981, "Lev. sim.": 0.5156946726581079, "status": "ok", "start_time": 1616424220.371611, "duration": 31.06302309036255}, "current_params": {"N": 300, "isd": 0.005, "isd2": 0.00022388902994814665, "iss": 0.001, "leak": 0.09, "ridge": 0.00023253830421864392, "sr": 0.007393524805825359}}