{"returned_dict": {"loss": 2.676529380796057, "Accuracy": 0.9140876489098495, "F1": 0.8207683202659766, "Lev. sim.": 0.5140923401945596, "status": "ok", "start_time": 1616423206.9356463, "duration": 30.722597360610962}, "current_params": {"N": 300, "isd": 0.005, "isd2": 6.820811288152522e-05, "iss": 0.001, "leak": 0.09, "ridge": 0.020564584872220754, "sr": 0.006614890893911458}}