{"returned_dict": {"loss": 2.676562065971084, "Accuracy": 0.9140078438341493, "F1": 0.8203272022423004, "Lev. sim.": 0.5152851588751043, "status": "ok", "start_time": 1616423556.8929741, "duration": 31.608624696731567}, "current_params": {"N": 300, "isd": 0.005, "isd2": 1.894107143085752e-05, "iss": 0.001, "leak": 0.09, "ridge": 7.855631602385598e-05, "sr": 0.0024686041403824705}}