{"returned_dict": {"loss": 2.6757366741752873, "Accuracy": 0.9143242968498623, "F1": 0.820887244512762, "Lev. sim.": 0.5161870801584946, "status": "ok", "start_time": 1616426419.4147518, "duration": 31.20289945602417}, "current_params": {"N": 300, "isd": 0.005, "isd2": 0.00031261994920903064, "iss": 0.001, "leak": 0.09, "ridge": 1.215480090265495e-06, "sr": 0.003175554127290994}}