{"returned_dict": {"loss": 2.6751247826065, "Accuracy": 0.9146929626579603, "F1": 0.8216363019571229, "Lev. sim.": 0.5183203290244467, "status": "ok", "start_time": 1616424059.7326925, "duration": 31.197017669677734}, "current_params": {"N": 300, "isd": 0.005, "isd2": 0.0005618515257018516, "iss": 0.001, "leak": 0.09, "ridge": 1.1140641169579952e-08, "sr": 0.00029788887101965625}}