{"returned_dict": {"loss": 2.6731497177427097, "Accuracy": 0.9171676535925727, "F1": 0.8309312804733864, "Lev. sim.": 0.5192988282206559, "status": "ok", "start_time": 1616424627.3125658, "duration": 34.29771327972412}, "current_params": {"N": 300, "isd": 0.005, "isd2": 1.4627244625004426e-05, "iss": 0.001, "leak": 0.09, "ridge": 6.5333870952785666e-06, "sr": 0.12322330603691917}}