{"returned_dict": {"loss": 2.6729523828598913, "Accuracy": 0.9173325701373256, "F1": 0.8312041080416754, "Lev. sim.": 0.5191234590773053, "status": "ok", "start_time": 1616425583.4486258, "duration": 29.65645956993103}, "current_params": {"N": 300, "isd": 0.005, "isd2": 8.607604216137905e-05, "iss": 0.001, "leak": 0.09, "ridge": 4.0352158044140254e-07, "sr": 0.12457183566240816}}