{"returned_dict": {"loss": 2.6765883970532847, "Accuracy": 0.9140400570994279, "F1": 0.8202319248838286, "Lev. sim.": 0.5158572556775441, "status": "ok", "start_time": 1616425154.982498, "duration": 30.492660999298096}, "current_params": {"N": 300, "isd": 0.005, "isd2": 2.437098785934143e-05, "iss": 0.001, "leak": 0.09, "ridge": 6.063429170963324e-07, "sr": 0.001193678931950446}}