{"returned_dict": {"loss": 2.6723091189182187, "Accuracy": 0.9159514836999675, "F1": 0.8237578525549594, "Lev. sim.": 0.5181479883485938, "status": "ok", "start_time": 1616423588.5032647, "duration": 30.677942276000977}, "current_params": {"N": 300, "isd": 0.005, "isd2": 0.0016008317666772395, "iss": 0.001, "leak": 0.09, "ridge": 7.240322515747571e-07, "sr": 0.0005073324591093299}}