{"returned_dict": {"loss": 2.684692377228822, "Accuracy": 0.9135638055121091, "F1": 0.8200901946402315, "Lev. sim.": 0.5154031383459007, "status": "ok", "start_time": 1616426126.553397, "duration": 32.03689169883728}, "current_params": {"N": 300, "isd": 0.005, "isd2": 0.035421316861227084, "iss": 0.001, "leak": 0.09, "ridge": 1.9332386189002635e-06, "sr": 0.23634294424308464}}