{"returned_dict": {"loss": 2.6862032105294467, "Accuracy": 0.9073628653824128, "F1": 0.8128548956820637, "Lev. sim.": 0.511063674368439, "status": "ok", "start_time": 1616425429.4238148, "duration": 30.511873960494995}, "current_params": {"N": 300, "isd": 0.005, "isd2": 0.03096980204126957, "iss": 0.001, "leak": 0.09, "ridge": 0.01900284767119454, "sr": 0.0008206812480992226}}