{"returned_dict": {"loss": 2.6827803661609204, "Accuracy": 0.9127223069155335, "F1": 0.8162150167515513, "Lev. sim.": 0.5176782463437379, "status": "ok", "start_time": 1616425489.7239687, "duration": 30.16047191619873}, "current_params": {"N": 300, "isd": 0.005, "isd2": 0.0005154761415067295, "iss": 0.001, "leak": 0.09, "ridge": 0.8408384827398672, "sr": 0.00679082546070177}}