{"returned_dict": {"loss": 2.6825383496548665, "Accuracy": 0.9095537389323655, "F1": 0.8142967476297617, "Lev. sim.": 0.5093351271368266, "status": "ok", "start_time": 1616423650.7399974, "duration": 30.880071878433228}, "current_params": {"N": 300, "isd": 0.005, "isd2": 0.028442514392310665, "iss": 0.001, "leak": 0.09, "ridge": 4.473545032939961e-08, "sr": 0.028895311162455885}}