{"returned_dict": {"loss": 2.68036770994562, "Accuracy": 0.9115699968223149, "F1": 0.8159796579287473, "Lev. sim.": 0.5100233004846961, "status": "ok", "start_time": 1616425905.7436023, "duration": 30.808305263519287}, "current_params": {"N": 300, "isd": 0.005, "isd2": 0.02698898660868454, "iss": 0.001, "leak": 0.09, "ridge": 0.5245431011026748, "sr": 0.05462572332378741}}