{"returned_dict": {"loss": 2.6802382143172743, "Accuracy": 0.909828297346308, "F1": 0.8147932145985436, "Lev. sim.": 0.515518304140409, "status": "ok", "start_time": 1616424787.7992592, "duration": 29.991626501083374}, "current_params": {"N": 300, "isd": 0.005, "isd2": 0.025544821493379263, "iss": 0.001, "leak": 0.09, "ridge": 7.92357155802418e-09, "sr": 0.00018467500969002792}}