{"returned_dict": {"loss": 2.6898131967246557, "Accuracy": 0.9176336385595618, "F1": 0.8430245517483117, "Lev. sim.": 0.5113793996701055, "status": "ok", "start_time": 1616422924.8305488, "duration": 31.725148916244507}, "current_params": {"N": 300, "isd": 0.005, "isd2": 1.2522170326146817e-05, "iss": 0.001, "leak": 0.09, "ridge": 4.029219386077789e-06, "sr": 1.5551106675204216}}