{"returned_dict": {"loss": 2.702023399421259, "Accuracy": 0.913787189600739, "F1": 0.8341792573649837, "Lev. sim.": 0.5079928690426393, "status": "ok", "start_time": 1616425338.5702658, "duration": 30.381460666656494}, "current_params": {"N": 300, "isd": 0.005, "isd2": 0.0015709780852344458, "iss": 0.001, "leak": 0.09, "ridge": 0.347421410698131, "sr": 1.6809003116411636}}