{"returned_dict": {"loss": 2.7030917871112363, "Accuracy": 0.9006872078901065, "F1": 0.8066617450188417, "Lev. sim.": 0.50296250397015, "status": "ok", "start_time": 1616426258.5343962, "duration": 32.05931329727173}, "current_params": {"N": 300, "isd": 0.005, "isd2": 0.04656487125617944, "iss": 0.001, "leak": 0.09, "ridge": 1.4101123011712471e-05, "sr": 0.0003375959708244907}}