{"returned_dict": {"loss": 2.704291583543756, "Accuracy": 0.9045717347350483, "F1": 0.8091466948410277, "Lev. sim.": 0.49769600398089164, "status": "ok", "start_time": 1616424189.3243082, "duration": 31.045648336410522}, "current_params": {"N": 300, "isd": 0.005, "isd2": 0.05117965382371853, "iss": 0.001, "leak": 0.09, "ridge": 3.323820903126734e-07, "sr": 0.1751408127689824}}