{"returned_dict": {"loss": 2.703735061432367, "Accuracy": 0.9005616775308185, "F1": 0.8064857975652042, "Lev. sim.": 0.5042645192873474, "status": "ok", "start_time": 1616424596.0597284, "duration": 31.25108242034912}, "current_params": {"N": 300, "isd": 0.005, "isd2": 0.04723402890261233, "iss": 0.001, "leak": 0.09, "ridge": 7.4460890525923216e-09, "sr": 0.013732083530242132}}