{"returned_dict": {"loss": 2.715153504201831, "Accuracy": 0.9009213346123769, "F1": 0.804650311246619, "Lev. sim.": 0.49097370782444755, "status": "ok", "start_time": 1616426604.371532, "duration": 30.18268084526062}, "current_params": {"N": 300, "isd": 0.005, "isd2": 0.06200231013354495, "iss": 0.001, "leak": 0.09, "ridge": 0.0033513879341857187, "sr": 0.18489710364522854}}