{"returned_dict": {"loss": 2.7213317185499393, "Accuracy": 0.8943885049032406, "F1": 0.8002976303582117, "Lev. sim.": 0.4890459831383479, "status": "ok", "start_time": 1616423364.8855221, "duration": 31.571819305419922}, "current_params": {"N": 300, "isd": 0.005, "isd2": 0.06564434152767946, "iss": 0.001, "leak": 0.09, "ridge": 5.2988419875619524e-08, "sr": 0.0017940834092005776}}