{"returned_dict": {"loss": 2.7223302546810393, "Accuracy": 0.9047159530969079, "F1": 0.818589774199161, "Lev. sim.": 0.4993548694074391, "status": "ok", "start_time": 1616425772.4502988, "duration": 33.26997470855713}, "current_params": {"N": 300, "isd": 0.005, "isd2": 7.960204123058916e-05, "iss": 0.001, "leak": 0.09, "ridge": 3.904743798072478e-05, "sr": 1.7891585247487143}}