{"returned_dict": {"loss": 2.7230675132552005, "Accuracy": 0.8940200556549781, "F1": 0.7996742706328365, "Lev. sim.": 0.49037180494560034, "status": "ok", "start_time": 1616424345.5484786, "duration": 31.563794374465942}, "current_params": {"N": 300, "isd": 0.005, "isd2": 0.06779656735671565, "iss": 0.001, "leak": 0.09, "ridge": 1.9181890333704214e-07, "sr": 0.022281603415114346}}