{"returned_dict": {"loss": 2.7238732935459042, "Accuracy": 0.9077424167777461, "F1": 0.8145609254446914, "Lev. sim.": 0.48911071092256203, "status": "ok", "start_time": 1616426031.658315, "duration": 31.69597291946411}, "current_params": {"N": 300, "isd": 0.005, "isd2": 0.07389061089097766, "iss": 0.001, "leak": 0.09, "ridge": 1.3654826667866387e-07, "sr": 0.9435217874815518}}