{"returned_dict": {"loss": 2.7599040371373764, "Accuracy": 0.8812812267080415, "F1": 0.7811505938944279, "Lev. sim.": 0.45530713470759104, "status": "ok", "start_time": 1616426094.7674708, "duration": 31.783780574798584}, "current_params": {"N": 300, "isd": 0.005, "isd2": 0.1180424541445589, "iss": 0.001, "leak": 0.09, "ridge": 0.3414355511064152, "sr": 0.0008798769268289902}}