{"returned_dict": {"loss": 2.7562044941682875, "Accuracy": 0.8842264793069029, "F1": 0.7838358120546232, "Lev. sim.": 0.46511537013299575, "status": "ok", "start_time": 1616424534.7188797, "duration": 30.775782108306885}, "current_params": {"N": 300, "isd": 0.005, "isd2": 0.11383096064081272, "iss": 0.001, "leak": 0.09, "ridge": 7.778330327266573e-08, "sr": 0.14742503925627493}}