{"returned_dict": {"loss": 2.7589891723617503, "Accuracy": 0.8815492696196452, "F1": 0.7814892676300176, "Lev. sim.": 0.4566483229059178, "status": "ok", "start_time": 1616426450.61955, "duration": 30.510478258132935}, "current_params": {"N": 300, "isd": 0.005, "isd2": 0.11698928062211732, "iss": 0.001, "leak": 0.09, "ridge": 0.09668447393631092, "sr": 0.0005092282781897782}}