{"returned_dict": {"loss": 2.76203239634205, "Accuracy": 0.8816029336996014, "F1": 0.780551026036781, "Lev. sim.": 0.45492230600546335, "status": "ok", "start_time": 1616424377.1140516, "duration": 31.579181432724}, "current_params": {"N": 300, "isd": 0.005, "isd2": 0.12308296937730294, "iss": 0.001, "leak": 0.09, "ridge": 0.0002382862134970323, "sr": 0.1175035184770148}}