{"returned_dict": {"loss": 2.794119226280338, "Accuracy": 0.8678410007777029, "F1": 0.7555150056180171, "Lev. sim.": 0.4334633207275984, "status": "ok", "start_time": 1616422236.3663843, "duration": 30.8528048992157}, "current_params": {"N": 300, "isd": 0.005, "isd2": 0.1945445115308493, "iss": 0.001, "leak": 0.09, "ridge": 2.5642846120907595e-07, "sr": 0.00014859914312208517}}