{"returned_dict": {"loss": 2.8181919198365586, "Accuracy": 0.8557790339413996, "F1": 0.7279034162783683, "Lev. sim.": 0.4080785327666674, "status": "ok", "start_time": 1616426387.5819237, "duration": 31.83084726333618}, "current_params": {"N": 300, "isd": 0.005, "isd2": 0.2894019510003793, "iss": 0.001, "leak": 0.09, "ridge": 1.0058029321478121e-06, "sr": 1.0228061263713643e-05}}