{"returned_dict": {"loss": 2.8233011419822858, "Accuracy": 0.8553007280379866, "F1": 0.7250555156694505, "Lev. sim.": 0.40233931982799653, "status": "ok", "start_time": 1616424999.8832378, "duration": 31.3317654132843}, "current_params": {"N": 300, "isd": 0.005, "isd2": 0.3049168161663249, "iss": 0.001, "leak": 0.09, "ridge": 0.025396836821881423, "sr": 0.28384509277893316}}