{"returned_dict": {"loss": 2.829558874065794, "Accuracy": 0.8495060760835298, "F1": 0.7134188091340192, "Lev. sim.": 0.3946696338545797, "status": "ok", "start_time": 1616425613.106905, "duration": 31.299721479415894}, "current_params": {"N": 300, "isd": 0.005, "isd2": 0.35769853948079783, "iss": 0.001, "leak": 0.09, "ridge": 0.1434940930996033, "sr": 0.014541805578104116}}