{"returned_dict": {"loss": 2.822692989917045, "Accuracy": 0.8533877816098098, "F1": 0.7219766771929901, "Lev. sim.": 0.40529850809192797, "status": "ok", "start_time": 1616425872.7142515, "duration": 33.02728056907654}, "current_params": {"N": 300, "isd": 0.005, "isd2": 0.3143781988782925, "iss": 0.001, "leak": 0.09, "ridge": 4.972597433680989e-09, "sr": 1.0428814848430439e-05}}