{"returned_dict": {"loss": 2.8417568064420586, "Accuracy": 0.8423943038828543, "F1": 0.6964977654221322, "Lev. sim.": 0.3826514179997148, "status": "ok", "start_time": 1616425805.722187, "duration": 33.15886092185974}, "current_params": {"N": 300, "isd": 0.005, "isd2": 0.46623476760234256, "iss": 0.001, "leak": 0.09, "ridge": 3.301133352115587e-09, "sr": 1.0334534598902942e-05}}