{"returned_dict": {"loss": 2.849337449832302, "Accuracy": 0.8445308001059871, "F1": 0.6931470217270386, "Lev. sim.": 0.3782452104109693, "status": "ok", "start_time": 1616426323.8520055, "duration": 31.786539554595947}, "current_params": {"N": 300, "isd": 0.005, "isd2": 0.4131334602389797, "iss": 0.001, "leak": 0.09, "ridge": 1.435476795673827e-08, "sr": 0.9707385678669813}}