{"returned_dict": {"loss": 2.8476072147166525, "Accuracy": 0.8391051299712039, "F1": 0.6889307043465155, "Lev. sim.": 0.37925302096473734, "status": "ok", "start_time": 1616423237.6598666, "duration": 31.433653354644775}, "current_params": {"N": 300, "isd": 0.005, "isd2": 0.5356409490616902, "iss": 0.001, "leak": 0.09, "ridge": 2.921221875670359e-06, "sr": 0.008597155914725946}}