{"returned_dict": {"loss": 2.842315330000593, "Accuracy": 0.8420799403758759, "F1": 0.6957564708501858, "Lev. sim.": 0.38238244848835573, "status": "ok", "start_time": 1616422764.5223916, "duration": 32.166072368621826}, "current_params": {"N": 300, "isd": 0.005, "isd2": 0.4722298576869264, "iss": 0.001, "leak": 0.09, "ridge": 7.098157437985165e-06, "sr": 2.5867626731644082e-05}}