{"returned_dict": {"loss": 2.849180347479614, "Accuracy": 0.8383233285441822, "F1": 0.6875252161689012, "Lev. sim.": 0.37517331533695947, "status": "ok", "start_time": 1616425368.953581, "duration": 30.750672578811646}, "current_params": {"N": 300, "isd": 0.005, "isd2": 0.5534279532562898, "iss": 0.001, "leak": 0.09, "ridge": 4.25421130751039e-08, "sr": 0.03253762778462727}}