{"returned_dict": {"loss": 2.858653654740497, "Accuracy": 0.8393857968999431, "F1": 0.678091320929944, "Lev. sim.": 0.3674351619474737, "status": "ok", "start_time": 1616426290.5955768, "duration": 33.25435733795166}, "current_params": {"N": 300, "isd": 0.005, "isd2": 0.45225816163719856, "iss": 0.001, "leak": 0.09, "ridge": 6.973301754904975e-09, "sr": 1.2833543922244204}}