{"returned_dict": {"loss": 2.8503502002840913, "Accuracy": 0.852437745988512, "F1": 0.7010628616172141, "Lev. sim.": 0.42780520330011934, "status": "ok", "start_time": 1616422512.5637915, "duration": 31.916848182678223}, "current_params": {"N": 300, "isd": 0.005, "isd2": 0.0788475449820828, "iss": 0.001, "leak": 0.09, "ridge": 0.0002442946237095213, "sr": 4.442960029465806}}