{"returned_dict": {"loss": 2.861816697886783, "Accuracy": 0.8306096023298709, "F1": 0.6699367312898035, "Lev. sim.": 0.3624191863937191, "status": "ok", "start_time": 1616424757.6488717, "duration": 30.141777992248535}, "current_params": {"N": 300, "isd": 0.005, "isd2": 0.7776151290797376, "iss": 0.001, "leak": 0.09, "ridge": 4.6219782123006196e-07, "sr": 0.00025317598574402494}}