{"returned_dict": {"loss": 2.866357919937351, "Accuracy": 0.8280251657249416, "F1": 0.664446262496848, "Lev. sim.": 0.35964721487864054, "status": "ok", "start_time": 1616423460.1551683, "duration": 31.874656438827515}, "current_params": {"N": 300, "isd": 0.005, "isd2": 0.8777341457252882, "iss": 0.001, "leak": 0.09, "ridge": 0.16479441584720766, "sr": 0.0024639863824267557}}