{"returned_dict": {"loss": 2.8632538439507167, "Accuracy": 0.8297082081473628, "F1": 0.6681310000989236, "Lev. sim.": 0.36088259489340474, "status": "ok", "start_time": 1616423018.9625735, "duration": 30.999075651168823}, "current_params": {"N": 300, "isd": 0.005, "isd2": 0.8099143782325872, "iss": 0.001, "leak": 0.09, "ridge": 0.013211296467565596, "sr": 0.001631489949828942}}