{"returned_dict": {"loss": 2.8797473949032026, "Accuracy": 0.8126262456606111, "F1": 0.6466733665319736, "Lev. sim.": 0.4002713474939986, "status": "ok", "start_time": 1616425092.737013, "duration": 31.96635937690735}, "current_params": {"N": 300, "isd": 0.005, "isd2": 0.0061179768344125935, "iss": 0.001, "leak": 0.09, "ridge": 0.0003543044736027593, "sr": 2.29927575769545}}