{"returned_dict": {"loss": 2.877595863020593, "Accuracy": 0.820932803218081, "F1": 0.6507134467335638, "Lev. sim.": 0.35150401770241535, "status": "ok", "start_time": 1616423933.665898, "duration": 32.035598278045654}, "current_params": {"N": 300, "isd": 0.005, "isd2": 1.2698559153876863, "iss": 0.001, "leak": 0.09, "ridge": 1.69129355175973e-07, "sr": 0.00012946919633940326}}