{"returned_dict": {"loss": 2.886624295945949, "Accuracy": 0.81517709184743, "F1": 0.6398506877996221, "Lev. sim.": 0.34612081271337475, "status": "ok", "start_time": 1616424028.3417673, "duration": 31.389079332351685}, "current_params": {"N": 300, "isd": 0.005, "isd2": 1.7547037749183951, "iss": 0.001, "leak": 0.09, "ridge": 4.251105877544235e-09, "sr": 0.0026898649938901955}}