{"returned_dict": {"loss": 2.88981013455358, "Accuracy": 0.8130629874474062, "F1": 0.6368841125237878, "Lev. sim.": 0.3394780347452526, "status": "ok", "start_time": 1616423777.3958178, "duration": 31.468663215637207}, "current_params": {"N": 300, "isd": 0.005, "isd2": 1.896115281884799, "iss": 0.001, "leak": 0.09, "ridge": 0.0026673804198294754, "sr": 0.05601339965884716}}