{"returned_dict": {"loss": 2.8886365304100594, "Accuracy": 0.8173096114876257, "F1": 0.64233213166408, "Lev. sim.": 0.3400243484668567, "status": "ok", "start_time": 1616423174.7752936, "duration": 32.15842318534851}, "current_params": {"N": 300, "isd": 0.005, "isd2": 1.2177626043593364, "iss": 0.001, "leak": 0.09, "ridge": 1.81075562061213e-05, "sr": 0.6023480392124894}}