{"returned_dict": {"loss": 2.880103558823524, "Accuracy": 0.8207581143737233, "F1": 0.6533143621143678, "Lev. sim.": 0.34681657986853454, "status": "ok", "start_time": 1616424503.4992223, "duration": 31.217946529388428}, "current_params": {"N": 300, "isd": 0.005, "isd2": 1.1989608038556647, "iss": 0.001, "leak": 0.09, "ridge": 4.2132791451007327e-07, "sr": 0.19138787069204294}}