{"returned_dict": {"loss": 2.8987643200463658, "Accuracy": 0.8150538949941832, "F1": 0.615761303456072, "Lev. sim.": 0.3289991450396893, "status": "ok", "start_time": 1616425738.625993, "duration": 33.82234048843384}, "current_params": {"N": 300, "isd": 0.005, "isd2": 0.7187405091739841, "iss": 0.001, "leak": 0.09, "ridge": 0.02106621256875603, "sr": 2.597279554805921}}