{"returned_dict": {"loss": 2.8982759308287784, "Accuracy": 0.8071877799940281, "F1": 0.6245831974550055, "Lev. sim.": 0.3414495657676067, "status": "ok", "start_time": 1616424661.6120057, "duration": 32.53678297996521}, "current_params": {"N": 300, "isd": 0.005, "isd2": 2.8383547063879035, "iss": 0.001, "leak": 0.09, "ridge": 1.8392870666372528e-05, "sr": 0.0020067813017826184}}