{"returned_dict": {"loss": 2.8955097643164835, "Accuracy": 0.8091824728768587, "F1": 0.6286404065943314, "Lev. sim.": 0.34100545070663985, "status": "ok", "start_time": 1616423332.7466078, "duration": 32.13703179359436}, "current_params": {"N": 300, "isd": 0.005, "isd2": 2.510931067801044, "iss": 0.001, "leak": 0.09, "ridge": 0.000743376268556191, "sr": 0.015721232993800533}}