{"returned_dict": {"loss": 2.8964212357784267, "Accuracy": 0.8092426430469288, "F1": 0.6280460090611554, "Lev. sim.": 0.34170993267268723, "status": "ok", "start_time": 1616424967.7447045, "duration": 32.13668704032898}, "current_params": {"N": 300, "isd": 0.005, "isd2": 2.4613507287469005, "iss": 0.001, "leak": 0.09, "ridge": 0.3674471614572521, "sr": 1.5085702521801756e-05}}