{"returned_dict": {"loss": 2.8992226085672086, "Accuracy": 0.8085630146998571, "F1": 0.6285394989945162, "Lev. sim.": 0.3335159327714813, "status": "ok", "start_time": 1616423712.494106, "duration": 32.908588886260986}, "current_params": {"N": 300, "isd": 0.005, "isd2": 2.114319254012726, "iss": 0.001, "leak": 0.09, "ridge": 5.063854669313092e-07, "sr": 0.330489006270119}}