{"returned_dict": {"loss": 2.896129630825661, "Accuracy": 0.8088092213272088, "F1": 0.6277472672755584, "Lev. sim.": 0.3417145170429142, "status": "ok", "start_time": 1616422574.5861034, "duration": 30.788410186767578}, "current_params": {"N": 300, "isd": 0.005, "isd2": 2.5805825991747557, "iss": 0.001, "leak": 0.09, "ridge": 2.02205606416144e-07, "sr": 0.003414670754415231}}