{"returned_dict": {"loss": 2.907579564699181, "Accuracy": 0.8001040460551707, "F1": 0.6084835627829309, "Lev. sim.": 0.3390648207825711, "status": "ok", "start_time": 1616423049.963206, "duration": 31.494982481002808}, "current_params": {"N": 300, "isd": 0.005, "isd2": 4.510181749800883, "iss": 0.001, "leak": 0.09, "ridge": 0.026865514787400617, "sr": 0.00019892523980175123}}