{"returned_dict": {"loss": 2.9027540921668176, "Accuracy": 0.8039573273857158, "F1": 0.6173673327909753, "Lev. sim.": 0.3386508619064809, "status": "ok", "start_time": 1616424156.7171965, "duration": 32.605305194854736}, "current_params": {"N": 300, "isd": 0.005, "isd2": 3.515867921270029, "iss": 0.001, "leak": 0.09, "ridge": 0.000838385853147474, "sr": 0.0019019431020106164}}