{"returned_dict": {"loss": 2.903036353900379, "Accuracy": 0.8257728388683876, "F1": 0.64178840612674, "Lev. sim.": 0.3297554964581155, "status": "ok", "start_time": 1616424726.7251775, "duration": 30.92185616493225}, "current_params": {"N": 300, "isd": 0.005, "isd2": 0.41144654949127984, "iss": 0.001, "leak": 0.09, "ridge": 0.008764044588449324, "sr": 5.829855120559783}}