{"returned_dict": {"loss": 2.9063954526794604, "Accuracy": 0.8050790248014273, "F1": 0.6058995008410689, "Lev. sim.": 0.3286086836712891, "status": "ok", "start_time": 1616423492.0314736, "duration": 33.24768829345703}, "current_params": {"N": 300, "isd": 0.005, "isd2": 1.5727577204687921, "iss": 0.001, "leak": 0.09, "ridge": 1.1683350283485925e-06, "sr": 1.1157845515679328}}