{"returned_dict": {"loss": 2.916739001973888, "Accuracy": 0.7925362206077196, "F1": 0.5919471865328998, "Lev. sim.": 0.33631793532698706, "status": "ok", "start_time": 1616422605.3760247, "duration": 31.762105703353882}, "current_params": {"N": 300, "isd": 0.005, "isd2": 8.325041509871122, "iss": 0.001, "leak": 0.09, "ridge": 8.151805615264858e-08, "sr": 5.3974445388035814e-05}}