{"returned_dict": {"loss": 2.9148602999848605, "Accuracy": 0.7943717151177209, "F1": 0.5954269657449717, "Lev. sim.": 0.33401364613425744, "status": "ok", "start_time": 1616423112.4989965, "duration": 31.282135009765625}, "current_params": {"N": 300, "isd": 0.005, "isd2": 7.0504569388517515, "iss": 0.001, "leak": 0.09, "ridge": 6.109203670321195e-05, "sr": 0.032412017126269684}}