{"returned_dict": {"loss": 2.9188846739646714, "Accuracy": 0.7905506712305179, "F1": 0.5867571800924154, "Lev. sim.": 0.33476013102831154, "status": "ok", "start_time": 1616423300.0221288, "duration": 32.72260761260986}, "current_params": {"N": 300, "isd": 0.005, "isd2": 9.872250179607104, "iss": 0.001, "leak": 0.09, "ridge": 0.009914929467335878, "sr": 0.002301003201886213}}