{"returned_dict": {"loss": 2.913597700118254, "Accuracy": 0.7953337110351196, "F1": 0.597151930479231, "Lev. sim.": 0.33623407488796503, "status": "ok", "start_time": 1616423619.1828194, "duration": 31.55523109436035}, "current_params": {"N": 300, "isd": 0.005, "isd2": 6.613290330552857, "iss": 0.001, "leak": 0.09, "ridge": 0.0016730628525157777, "sr": 0.00019074976376566542}}