{"returned_dict": {"loss": 2.917593293380889, "Accuracy": 0.7928816971599528, "F1": 0.5947669693390452, "Lev. sim.": 0.33080837426524334, "status": "ok", "start_time": 1616423996.8339908, "duration": 31.50609278678894}, "current_params": {"N": 300, "isd": 0.005, "isd2": 5.789133713655466, "iss": 0.001, "leak": 0.09, "ridge": 9.447205980675163e-06, "sr": 0.205554960988785}}