{"returned_dict": {"loss": 2.9324724434715757, "Accuracy": 0.7824220588888948, "F1": 0.5672485588958435, "Lev. sim.": 0.3250255087073505, "status": "ok", "start_time": 1616425999.289921, "duration": 32.36624598503113}, "current_params": {"N": 300, "isd": 0.005, "isd2": 6.528509320911537, "iss": 0.001, "leak": 0.09, "ridge": 1.635844676215375e-08, "sr": 0.7728083535722853}}