{"returned_dict": {"loss": 2.9394757667405953, "Accuracy": 0.7782333291548669, "F1": 0.5540636059928825, "Lev. sim.": 0.31045921986630687, "status": "ok", "start_time": 1616423901.0055478, "duration": 32.658743381500244}, "current_params": {"N": 300, "isd": 0.005, "isd2": 3.79387602165987, "iss": 0.001, "leak": 0.09, "ridge": 4.216634158725949e-06, "sr": 1.7481319839509344}}