{"returned_dict": {"loss": 2.9406396979786233, "Accuracy": 0.7809050825687848, "F1": 0.559004834710711, "Lev. sim.": 0.29324284041447624, "status": "ok", "start_time": 1616422327.0466628, "duration": 31.32873272895813}, "current_params": {"N": 300, "isd": 0.005, "isd2": 1.8664282655898377, "iss": 0.001, "leak": 0.09, "ridge": 3.854206469320369e-05, "sr": 3.254060676502617}}