{"returned_dict": {"loss": 2.959855298410846, "Accuracy": 0.7650377258326897, "F1": 0.539319952802584, "Lev. sim.": 0.2797273210772447, "status": "ok", "start_time": 1616423869.4249852, "duration": 31.578641176223755}, "current_params": {"N": 300, "isd": 0.005, "isd2": 3.4968995780484744, "iss": 0.001, "leak": 0.09, "ridge": 3.7102661790782075e-09, "sr": 3.5348571016989165}}