{"returned_dict": {"loss": 2.9976998674453292, "Accuracy": 0.7320484272342116, "F1": 0.5092562078456024, "Lev. sim.": 0.2439302888655655, "status": "ok", "start_time": 1616422699.4889789, "duration": 33.469396114349365}, "current_params": {"N": 300, "isd": 0.005, "isd2": 5.423458314091626, "iss": 0.001, "leak": 0.09, "ridge": 1.9497629790184623e-05, "sr": 9.300933009008029}}