{"returned_dict": {"loss": 3.210260985333522, "Accuracy": 0.39951244267449837, "F1": 0.15405208532401465, "Lev. sim.": 0.23887382742660024, "status": "ok", "start_time": 1616424090.9315655, "duration": 34.0814414024353}, "current_params": {"N": 300, "isd": 0.005, "isd2": 1.5948678514946235e-05, "iss": 0.001, "leak": 0.09, "ridge": 4.177876940541685e-06, "sr": 3.8779663736533503}}