{"returned_dict": {"loss": 3.238832585775973, "Accuracy": 0.3602808728907655, "F1": 0.13836794169335676, "Lev. sim.": 0.236714459972133, "status": "ok", "start_time": 1616425550.4412875, "duration": 33.00555658340454}, "current_params": {"N": 300, "isd": 0.005, "isd2": 0.00017330045513878474, "iss": 0.001, "leak": 0.09, "ridge": 4.917313412969263e-08, "sr": 4.457217427380944}}