{"returned_dict": {"loss": 3.263159573783276, "Accuracy": 0.3160341998437379, "F1": 0.11301194143527409, "Lev. sim.": 0.2443075275644941, "status": "ok", "start_time": 1616422796.6900241, "duration": 34.3996901512146}, "current_params": {"N": 300, "isd": 0.005, "isd2": 0.011065119054453764, "iss": 0.001, "leak": 0.09, "ridge": 0.11046794481460255, "sr": 5.581807405724816}}