{"returned_dict": {"loss": 3.3184664446247387, "Accuracy": 0.21047517730519566, "F1": 0.05904237253442814, "Lev. sim.": 0.2488549571802725, "status": "ok", "start_time": 1616424408.6949809, "duration": 33.973533391952515}, "current_params": {"N": 300, "isd": 0.005, "isd2": 0.00019067898419792182, "iss": 0.001, "leak": 0.09, "ridge": 1.205208535758851e-08, "sr": 9.7251679799822}}