{"returned_dict": {"loss": 2.6730651357538853, "Accuracy": 0.9216789022200407, "F1": 0.8475207054168683, "Lev. sim.": 0.49823618831230104, "status": "ok", "start_time": 1615476623.193537, "duration": 31.118282079696655}, "current_params": {"N": 300, "isd": 0.005926018131188934, "isd2": 2.2778561013478003, "iss": 0.8099143782325872, "leak": 0.14617215147956758, "ridge": 2.0838987024246352e-06, "sr": 0.9}}