{"returned_dict": {"loss": 2.6748422487124017, "Accuracy": 0.9232681984810178, "F1": 0.8466786950641676, "Lev. sim.": 0.5040438758734629, "status": "ok", "start_time": 1615485728.4535167, "duration": 31.806715965270996}, "current_params": {"N": 300, "isd": 1.139648360261831, "isd2": 0.664568815154193, "iss": 2.7883804903071883, "leak": 0.099618482917352, "ridge": 9.120881839405786e-05, "sr": 0.9}}