{"returned_dict": {"loss": 2.684180838591427, "Accuracy": 0.9267828738043278, "F1": 0.8558906632065838, "Lev. sim.": 0.4945400897020746, "status": "ok", "start_time": 1615485107.00727, "duration": 32.63847231864929}, "current_params": {"N": 300, "isd": 3.9930245394619592, "isd2": 9.325106753778166e-05, "iss": 4.089888095966534, "leak": 0.15155754506848362, "ridge": 2.439917135906988e-05, "sr": 0.9}}