{"returned_dict": {"loss": 2.6814331194258347, "Accuracy": 0.9195892366214793, "F1": 0.8374610032473424, "Lev. sim.": 0.4938057201592807, "status": "ok", "start_time": 1615486643.6192176, "duration": 31.753591299057007}, "current_params": {"N": 300, "isd": 0.08753210534121098, "isd2": 1.6576219569968709, "iss": 0.46540605040598293, "leak": 0.17717104017265786, "ridge": 3.0146025298121797e-06, "sr": 0.9}}