{"returned_dict": {"loss": 2.687151316559688, "Accuracy": 0.9155950694787869, "F1": 0.8305669882125433, "Lev. sim.": 0.5026911898720414, "status": "ok", "start_time": 1615477240.7900221, "duration": 31.20773458480835}, "current_params": {"N": 300, "isd": 4.480464364217247, "isd2": 3.269255181902784e-05, "iss": 6.613290330552857, "leak": 0.058345242247496834, "ridge": 8.330978490159207e-08, "sr": 0.9}}