{"returned_dict": {"loss": 2.689070604950605, "Accuracy": 0.9175250270691768, "F1": 0.8317344032975225, "Lev. sim.": 0.5070359490746889, "status": "ok", "start_time": 1615478031.5242312, "duration": 30.852872610092163}, "current_params": {"N": 300, "isd": 1.2353371301055125, "isd2": 0.2446821703780669, "iss": 0.12308296937730294, "leak": 0.024537015683740407, "ridge": 0.0012737268585861486, "sr": 0.9}}