{"returned_dict": {"loss": 2.6847853255880785, "Accuracy": 0.922752004137331, "F1": 0.8445415650661093, "Lev. sim.": 0.49804791693612216, "status": "ok", "start_time": 1615484466.4642675, "duration": 31.521732807159424}, "current_params": {"N": 300, "isd": 5.521039102972622, "isd2": 3.8442744510417125e-05, "iss": 6.862182762455273, "leak": 0.10155643976026262, "ridge": 3.871515894429371e-09, "sr": 0.9}}