{"returned_dict": {"loss": 2.6919470259970932, "Accuracy": 0.9171292281190825, "F1": 0.8306724264602752, "Lev. sim.": 0.5042029249910656, "status": "ok", "start_time": 1615477860.6621344, "duration": 30.667697191238403}, "current_params": {"N": 300, "isd": 1.9465201129586274, "isd2": 0.030157135402062284, "iss": 0.00022388902994814665, "leak": 0.024272173460919505, "ridge": 2.0103760484899253e-05, "sr": 0.9}}