{"returned_dict": {"loss": 2.6967281108575762, "Accuracy": 0.9106670320904845, "F1": 0.8127109689128286, "Lev. sim.": 0.4992047655073044, "status": "ok", "start_time": 1615478902.2221863, "duration": 30.79949975013733}, "current_params": {"N": 300, "isd": 0.029543456738498074, "isd2": 0.196377614644718, "iss": 0.016119390886032262, "leak": 0.0790404624485446, "ridge": 5.3348492542529255e-08, "sr": 0.9}}