{"returned_dict": {"loss": 2.6954540041673924, "Accuracy": 0.9157950362482626, "F1": 0.8271789942521526, "Lev. sim.": 0.5076619562679725, "status": "ok", "start_time": 1615485794.2612293, "duration": 31.046469926834106}, "current_params": {"N": 300, "isd": 0.20953953747763304, "isd2": 0.09425342963823206, "iss": 0.031361341902804304, "leak": 0.03701353409907617, "ridge": 1.2183023905502257e-07, "sr": 0.9}}