{"returned_dict": {"loss": 2.707348028015315, "Accuracy": 0.9041360727226309, "F1": 0.8044038929137164, "Lev. sim.": 0.4952015074465286, "status": "ok", "start_time": 1615482389.3027923, "duration": 30.942448616027832}, "current_params": {"N": 300, "isd": 0.0007805065811894694, "isd2": 0.06608585074539547, "iss": 0.00010525533172500617, "leak": 0.06805295759248962, "ridge": 1.2932384900246675e-08, "sr": 0.9}}