{"returned_dict": {"loss": 2.7023815518371994, "Accuracy": 0.924281057844102, "F1": 0.8566764255534756, "Lev. sim.": 0.5052443553944957, "status": "ok", "start_time": 1615486767.7140803, "duration": 31.907621145248413}, "current_params": {"N": 300, "isd": 5.32820048502513, "isd2": 0.00022547454877594917, "iss": 4.338402324913998e-05, "leak": 0.08252006662270038, "ridge": 7.23260132883915e-07, "sr": 0.9}}