{"returned_dict": {"loss": 2.7020217382349525, "Accuracy": 0.9170350457842431, "F1": 0.8300763602695937, "Lev. sim.": 0.478038402793539, "status": "ok", "start_time": 1615480543.377148, "duration": 31.224077224731445}, "current_params": {"N": 300, "isd": 0.0005610415501493319, "isd2": 4.989880507465177, "iss": 2.243069403542335, "leak": 0.21598260985389955, "ridge": 2.0210681368461856e-08, "sr": 0.9}}