{"returned_dict": {"loss": 2.7030700267130623, "Accuracy": 0.9062285892146253, "F1": 0.8168920564792973, "Lev. sim.": 0.4970447386764409, "status": "ok", "start_time": 1615485339.6009078, "duration": 31.741872549057007}, "current_params": {"N": 300, "isd": 0.1223972424552645, "isd2": 1.2797439467176077, "iss": 0.00019388279969910247, "leak": 0.03816891934453139, "ridge": 3.411925939232632e-08, "sr": 0.9}}