{"returned_dict": {"loss": 2.704876161421461, "Accuracy": 0.923317875781291, "F1": 0.8548418836191066, "Lev. sim.": 0.49823981671850043, "status": "ok", "start_time": 1615480777.3853657, "duration": 31.396278142929077}, "current_params": {"N": 300, "isd": 7.188712044551305, "isd2": 0.012262284559622527, "iss": 6.328265092142071e-05, "leak": 0.07282008604973801, "ridge": 2.688059277334253e-05, "sr": 0.9}}