{"returned_dict": {"loss": 2.7095446642304766, "Accuracy": 0.909306575691246, "F1": 0.8109717583771943, "Lev. sim.": 0.4971926266206473, "status": "ok", "start_time": 1615481320.860295, "duration": 30.741508722305298}, "current_params": {"N": 300, "isd": 2.45660919889118, "isd2": 1.694763542568864e-05, "iss": 6.784449038087605e-05, "leak": 0.01677060793146018, "ridge": 1.4552823457165752e-08, "sr": 0.9}}