{"returned_dict": {"loss": 2.7059653279786557, "Accuracy": 0.9163437500311362, "F1": 0.8359316015206473, "Lev. sim.": 0.4924456205399027, "status": "ok", "start_time": 1615486611.530637, "duration": 32.086217164993286}, "current_params": {"N": 300, "isd": 0.24711998972409271, "isd2": 0.2782970629045673, "iss": 1.0814542349861849, "leak": 0.20349602413269963, "ridge": 0.0003512709758881277, "sr": 0.9}}