{"returned_dict": {"loss": 2.7098039505832583, "Accuracy": 0.905938470413272, "F1": 0.8237759109561464, "Lev. sim.": 0.49590286968150643, "status": "ok", "start_time": 1615482199.515575, "duration": 31.520668506622314}, "current_params": {"N": 300, "isd": 0.6932777430545646, "isd2": 0.001937751991240117, "iss": 4.345561660301858, "leak": 0.08805711120935675, "ridge": 0.024270549426290398, "sr": 0.9}}