{"returned_dict": {"loss": 2.7098969923547847, "Accuracy": 0.9148067622932621, "F1": 0.8334271045297552, "Lev. sim.": 0.4981385244087397, "status": "ok", "start_time": 1615476561.5027692, "duration": 31.084735870361328}, "current_params": {"N": 300, "isd": 9.068932421253251, "isd2": 0.11988536524248344, "iss": 5.319010481302178e-05, "leak": 0.033293294652960374, "ridge": 1.2231900782434995e-08, "sr": 0.9}}