{"returned_dict": {"loss": 2.7104982371728426, "Accuracy": 0.9108395439208049, "F1": 0.8264996517598352, "Lev. sim.": 0.5071229694939813, "status": "ok", "start_time": 1615476052.5197735, "duration": 31.23240876197815}, "current_params": {"N": 300, "isd": 0.10768018400509398, "isd2": 0.004663122224794763, "iss": 0.001645719985352228, "leak": 0.0763889960106991, "ridge": 2.3272764890074448e-07, "sr": 0.9}}