{"returned_dict": {"loss": 2.718837015424349, "Accuracy": 0.9038310685529709, "F1": 0.795969241952738, "Lev. sim.": 0.4955220053390311, "status": "ok", "start_time": 1615486114.2335498, "duration": 31.08065390586853}, "current_params": {"N": 300, "isd": 1.340466776477396, "isd2": 0.016824059296993155, "iss": 2.5610745783521206e-05, "leak": 0.013760605137775318, "ridge": 0.00011681665201103333, "sr": 0.9}}