{"returned_dict": {"loss": 2.7188024266344337, "Accuracy": 0.8878777640450484, "F1": 0.7835036027305117, "Lev. sim.": 0.4847781031211017, "status": "ok", "start_time": 1615476948.1836245, "duration": 31.061944246292114}, "current_params": {"N": 300, "isd": 0.023041557407505003, "isd2": 0.298217423567005, "iss": 2.510931067801044, "leak": 0.040684228573036545, "ridge": 6.23347046681348e-05, "sr": 0.9}}