{"returned_dict": {"loss": 2.7160689619480283, "Accuracy": 0.9117446889766182, "F1": 0.8263170858619233, "Lev. sim.": 0.4684841125292597, "status": "ok", "start_time": 1615476654.3134177, "duration": 32.22826099395752}, "current_params": {"N": 300, "isd": 1.055705805129439, "isd2": 1.0805906656775182, "iss": 4.510181749800883, "leak": 0.20038468147606756, "ridge": 8.872271749915429e-08, "sr": 0.9}}