{"returned_dict": {"loss": 2.7197033366830263, "Accuracy": 0.9082052961290735, "F1": 0.8109036879526215, "Lev. sim.": 0.502272086281809, "status": "ok", "start_time": 1615485605.7466207, "duration": 32.36738705635071}, "current_params": {"N": 300, "isd": 0.12702557041376972, "isd2": 0.012211680425039449, "iss": 0.019836773540011357, "leak": 0.056980377443956086, "ridge": 1.882425129708488e-05, "sr": 0.9}}