{"returned_dict": {"loss": 2.715982470897753, "Accuracy": 0.8958921287937349, "F1": 0.8168807219716141, "Lev. sim.": 0.4956712295357869, "status": "ok", "start_time": 1615477405.6592507, "duration": 31.296120166778564}, "current_params": {"N": 300, "isd": 0.0003192654393862667, "isd2": 0.005864000697363472, "iss": 1.896115281884799, "leak": 0.07178567022162324, "ridge": 0.00041921604711340035, "sr": 0.9}}