{"returned_dict": {"loss": 2.719146088033333, "Accuracy": 0.8935338921098103, "F1": 0.7727391379486029, "Lev. sim.": 0.4928373987198854, "status": "ok", "start_time": 1615486383.7664025, "duration": 31.01764941215515}, "current_params": {"N": 300, "isd": 0.029505796660586347, "isd2": 0.1504351663696959, "iss": 0.0021582127923418537, "leak": 0.021666401999802284, "ridge": 6.295655168083437e-08, "sr": 0.9}}