{"returned_dict": {"loss": 2.7111045047630435, "Accuracy": 0.9170785590810464, "F1": 0.826957372504516, "Lev. sim.": 0.5089478050186425, "status": "ok", "start_time": 1615476503.051272, "duration": 30.842715978622437}, "current_params": {"N": 300, "isd": 0.11872644196586711, "isd2": 2.0343395993164632, "iss": 0.0006826537081380482, "leak": 0.11060404221262665, "ridge": 1.0991884532573188e-06, "sr": 0.9}}