{"returned_dict": {"loss": 2.7290669889092936, "Accuracy": 0.9015829101552107, "F1": 0.8146739649669975, "Lev. sim.": 0.4936769175785029, "status": "ok", "start_time": 1615479148.181244, "duration": 30.77630352973938}, "current_params": {"N": 300, "isd": 0.007622125494568235, "isd2": 0.7179170620004939, "iss": 3.448163385995583e-05, "leak": 0.07386481147561254, "ridge": 1.9382881545483998e-08, "sr": 0.9}}