{"returned_dict": {"loss": 2.7209437012926463, "Accuracy": 0.9025414022860172, "F1": 0.8209782306470634, "Lev. sim.": 0.49247145996066344, "status": "ok", "start_time": 1615481737.8339512, "duration": 31.080893993377686}, "current_params": {"N": 300, "isd": 0.3857074005382027, "isd2": 6.798383228888324, "iss": 0.0014336811000358154, "leak": 0.05693767847491957, "ridge": 4.101997685901117e-05, "sr": 0.9}}