{"returned_dict": {"loss": 2.7291417804256826, "Accuracy": 0.9125878328903922, "F1": 0.8173371240782099, "Lev. sim.": 0.5011970060741926, "status": "ok", "start_time": 1615481088.3385804, "duration": 31.75900101661682}, "current_params": {"N": 300, "isd": 0.0025382526116724756, "isd2": 2.0736755885044102, "iss": 0.004169328182291108, "leak": 0.15454865249692365, "ridge": 0.0031254006705408524, "sr": 0.9}}