{"returned_dict": {"loss": 2.7252001608510694, "Accuracy": 0.8907694510617967, "F1": 0.7938393142565098, "Lev. sim.": 0.4820790451402356, "status": "ok", "start_time": 1615482924.423261, "duration": 30.28897976875305}, "current_params": {"N": 300, "isd": 4.7976394975991884e-05, "isd2": 1.3889710975790641, "iss": 6.041512930318572e-05, "leak": 0.029603696431589076, "ridge": 0.006525147631203325, "sr": 0.9}}