{"returned_dict": {"loss": 2.7337083722220283, "Accuracy": 0.9092448481697911, "F1": 0.8125498647034327, "Lev. sim.": 0.47021279252457804, "status": "ok", "start_time": 1615478677.463285, "duration": 31.751132249832153}, "current_params": {"N": 300, "isd": 0.18443926004757893, "isd2": 5.94195827806667, "iss": 0.3049168161663249, "leak": 0.1954398714256385, "ridge": 0.004782137790844007, "sr": 0.9}}