{"returned_dict": {"loss": 2.735251465350853, "Accuracy": 0.8815449355566768, "F1": 0.7778575410365219, "Lev. sim.": 0.48879856775098285, "status": "ok", "start_time": 1615477801.2987213, "duration": 30.735188245773315}, "current_params": {"N": 300, "isd": 0.001821081739245441, "isd2": 0.10576646455286105, "iss": 3.515867921270029, "leak": 0.04291822495273856, "ridge": 2.6229878618267304e-06, "sr": 0.9}}