{"returned_dict": {"loss": 2.7318675934080856, "Accuracy": 0.8921968485059304, "F1": 0.806170086903143, "Lev. sim.": 0.4939953095621667, "status": "ok", "start_time": 1615486315.6635575, "duration": 32.46790528297424}, "current_params": {"N": 300, "isd": 0.0015783250300533415, "isd2": 0.2129206378918928, "iss": 4.3629183912249445, "leak": 0.08389331512516048, "ridge": 1.991558469512033e-05, "sr": 0.9}}