{"returned_dict": {"loss": 2.730512599886116, "Accuracy": 0.8948067317974777, "F1": 0.7764666624662434, "Lev. sim.": 0.4928488628717048, "status": "ok", "start_time": 1615485858.4031303, "duration": 31.105867385864258}, "current_params": {"N": 300, "isd": 0.21979056200605945, "isd2": 2.1721952985428507e-05, "iss": 0.0003763251713657223, "leak": 0.013931433299169143, "ridge": 4.936279260527581e-08, "sr": 0.9}}