{"returned_dict": {"loss": 2.7329540409799935, "Accuracy": 0.8975154040279009, "F1": 0.8246529791250211, "Lev. sim.": 0.48048273352381476, "status": "ok", "start_time": 1615479450.7188518, "duration": 31.38347029685974}, "current_params": {"N": 300, "isd": 0.00017467716000585254, "isd2": 0.0014400217192171044, "iss": 0.7187405091739841, "leak": 0.1798569881380328, "ridge": 0.13236648774422713, "sr": 0.9}}