{"returned_dict": {"loss": 2.739205184494017, "Accuracy": 0.8930322735682854, "F1": 0.7858520340676243, "Lev. sim.": 0.48489123585236166, "status": "ok", "start_time": 1615481964.8023639, "duration": 32.184863567352295}, "current_params": {"N": 300, "isd": 4.635669754259111, "isd2": 8.637283898812612, "iss": 0.0029510649841199867, "leak": 0.025990828198591928, "ridge": 2.9614523235108445e-08, "sr": 0.9}}