{"returned_dict": {"loss": 2.7475234777766384, "Accuracy": 0.8766195755563799, "F1": 0.7656906280641296, "Lev. sim.": 0.4846460239913107, "status": "ok", "start_time": 1615482549.1975687, "duration": 30.02995467185974}, "current_params": {"N": 300, "isd": 0.00014538755456799374, "isd2": 0.00047206208464482395, "iss": 0.25891731943945034, "leak": 0.04353421870281718, "ridge": 0.00046603824529378734, "sr": 0.9}}