{"returned_dict": {"loss": 2.743312425217721, "Accuracy": 0.9028548220284207, "F1": 0.8177540307253264, "Lev. sim.": 0.4913521206742805, "status": "ok", "start_time": 1615478382.517333, "duration": 31.463947772979736}, "current_params": {"N": 300, "isd": 0.051051107546035715, "isd2": 3.576809346566193e-05, "iss": 0.41144654949127984, "leak": 0.12179977311441366, "ridge": 0.4451297726379311, "sr": 0.9}}