{"returned_dict": {"loss": 2.744063796117912, "Accuracy": 0.8800455457339178, "F1": 0.7757116360594156, "Lev. sim.": 0.46673653710172147, "status": "ok", "start_time": 1615478778.2430751, "duration": 30.19803500175476}, "current_params": {"N": 300, "isd": 0.0019032519778012474, "isd2": 6.926610666772347, "iss": 0.0061179768344125935, "leak": 0.029267768820573255, "ridge": 0.11025202897671622, "sr": 0.9}}