{"returned_dict": {"loss": 2.7436162526519676, "Accuracy": 0.8994207699328974, "F1": 0.8194038526613268, "Lev. sim.": 0.4857246671848217, "status": "ok", "start_time": 1615484700.8840632, "duration": 31.77877116203308}, "current_params": {"N": 300, "isd": 0.00011366804668338372, "isd2": 0.006466034318157701, "iss": 0.2698663578367458, "leak": 0.18656013284095252, "ridge": 3.6902746327614665e-05, "sr": 0.9}}