{"returned_dict": {"loss": 2.7442444299089215, "Accuracy": 0.9026567056999406, "F1": 0.7942123169004869, "Lev. sim.": 0.457011831222043, "status": "ok", "start_time": 1615485371.3450782, "duration": 33.102848052978516}, "current_params": {"N": 300, "isd": 0.0700314121948182, "isd2": 0.307652056048664, "iss": 0.20404191369331448, "leak": 0.3519475418716108, "ridge": 0.012481808802678322, "sr": 0.9}}