{"returned_dict": {"loss": 2.741770265549344, "Accuracy": 0.8676849041425708, "F1": 0.7504815595095471, "Lev. sim.": 0.44331532137996926, "status": "ok", "start_time": 1615486145.3165379, "duration": 31.10834288597107}, "current_params": {"N": 300, "isd": 0.0008654719394416226, "isd2": 2.749757238812478, "iss": 0.9076096877589792, "leak": 0.016962798817162283, "ridge": 0.0003642432438308348, "sr": 0.9}}