{"returned_dict": {"loss": 2.7577523061415024, "Accuracy": 0.8841298795299821, "F1": 0.7592807454924249, "Lev. sim.": 0.4900268413191718, "status": "ok", "start_time": 1615482357.1373403, "duration": 32.162851095199585}, "current_params": {"N": 300, "isd": 1.122974707658962, "isd2": 5.35524096272411e-05, "iss": 0.0010623877818657485, "leak": 0.007879585120175708, "ridge": 2.2987564664745838e-09, "sr": 0.9}}