{"returned_dict": {"loss": 2.7535495557841068, "Accuracy": 0.8706077680981466, "F1": 0.7281668704792443, "Lev. sim.": 0.47273022561108996, "status": "ok", "start_time": 1615476124.1911647, "duration": 30.941276788711548}, "current_params": {"N": 300, "isd": 0.05130103147506955, "isd2": 0.7749712878873929, "iss": 0.0788475449820828, "leak": 0.024810093682891735, "ridge": 0.2961478671937421, "sr": 0.9}}