{"returned_dict": {"loss": 2.7542316033597856, "Accuracy": 0.8927053664460713, "F1": 0.7493812994856711, "Lev. sim.": 0.4604814354284253, "status": "ok", "start_time": 1615482828.6784928, "duration": 31.38948965072632}, "current_params": {"N": 300, "isd": 0.0401791557665511, "isd2": 0.18692236048332014, "iss": 0.005595106442178577, "leak": 0.2710864086924649, "ridge": 4.178031235011151e-06, "sr": 0.9}}