{"returned_dict": {"loss": 2.757695645695422, "Accuracy": 0.899058057442909, "F1": 0.8061218367548968, "Lev. sim.": 0.45865598536666585, "status": "ok", "start_time": 1615482954.7145762, "duration": 1296.3439772129059}, "current_params": {"N": 300, "isd": 0.00640672878519337, "isd2": 5.902091389042768, "iss": 2.5886142884251508e-05, "leak": 0.17710502730645936, "ridge": 2.9969688095602597e-09, "sr": 0.9}}