{"returned_dict": {"loss": 2.7534590711204965, "Accuracy": 0.9030258481889997, "F1": 0.8100206627930493, "Lev. sim.": 0.45568012080841536, "status": "ok", "start_time": 1615482732.36013, "duration": 32.05783653259277}, "current_params": {"N": 300, "isd": 0.2608346560509008, "isd2": 0.0063903092668887475, "iss": 0.5448418377480391, "leak": 0.3851714807065136, "ridge": 1.7157808071392729e-06, "sr": 0.9}}