{"returned_dict": {"loss": 2.7559876080632693, "Accuracy": 0.8625617459428725, "F1": 0.7312075774972212, "Lev. sim.": 0.46528160264760665, "status": "ok", "start_time": 1615481568.5740855, "duration": 30.588054418563843}, "current_params": {"N": 300, "isd": 0.0005616796684493844, "isd2": 0.00033471381607753605, "iss": 3.317970131885356, "leak": 0.026534529278614487, "ridge": 2.4273537744914863e-06, "sr": 0.9}}