{"returned_dict": {"loss": 2.7522806002243265, "Accuracy": 0.8872351262963255, "F1": 0.764024598801296, "Lev. sim.": 0.49061444506060176, "status": "ok", "start_time": 1615479420.0591319, "duration": 30.657527923583984}, "current_params": {"N": 300, "isd": 1.168982118338724, "isd2": 0.014031823249042204, "iss": 0.002911820742841569, "leak": 0.008478405147843288, "ridge": 1.1367903676277251e-05, "sr": 0.9}}