{"returned_dict": {"loss": 2.754577659585861, "Accuracy": 0.890453445816877, "F1": 0.7472213971756779, "Lev. sim.": 0.4748696224641423, "status": "ok", "start_time": 1615476280.7177722, "duration": 32.441319704055786}, "current_params": {"N": 300, "isd": 0.000500336889490322, "isd2": 0.46947405094726824, "iss": 0.00529684523263303, "leak": 0.27032012071664124, "ridge": 9.683314953054674e-09, "sr": 0.9}}