{"returned_dict": {"loss": 2.764660188206883, "Accuracy": 0.886469150784895, "F1": 0.7668881995455841, "Lev. sim.": 0.4935274009488896, "status": "ok", "start_time": 1615486018.1005793, "duration": 31.240060329437256}, "current_params": {"N": 300, "isd": 5.017943328215884, "isd2": 0.00012241461193089842, "iss": 0.0006997656558421093, "leak": 0.009768181318745434, "ridge": 0.0017296594263879034, "sr": 0.9}}