{"returned_dict": {"loss": 2.763760326383749, "Accuracy": 0.8646877114725434, "F1": 0.7455116588714344, "Lev. sim.": 0.46175262141437823, "status": "ok", "start_time": 1615477177.5681875, "duration": 30.351911783218384}, "current_params": {"N": 300, "isd": 0.7448923845881533, "isd2": 3.5831476267897773, "iss": 1.894107143085752e-05, "leak": 0.014984285813090284, "ridge": 3.878619527007116e-06, "sr": 0.9}}