{"returned_dict": {"loss": 2.761748145554692, "Accuracy": 0.8975371277185706, "F1": 0.8069283111383191, "Lev. sim.": 0.4574373368977459, "status": "ok", "start_time": 1615481902.3123999, "duration": 31.483049392700195}, "current_params": {"N": 300, "isd": 0.04172578030035426, "isd2": 6.585094099698202e-05, "iss": 0.3575298711764821, "leak": 0.3451599100462009, "ridge": 0.003703948067276835, "sr": 0.9}}