{"returned_dict": {"loss": 2.7660994810496407, "Accuracy": 0.8833852112551238, "F1": 0.7904828641713577, "Lev. sim.": 0.4694389338302808, "status": "ok", "start_time": 1615476915.016297, "duration": 33.16559052467346}, "current_params": {"N": 300, "isd": 0.00037494309642671994, "isd2": 0.7591733937709144, "iss": 9.872250179607104, "leak": 0.12866548380503234, "ridge": 3.4904050995838073e-06, "sr": 0.9}}