{"returned_dict": {"loss": 2.76869047638412, "Accuracy": 0.8877467358579242, "F1": 0.7898977662079403, "Lev. sim.": 0.43708001784445444, "status": "ok", "start_time": 1615484251.061477, "duration": 33.12891721725464}, "current_params": {"N": 300, "isd": 0.0217116035710591, "isd2": 2.4151323784890754e-05, "iss": 0.8888215199647842, "leak": 0.3911681917080426, "ridge": 0.00021171607631073546, "sr": 0.9}}