{"returned_dict": {"loss": 2.765449743179025, "Accuracy": 0.8629502149986884, "F1": 0.739524295256891, "Lev. sim.": 0.47600706787440955, "status": "ok", "start_time": 1615485541.4316387, "duration": 32.00125861167908}, "current_params": {"N": 300, "isd": 2.9916204993889623e-05, "isd2": 0.010556296153557685, "iss": 6.826842032204062, "leak": 0.03688032075599271, "ridge": 0.023030033863878373, "sr": 0.9}}