{"returned_dict": {"loss": 2.7662384097205415, "Accuracy": 0.9017147113056134, "F1": 0.7888424689354648, "Lev. sim.": 0.41961904181292764, "status": "ok", "start_time": 1615477084.4446836, "duration": 33.99144434928894}, "current_params": {"N": 300, "isd": 3.184212063667566, "isd2": 0.00039218771400457986, "iss": 0.8777341457252882, "leak": 0.4487189808097572, "ridge": 3.867741629997653e-06, "sr": 0.9}}