{"returned_dict": {"loss": 2.7669662187394795, "Accuracy": 0.8893943535759228, "F1": 0.758251601178194, "Lev. sim.": 0.4968903814155131, "status": "ok", "start_time": 1615480958.3124044, "duration": 30.81191897392273}, "current_params": {"N": 300, "isd": 0.09730129248241375, "isd2": 0.0008374562685043324, "iss": 0.0024336841907740964, "leak": 0.04911175076119961, "ridge": 3.10795617553516e-05, "sr": 0.9}}