{"returned_dict": {"loss": 2.776623624669475, "Accuracy": 0.8615223223881276, "F1": 0.7173907753116244, "Lev. sim.": 0.4857249523224037, "status": "ok", "start_time": 1615481409.2475348, "duration": 30.69362187385559}, "current_params": {"N": 300, "isd": 0.4462016223369004, "isd2": 0.34131181727184395, "iss": 0.8079210989789269, "leak": 0.008864155123152886, "ridge": 0.0017058689828099083, "sr": 0.9}}