{"returned_dict": {"loss": 2.7738959220059627, "Accuracy": 0.8903374961991795, "F1": 0.7831512361668699, "Lev. sim.": 0.4164810855308018, "status": "ok", "start_time": 1615482860.0704312, "duration": 35.662394285202026}, "current_params": {"N": 300, "isd": 1.8911769007246841, "isd2": 0.028208566095155024, "iss": 8.860385696317973, "leak": 0.25504709914460094, "ridge": 1.759464994695154e-05, "sr": 0.9}}