{"returned_dict": {"loss": 2.7790187718786896, "Accuracy": 0.8844781136011477, "F1": 0.7838102639982601, "Lev. sim.": 0.43532285787870506, "status": "ok", "start_time": 1615479319.2978754, "duration": 31.854511737823486}, "current_params": {"N": 300, "isd": 0.0034366011582097344, "isd2": 0.000737640976746678, "iss": 0.35769853948079783, "leak": 0.4219486154253333, "ridge": 5.5453313396764194e-05, "sr": 0.9}}