{"returned_dict": {"loss": 2.77458305815105, "Accuracy": 0.8986658014401078, "F1": 0.801867216195743, "Lev. sim.": 0.4683995749564306, "status": "ok", "start_time": 1615479116.946901, "duration": 31.232447624206543}, "current_params": {"N": 300, "isd": 0.0016812485819838643, "isd2": 0.02133472211278566, "iss": 0.03096980204126957, "leak": 0.1718029147153437, "ridge": 7.434671180794687e-07, "sr": 0.9}}