{"returned_dict": {"loss": 2.7879839247929814, "Accuracy": 0.8477143635792983, "F1": 0.6989575121264239, "Lev. sim.": 0.45523343989209375, "status": "ok", "start_time": 1615481057.6766593, "duration": 30.659412145614624}, "current_params": {"N": 300, "isd": 1.201091308817731e-05, "isd2": 0.7226699611458205, "iss": 0.0004386432243289192, "leak": 0.01180385446967802, "ridge": 2.307649877154647e-08, "sr": 0.9}}