{"returned_dict": {"loss": 2.785402911801456, "Accuracy": 0.8713004933216382, "F1": 0.7258658350251466, "Lev. sim.": 0.4933846948061431, "status": "ok", "start_time": 1615485889.5113683, "duration": 30.66380524635315}, "current_params": {"N": 300, "isd": 0.23737395485855606, "isd2": 0.0007407382888911442, "iss": 0.009185641252333222, "leak": 0.007854320346359646, "ridge": 1.4835333378781847e-05, "sr": 0.9}}