{"returned_dict": {"loss": 2.782572183613526, "Accuracy": 0.8709822631609907, "F1": 0.7378934987699863, "Lev. sim.": 0.48733295465703746, "status": "ok", "start_time": 1615485042.916908, "duration": 32.204020261764526}, "current_params": {"N": 300, "isd": 0.8725618467692823, "isd2": 1.0238654015328613e-05, "iss": 0.004576750219544566, "leak": 0.005800920514365938, "ridge": 1.5815064974375485e-09, "sr": 0.9}}