{"returned_dict": {"loss": 2.7889373173124516, "Accuracy": 0.8462629414366448, "F1": 0.6991171157660867, "Lev. sim.": 0.47307388954841023, "status": "ok", "start_time": 1615481151.2835188, "duration": 31.477636337280273}, "current_params": {"N": 300, "isd": 0.08792268613741279, "isd2": 0.3013061145190547, "iss": 3.5363015332897576e-05, "leak": 0.00845535195251055, "ridge": 2.6594386108027425e-07, "sr": 0.9}}