{"returned_dict": {"loss": 2.7896423464245053, "Accuracy": 0.874521292946366, "F1": 0.7674912747158463, "Lev. sim.": 0.4095317631323656, "status": "ok", "start_time": 1615485920.1776106, "duration": 34.013548135757446}, "current_params": {"N": 300, "isd": 8.972837408322224e-05, "isd2": 0.009911135648148234, "iss": 0.6843628852248292, "leak": 0.47409594552513024, "ridge": 1.9802776034963227e-08, "sr": 0.9}}