{"returned_dict": {"loss": 2.7818622950769103, "Accuracy": 0.8973472966065191, "F1": 0.7919062931278257, "Lev. sim.": 0.45025937749495304, "status": "ok", "start_time": 1615485825.3101814, "duration": 33.09054517745972}, "current_params": {"N": 300, "isd": 0.07555814689754033, "isd2": 1.191521275498482, "iss": 0.0017648074675500384, "leak": 0.22991488831256632, "ridge": 0.2252137398784006, "sr": 0.9}}