{"returned_dict": {"loss": 2.798024505471976, "Accuracy": 0.856918887884069, "F1": 0.7096406669129559, "Lev. sim.": 0.48363168701363063, "status": "ok", "start_time": 1615486702.8077137, "duration": 31.130534648895264}, "current_params": {"N": 300, "isd": 0.3029284740350685, "isd2": 0.006675361324080681, "iss": 0.13593686508565106, "leak": 0.006195930674470256, "ridge": 3.016153725163276e-06, "sr": 0.9}}