{"returned_dict": {"loss": 2.800056410754043, "Accuracy": 0.859312180710597, "F1": 0.7077478374398927, "Lev. sim.": 0.48670483164355466, "status": "ok", "start_time": 1615479969.700868, "duration": 30.664308309555054}, "current_params": {"N": 300, "isd": 0.0975645264630714, "isd2": 0.016752284079507036, "iss": 0.04656487125617944, "leak": 0.006984137100276174, "ridge": 1.9615341886287525e-07, "sr": 0.9}}