{"returned_dict": {"loss": 2.80231642528359, "Accuracy": 0.8674896741088116, "F1": 0.6942105047005999, "Lev. sim.": 0.42634879921894536, "status": "ok", "start_time": 1615481182.763058, "duration": 32.49885082244873}, "current_params": {"N": 300, "isd": 0.0012963562062351852, "isd2": 0.5256121409800723, "iss": 0.12673676402612488, "leak": 0.5503635106177039, "ridge": 0.09310077489427968, "sr": 0.9}}