{"returned_dict": {"loss": 2.8059130393462346, "Accuracy": 0.8572541476899069, "F1": 0.7139932910704537, "Lev. sim.": 0.481895221377904, "status": "ok", "start_time": 1615484374.5956252, "duration": 30.98381280899048}, "current_params": {"N": 300, "isd": 0.23551686761967852, "isd2": 0.0005460823271950314, "iss": 0.0010324431768781168, "leak": 0.005058750364021127, "ridge": 3.841560824788062e-07, "sr": 0.9}}