{"returned_dict": {"loss": 2.801906602017966, "Accuracy": 0.8687355077421808, "F1": 0.7345310480464159, "Lev. sim.": 0.4844640352691492, "status": "ok", "start_time": 1615482480.8302608, "duration": 32.684547901153564}, "current_params": {"N": 300, "isd": 3.434107234053424, "isd2": 0.005930289720909606, "iss": 0.0002136129121312053, "leak": 0.00540869086320043, "ridge": 3.898160431847258e-08, "sr": 0.9}}