{"returned_dict": {"loss": 2.8125451222892988, "Accuracy": 0.8646183019994167, "F1": 0.7058250303061733, "Lev. sim.": 0.49081761026082465, "status": "ok", "start_time": 1615481768.9168754, "duration": 31.463664293289185}, "current_params": {"N": 300, "isd": 0.045455052880983886, "isd2": 0.0005476397438884256, "iss": 0.008898357711294682, "leak": 0.02606491885277565, "ridge": 9.712053658161484e-07, "sr": 0.9}}