{"returned_dict": {"loss": 2.8196692251592843, "Accuracy": 0.8251772484917785, "F1": 0.6754645293046737, "Lev. sim.": 0.4354674799749847, "status": "ok", "start_time": 1615478090.16849, "duration": 30.959272146224976}, "current_params": {"N": 300, "isd": 0.003188342986241512, "isd2": 4.392795945125213, "iss": 0.004368395326501837, "leak": 0.010302479294275154, "ridge": 4.197739820073515e-05, "sr": 0.9}}