{"returned_dict": {"loss": 2.8173993217826587, "Accuracy": 0.8552737506760544, "F1": 0.6681585812991958, "Lev. sim.": 0.48284037965625115, "status": "ok", "start_time": 1615481378.5951712, "duration": 30.6501567363739}, "current_params": {"N": 300, "isd": 0.01825053702412768, "isd2": 0.1573219543175245, "iss": 0.0019740724578947827, "leak": 0.034926117225690584, "ridge": 0.0016185092256555472, "sr": 0.9}}