{"returned_dict": {"loss": 2.8145623093759604, "Accuracy": 0.8438710646174947, "F1": 0.6897392964795548, "Lev. sim.": 0.47853491419795147, "status": "ok", "start_time": 1615484799.8168144, "duration": 31.336673498153687}, "current_params": {"N": 300, "isd": 0.11722178849810534, "isd2": 0.0288275205398481, "iss": 0.07071597898788638, "leak": 0.005695908532976813, "ridge": 1.3379799018002042e-07, "sr": 0.9}}