{"returned_dict": {"loss": 2.8156314155581605, "Accuracy": 0.8241641852722413, "F1": 0.6626537511453365, "Lev. sim.": 0.4305368803437369, "status": "ok", "start_time": 1615476722.5633814, "duration": 30.55074143409729}, "current_params": {"N": 300, "isd": 0.03813508173588441, "isd2": 7.895703932391574, "iss": 7.0504569388517515, "leak": 0.01339998364954736, "ridge": 0.00018452664667720702, "sr": 0.9}}