{"returned_dict": {"loss": 2.824787206517046, "Accuracy": 0.8773784105398074, "F1": 0.7404380061471699, "Lev. sim.": 0.37089487572021484, "status": "ok", "start_time": 1615480161.1856358, "duration": 33.936622858047485}, "current_params": {"N": 300, "isd": 5.832783140676946, "isd2": 0.0016991073231614176, "iss": 0.11698928062211732, "leak": 0.35403601144443586, "ridge": 3.633864832521253e-07, "sr": 0.9}}