{"returned_dict": {"loss": 2.8263647107461556, "Accuracy": 0.8674019953851719, "F1": 0.7291513027874584, "Lev. sim.": 0.37366255146783667, "status": "ok", "start_time": 1615476408.2441525, "duration": 34.61175727844238}, "current_params": {"N": 300, "isd": 0.0068996779918431205, "isd2": 2.8607161919184376, "iss": 0.011065119054453764, "leak": 0.3756398664505096, "ridge": 0.4170251731173456, "sr": 0.9}}