{"returned_dict": {"loss": 2.828214463213605, "Accuracy": 0.80881680598614, "F1": 0.6441171945761504, "Lev. sim.": 0.4252122619197367, "status": "ok", "start_time": 1615475926.3281934, "duration": 29.849262714385986}, "current_params": {"N": 300, "isd": 0.00011388840244542303, "isd2": 0.00010943290976238361, "iss": 1.8664282655898377, "leak": 0.01091926290458613, "ridge": 0.1856258562870396, "sr": 0.9}}