{"returned_dict": {"loss": 2.827114008892988, "Accuracy": 0.8191569876884047, "F1": 0.6538797853873007, "Lev. sim.": 0.4605801787608148, "status": "ok", "start_time": 1615476784.5644004, "duration": 31.298856258392334}, "current_params": {"N": 300, "isd": 0.15840876538411983, "isd2": 0.0019075939520962052, "iss": 1.2177626043593364, "leak": 0.007805166142209753, "ridge": 0.014783295275870134, "sr": 0.9}}