{"returned_dict": {"loss": 2.8235930098668396, "Accuracy": 0.8715413890290064, "F1": 0.7424212545700083, "Lev. sim.": 0.3701795932268163, "status": "ok", "start_time": 1615484497.988349, "duration": 34.68334412574768}, "current_params": {"N": 300, "isd": 5.712557130982893, "isd2": 0.03635603522957351, "iss": 3.123665049799472e-05, "leak": 0.29270682491810945, "ridge": 4.816831498923538e-07, "sr": 0.9}}