{"returned_dict": {"loss": 2.8351033537751547, "Accuracy": 0.8415516060931758, "F1": 0.6922071380212529, "Lev. sim.": 0.47094031771367223, "status": "ok", "start_time": 1615479085.7927086, "duration": 31.152405261993408}, "current_params": {"N": 300, "isd": 5.116916972297665, "isd2": 0.22583867629393156, "iss": 0.00038306844298444017, "leak": 0.004043687329549574, "ridge": 0.012304230819839728, "sr": 0.9}}