{"returned_dict": {"loss": 2.8480290339789853, "Accuracy": 0.8350392461865997, "F1": 0.7060481785132854, "Lev. sim.": 0.3195546429143161, "status": "ok", "start_time": 1615480842.674601, "duration": 36.24795889854431}, "current_params": {"N": 300, "isd": 0.26319147128724096, "isd2": 0.00014831386114169613, "iss": 1.5376288342575153, "leak": 0.7535247934531772, "ridge": 2.6104353205282375e-06, "sr": 0.9}}