{"returned_dict": {"loss": 2.844262073089599, "Accuracy": 0.802131934477508, "F1": 0.6340190289319054, "Lev. sim.": 0.41789590510613595, "status": "ok", "start_time": 1615480377.481987, "duration": 29.799498558044434}, "current_params": {"N": 300, "isd": 0.005514449657094239, "isd2": 0.2790973839404021, "iss": 9.076776687635112, "leak": 0.014425245854378365, "ridge": 1.2166329034747676e-08, "sr": 0.9}}