{"returned_dict": {"loss": 2.843101453078351, "Accuracy": 0.7999729904615188, "F1": 0.6249617624514736, "Lev. sim.": 0.4354893311979137, "status": "ok", "start_time": 1615478314.1884017, "duration": 30.80338478088379}, "current_params": {"N": 300, "isd": 0.2430332896559652, "isd2": 0.42680690760544604, "iss": 2.8383547063879035, "leak": 0.007859588080422109, "ridge": 2.8428246251853016e-06, "sr": 0.9}}