{"returned_dict": {"loss": 2.8401556890312305, "Accuracy": 0.8083643336379627, "F1": 0.6447446201290911, "Lev. sim.": 0.446632785782391, "status": "ok", "start_time": 1615484284.1925993, "duration": 30.75890016555786}, "current_params": {"N": 300, "isd": 1.0738580903167545, "isd2": 5.131579881199347, "iss": 1.3869004212706848, "leak": 0.006997979463422315, "ridge": 6.127921430413279e-09, "sr": 0.9}}