{"returned_dict": {"loss": 2.8485161107044683, "Accuracy": 0.8028379585210434, "F1": 0.6229576639253723, "Lev. sim.": 0.4309417290689626, "status": "ok", "start_time": 1615481120.0996354, "duration": 31.181468725204468}, "current_params": {"N": 300, "isd": 7.959890212684167e-05, "isd2": 1.0358136422713158, "iss": 1.9136040920690946e-05, "leak": 0.00729656376181031, "ridge": 0.002451884843318341, "sr": 0.9}}