{"returned_dict": {"loss": 2.854839706730268, "Accuracy": 0.8486943768551646, "F1": 0.6946006982956365, "Lev. sim.": 0.3382277535550658, "status": "ok", "start_time": 1615482639.614268, "duration": 34.26141858100891}, "current_params": {"N": 300, "isd": 0.0008034639629595671, "isd2": 6.680647355667513, "iss": 0.02338346174829251, "leak": 0.3634334529111827, "ridge": 2.7118580754277235e-09, "sr": 0.9}}