{"returned_dict": {"loss": 2.8599585749220933, "Accuracy": 0.8205879916587397, "F1": 0.6974059106095797, "Lev. sim.": 0.29800689057132046, "status": "ok", "start_time": 1615478638.16598, "duration": 39.29514122009277}, "current_params": {"N": 300, "isd": 0.0017125156481611965, "isd2": 0.11841887794663823, "iss": 2.4613507287469005, "leak": 0.6408454238632066, "ridge": 1.8528843334637772e-09, "sr": 0.9}}