{"returned_dict": {"loss": 2.865981200685794, "Accuracy": 0.7417687724093452, "F1": 0.5885540128315292, "Lev. sim.": 0.41106122279265145, "status": "ok", "start_time": 1615478841.5531936, "duration": 33.16015887260437}, "current_params": {"N": 300, "isd": 2.0902786992062916, "isd2": 0.16292402403111889, "iss": 2.437098785934143e-05, "leak": 0.0017248990889162604, "ridge": 1.304161253337406e-06, "sr": 0.9}}