{"returned_dict": {"loss": 2.863251630111342, "Accuracy": 0.8451601226726962, "F1": 0.6586179193128647, "Lev. sim.": 0.36125269477267863, "status": "ok", "start_time": 1615479806.4446526, "duration": 34.01706314086914}, "current_params": {"N": 300, "isd": 0.4837994892746211, "isd2": 2.0424737164272213, "iss": 0.1180424541445589, "leak": 0.620271264236259, "ridge": 8.253400004818258e-07, "sr": 0.9}}