{"returned_dict": {"loss": 2.862602972732158, "Accuracy": 0.860834779836493, "F1": 0.6969564621808634, "Lev. sim.": 0.4335386218777068, "status": "ok", "start_time": 1615478476.1113718, "duration": 32.574976682662964}, "current_params": {"N": 300, "isd": 0.012932586075201914, "isd2": 0.012647401184498992, "iss": 0.0005310397366880529, "leak": 0.2506808803275446, "ridge": 1.439378708790046e-08, "sr": 0.9}}