{"returned_dict": {"loss": 2.8706995500333923, "Accuracy": 0.8077301402917122, "F1": 0.6462874565437606, "Lev. sim.": 0.4422428490064444, "status": "ok", "start_time": 1615480129.7044907, "duration": 31.479175806045532}, "current_params": {"N": 300, "isd": 0.3000062535491394, "isd2": 5.585410223872087e-05, "iss": 0.00031261994920903064, "leak": 0.0023496276497158475, "ridge": 5.658864298439839e-06, "sr": 0.9}}