{"returned_dict": {"loss": 2.8777054766894694, "Accuracy": 0.8316255014031654, "F1": 0.7016808781034293, "Lev. sim.": 0.3861464384881963, "status": "ok", "start_time": 1615477304.9833648, "duration": 33.865620851516724}, "current_params": {"N": 300, "isd": 0.5756223756128902, "isd2": 1.2332364020030385e-05, "iss": 0.0002487365392352879, "leak": 0.33915650354551324, "ridge": 0.00043571608150117896, "sr": 0.9}}