{"returned_dict": {"loss": 2.879224018489426, "Accuracy": 0.7880355805912528, "F1": 0.6246603570527739, "Lev. sim.": 0.44657643484529397, "status": "ok", "start_time": 1615479840.4636939, "duration": 31.804043531417847}, "current_params": {"N": 300, "isd": 8.959511746064035, "isd2": 0.0003177660036584302, "iss": 0.035421316861227084, "leak": 0.002887827957192841, "ridge": 0.0036334062773706187, "sr": 0.9}}