{"returned_dict": {"loss": 2.8794649759116884, "Accuracy": 0.75132118906898, "F1": 0.5684508612797129, "Lev. sim.": 0.455406148260193, "status": "ok", "start_time": 1615476376.1408224, "duration": 32.101426124572754}, "current_params": {"N": 300, "isd": 0.028795561984804898, "isd2": 0.05707262810552565, "iss": 0.4722298576869264, "leak": 0.005147783565320654, "ridge": 4.160397993155129e-09, "sr": 0.9}}