{"returned_dict": {"loss": 2.874848883817978, "Accuracy": 0.8407287287633016, "F1": 0.6675123750720837, "Lev. sim.": 0.45276833018171514, "status": "ok", "start_time": 1615480315.5498893, "duration": 32.04167819023132}, "current_params": {"N": 300, "isd": 0.0163837514043511, "isd2": 0.0028988891792806827, "iss": 0.06200231013354495, "leak": 0.07945109141262359, "ridge": 0.0025141730234483914, "sr": 0.9}}