{"returned_dict": {"loss": 2.8798981512333492, "Accuracy": 0.8475283128896839, "F1": 0.6646649614591482, "Lev. sim.": 0.43747561704188964, "status": "ok", "start_time": 1615481215.263996, "duration": 32.03237509727478}, "current_params": {"N": 300, "isd": 1.2899677845476733e-05, "isd2": 0.011484242603493004, "iss": 0.0007962434747995263, "leak": 0.1600007871051424, "ridge": 2.3781963145074108e-09, "sr": 0.9}}