{"returned_dict": {"loss": 2.8809913685189867, "Accuracy": 0.7747041944002225, "F1": 0.5799871803906146, "Lev. sim.": 0.4405502511039809, "status": "ok", "start_time": 1615478283.3212776, "duration": 30.865372896194458}, "current_params": {"N": 300, "isd": 0.12180334635279944, "isd2": 2.038701157205132, "iss": 1.4627244625004426e-05, "leak": 0.004961546459288628, "ridge": 0.0013678525514960378, "sr": 0.9}}