{"returned_dict": {"loss": 2.890909625281648, "Accuracy": 0.828361979514364, "F1": 0.6595572025562424, "Lev. sim.": 0.29803522549826633, "status": "ok", "start_time": 1615480740.5779986, "duration": 36.804949045181274}, "current_params": {"N": 300, "isd": 8.279791073230234, "isd2": 0.0008273808419294751, "iss": 0.016677402084103437, "leak": 0.4142698785341062, "ridge": 6.825290128817169e-06, "sr": 0.9}}