{"returned_dict": {"loss": 2.890867434694013, "Accuracy": 0.7642134787193501, "F1": 0.5806779042888023, "Lev. sim.": 0.4193642313343557, "status": "ok", "start_time": 1615476313.161004, "duration": 31.126723289489746}, "current_params": {"N": 300, "isd": 0.18970445496555602, "isd2": 9.090543900184829e-05, "iss": 5.423458314091626, "leak": 0.008066006853203033, "ridge": 0.8969944883527644, "sr": 0.9}}