{"returned_dict": {"loss": 2.8960421532746254, "Accuracy": 0.7950052738956842, "F1": 0.5734134284856831, "Lev. sim.": 0.4631064923165525, "status": "ok", "start_time": 1615477436.9573538, "duration": 30.605775117874146}, "current_params": {"N": 300, "isd": 0.000848111297268095, "isd2": 0.3112164112468497, "iss": 2.1324791342193225e-05, "leak": 0.01506368100752531, "ridge": 0.008356795599444362, "sr": 0.9}}