{"returned_dict": {"loss": 2.8925988143700634, "Accuracy": 0.6291829597410497, "F1": 0.4650908955820226, "Lev. sim.": 0.39460629828823157, "status": "ok", "start_time": 1615477561.720638, "duration": 33.306225299835205}, "current_params": {"N": 300, "isd": 1.4818091663828328, "isd2": 0.03374935849654163, "iss": 1.2698559153876863, "leak": 0.0009779565335514462, "ridge": 4.658538384877443e-08, "sr": 0.9}}