{"returned_dict": {"loss": 2.9095765295276808, "Accuracy": 0.7197975361702698, "F1": 0.5253441438087514, "Lev. sim.": 0.43502106147984704, "status": "ok", "start_time": 1615476851.4922311, "duration": 30.370588541030884}, "current_params": {"N": 300, "isd": 0.002528337065453192, "isd2": 1.18686471798695, "iss": 0.5356409490616902, "leak": 0.0034693723147535037, "ridge": 2.520764096515127e-05, "sr": 0.9}}