{"returned_dict": {"loss": 2.907682365240218, "Accuracy": 0.8253463871375475, "F1": 0.6463922063552296, "Lev. sim.": 0.3780323214831335, "status": "ok", "start_time": 1615481247.2984583, "duration": 34.09866762161255}, "current_params": {"N": 300, "isd": 7.790878141178814e-05, "isd2": 0.03718298367540949, "iss": 0.028871064294882863, "leak": 0.586158914898984, "ridge": 8.295621776725607e-05, "sr": 0.9}}