{"returned_dict": {"loss": 2.902530329490328, "Accuracy": 0.734154060221904, "F1": 0.5337740446063075, "Lev. sim.": 0.4244183509276862, "status": "ok", "start_time": 1615484596.9180562, "duration": 31.43159008026123}, "current_params": {"N": 300, "isd": 0.062443766390101726, "isd2": 0.00818992217483637, "iss": 1.5380625527799543, "leak": 0.004852397453181065, "ridge": 8.748584283167463e-05, "sr": 0.9}}