{"returned_dict": {"loss": 2.9028254358545795, "Accuracy": 0.678324743274454, "F1": 0.5088496987478833, "Lev. sim.": 0.4023577727533077, "status": "ok", "start_time": 1615480808.783782, "duration": 33.88859701156616}, "current_params": {"N": 300, "isd": 4.332061181353498, "isd2": 0.0010847013972644071, "iss": 0.00045397462595883566, "leak": 0.001204889470297688, "ridge": 0.008630768499281146, "sr": 0.9}}