{"returned_dict": {"loss": 2.906767679895016, "Accuracy": 0.6782869263814518, "F1": 0.5040226936547418, "Lev. sim.": 0.4078314488173545, "status": "ok", "start_time": 1615479286.559989, "duration": 32.73580837249756}, "current_params": {"N": 300, "isd": 6.508970633800791, "isd2": 0.013043422534766444, "iss": 8.607604216137905e-05, "leak": 0.001439338714827929, "ridge": 0.0013903681041165976, "sr": 0.9}}