{"returned_dict": {"loss": 2.9187252268990624, "Accuracy": 0.8339938630663811, "F1": 0.6407143406353312, "Lev. sim.": 0.41145815663409174, "status": "ok", "start_time": 1615486477.1426883, "duration": 32.9981951713562}, "current_params": {"N": 300, "isd": 6.450371100759369e-05, "isd2": 0.11503708008202762, "iss": 0.0016938252534678434, "leak": 0.22435459226368928, "ridge": 0.004625246255706943, "sr": 0.9}}