{"returned_dict": {"loss": 2.913752985605915, "Accuracy": 0.5654549121170327, "F1": 0.409308341698456, "Lev. sim.": 0.39753583792350344, "status": "ok", "start_time": 1615485139.6482675, "duration": 33.69223070144653}, "current_params": {"N": 300, "isd": 6.326223126832321, "isd2": 0.12310532969512396, "iss": 1.363997879589686, "leak": 0.0006502574866305257, "ridge": 0.003341019662102491, "sr": 0.9}}