{"returned_dict": {"loss": 2.9161996827102556, "Accuracy": 0.6954043746598498, "F1": 0.5330317373757382, "Lev. sim.": 0.38833468722793674, "status": "ok", "start_time": 1615486049.343121, "duration": 34.21767497062683}, "current_params": {"N": 300, "isd": 0.768042207639916, "isd2": 0.15620258488181266, "iss": 0.006946530042419786, "leak": 0.0009080634193627663, "ridge": 0.00010806357022175202, "sr": 0.9}}