{"returned_dict": {"loss": 2.924249895313332, "Accuracy": 0.5577076558045982, "F1": 0.4184761451041469, "Lev. sim.": 0.38798193147859183, "status": "ok", "start_time": 1615486248.67786, "duration": 33.41577124595642}, "current_params": {"N": 300, "isd": 2.140502133553715, "isd2": 0.0001940644955507039, "iss": 0.00029297602663668865, "leak": 0.0004762380759230147, "ridge": 6.053303184190222e-06, "sr": 0.9}}