{"returned_dict": {"loss": 2.9255156128907513, "Accuracy": 0.7813916915186445, "F1": 0.5861218586157133, "Lev. sim.": 0.4252948570670604, "status": "ok", "start_time": 1615482166.5625887, "duration": 32.95065784454346}, "current_params": {"N": 300, "isd": 0.0061527823655534095, "isd2": 0.00021058504417955216, "iss": 0.0013559447265302695, "leak": 0.056839812635765714, "ridge": 1.863171983714032e-08, "sr": 0.9}}