{"returned_dict": {"loss": 2.923718714256016, "Accuracy": 0.6872708999046966, "F1": 0.5043177609224515, "Lev. sim.": 0.38750405804893595, "status": "ok", "start_time": 1615479745.516778, "duration": 33.4388473033905}, "current_params": {"N": 300, "isd": 2.834039897812474, "isd2": 0.05126032314293272, "iss": 0.07389061089097766, "leak": 0.0008892340522437795, "ridge": 0.028981969815047238, "sr": 0.9}}