{"returned_dict": {"loss": 2.9262048523537025, "Accuracy": 0.7791572339921977, "F1": 0.5800428616929478, "Lev. sim.": 0.4265801736004679, "status": "ok", "start_time": 1615484766.9390407, "duration": 32.87540149688721}, "current_params": {"N": 300, "isd": 0.008351737554644, "isd2": 0.00012386033128752584, "iss": 0.007661360034392267, "leak": 0.03952202271758168, "ridge": 1.6213592515947443e-06, "sr": 0.9}}