{"returned_dict": {"loss": 2.9262724466057697, "Accuracy": 0.7423130966811158, "F1": 0.5369183658259191, "Lev. sim.": 0.4349702818500546, "status": "ok", "start_time": 1615477737.3000748, "duration": 30.090526342391968}, "current_params": {"N": 300, "isd": 0.18511678210001692, "isd2": 3.7283569371187895, "iss": 1.5948678514946235e-05, "leak": 0.004067369422766659, "ridge": 0.24149384061912463, "sr": 0.9}}