{"returned_dict": {"loss": 2.9260205928097447, "Accuracy": 0.6065213950385273, "F1": 0.42183342027025306, "Lev. sim.": 0.41286179663547473, "status": "ok", "start_time": 1615482764.4201062, "duration": 32.85444211959839}, "current_params": {"N": 300, "isd": 8.759937306184323, "isd2": 2.4777752788390535, "iss": 0.40766836858533445, "leak": 0.001041229935882352, "ridge": 0.0013861448492065564, "sr": 0.9}}