{"returned_dict": {"loss": 2.9254132756515085, "Accuracy": 0.777047840320327, "F1": 0.5802851040111883, "Lev. sim.": 0.42526601606044956, "status": "ok", "start_time": 1615482448.8829222, "duration": 31.94514274597168}, "current_params": {"N": 300, "isd": 6.100949787524138e-05, "isd2": 0.0009977656435861397, "iss": 0.0017083800781125616, "leak": 0.045954570020866684, "ridge": 2.841999838045349e-09, "sr": 0.9}}