{"returned_dict": {"loss": 2.9286199905583503, "Accuracy": 0.7169802603976324, "F1": 0.5205903107744695, "Lev. sim.": 0.40709722138984494, "status": "ok", "start_time": 1615477628.3758197, "duration": 30.347312927246094}, "current_params": {"N": 300, "isd": 0.0010458717601703913, "isd2": 0.09117785835329974, "iss": 5.789133713655466, "leak": 0.00584522864927162, "ridge": 0.0029470801289282686, "sr": 0.9}}