{"returned_dict": {"loss": 2.929366579527736, "Accuracy": 0.7224014550365194, "F1": 0.5251334610234812, "Lev. sim.": 0.4157530607743639, "status": "ok", "start_time": 1615486083.5702353, "duration": 30.660906553268433}, "current_params": {"N": 300, "isd": 0.009138587970370638, "isd2": 0.0004784524620081803, "iss": 9.287866207705191, "leak": 0.006637579001021512, "ridge": 2.90180166292477e-07, "sr": 0.9}}