{"returned_dict": {"loss": 2.9304406042491093, "Accuracy": 0.790968588393654, "F1": 0.6190130378575776, "Lev. sim.": 0.34085748385078585, "status": "ok", "start_time": 1615482231.0384097, "duration": 35.5847282409668}, "current_params": {"N": 300, "isd": 4.966309913684682e-05, "isd2": 5.268846010955194e-05, "iss": 0.010940601280739759, "leak": 0.7493259633338881, "ridge": 5.168510626849105e-09, "sr": 0.9}}