{"returned_dict": {"loss": 2.935735145078432, "Accuracy": 0.5754973288654337, "F1": 0.41911026716955746, "Lev. sim.": 0.38985423539564007, "status": "ok", "start_time": 1615485274.204584, "duration": 33.73664712905884}, "current_params": {"N": 300, "isd": 0.17462360509199681, "isd2": 0.0012660243161994602, "iss": 0.12479428949661604, "leak": 0.0002552664333825392, "ridge": 3.226008715255614e-08, "sr": 0.9}}