{"returned_dict": {"loss": 2.936526606289236, "Accuracy": 0.8074003967405947, "F1": 0.5933908174765813, "Lev. sim.": 0.4479895833927702, "status": "ok", "start_time": 1615480224.6383655, "duration": 31.382723093032837}, "current_params": {"N": 300, "isd": 0.000285988248411184, "isd2": 0.06082856314209517, "iss": 2.3104466313708565e-05, "leak": 0.04392448291023314, "ridge": 5.9701582528801946e-05, "sr": 0.9}}