{"returned_dict": {"loss": 2.931291067750033, "Accuracy": 0.8092466905937956, "F1": 0.603644431534881, "Lev. sim.": 0.4161543917133807, "status": "ok", "start_time": 1615479872.269891, "duration": 32.311352252960205}, "current_params": {"N": 300, "isd": 7.109136920359261e-05, "isd2": 0.016131792663536485, "iss": 1.295275567112359e-05, "leak": 0.1290849332069442, "ridge": 7.75621284294685e-08, "sr": 0.9}}