{"returned_dict": {"loss": 2.9361586626566205, "Accuracy": 0.5341796439656037, "F1": 0.3876193763900258, "Lev. sim.": 0.38641446718494177, "status": "ok", "start_time": 1615485475.9470513, "duration": 33.82957696914673}, "current_params": {"N": 300, "isd": 1.1260235341046256, "isd2": 0.42305172952664566, "iss": 0.005793360429762211, "leak": 0.00018734670222589274, "ridge": 9.185343794238898e-09, "sr": 0.9}}