{"returned_dict": {"loss": 2.9338460769484507, "Accuracy": 0.6277387455402476, "F1": 0.46280936339652196, "Lev. sim.": 0.4055252094970519, "status": "ok", "start_time": 1615475831.6861193, "duration": 32.693055868148804}, "current_params": {"N": 300, "isd": 0.10780669687371151, "isd2": 0.014099526183173812, "iss": 0.1945445115308493, "leak": 0.0011766618045235212, "ridge": 5.728282894285001e-08, "sr": 0.9}}