{"returned_dict": {"loss": 2.935483107327359, "Accuracy": 0.7693489083982593, "F1": 0.5661023805926725, "Lev. sim.": 0.4396460833302148, "status": "ok", "start_time": 1615478605.7614152, "duration": 32.40278673171997}, "current_params": {"N": 300, "isd": 1.078388699868904e-05, "isd2": 2.6137717107744954e-05, "iss": 0.0003611906790137023, "leak": 0.021157914381705674, "ridge": 2.6297008594140214e-09, "sr": 0.9}}