{"returned_dict": {"loss": 2.934781357511659, "Accuracy": 0.7164092326147079, "F1": 0.5178903185050634, "Lev. sim.": 0.4141341258355132, "status": "ok", "start_time": 1615485444.714861, "duration": 31.229559183120728}, "current_params": {"N": 300, "isd": 0.03407979630899737, "isd2": 0.0011577641263007387, "iss": 9.908967929353341, "leak": 0.006372650811221314, "ridge": 7.282157497248224e-08, "sr": 0.9}}