{"returned_dict": {"loss": 2.938758120145194, "Accuracy": 0.7777668238571772, "F1": 0.576123576675002, "Lev. sim.": 0.4663910815272157, "status": "ok", "start_time": 1615485509.779177, "duration": 31.649990558624268}, "current_params": {"N": 300, "isd": 5.759646455476881e-05, "isd2": 0.034260804261824734, "iss": 0.11332963634149161, "leak": 0.02594225976472724, "ridge": 0.15010914215992013, "sr": 0.9}}