{"returned_dict": {"loss": 2.9315521502481428, "Accuracy": 0.5273947719879054, "F1": 0.37499431157836494, "Lev. sim.": 0.402500382460168, "status": "ok", "start_time": 1615477271.9995077, "duration": 32.98229360580444}, "current_params": {"N": 300, "isd": 5.394578586264787, "isd2": 0.0023618429838146173, "iss": 0.028442514392310665, "leak": 0.0005415306325661604, "ridge": 0.0001553248930918606, "sr": 0.9}}