{"returned_dict": {"loss": 2.931447264530862, "Accuracy": 0.7977370989195864, "F1": 0.6044800645104421, "Lev. sim.": 0.41422772405133834, "status": "ok", "start_time": 1615478572.527664, "duration": 33.2318012714386}, "current_params": {"N": 300, "isd": 0.016456251015969717, "isd2": 0.00011472195402647711, "iss": 4.953600067852393e-05, "leak": 0.10350085120416914, "ridge": 3.917033387802612e-07, "sr": 0.9}}