{"returned_dict": {"loss": 2.9414024628963604, "Accuracy": 0.6398961867589931, "F1": 0.45156721279523565, "Lev. sim.": 0.44239985056452913, "status": "ok", "start_time": 1615484564.9199686, "duration": 31.995795011520386}, "current_params": {"N": 300, "isd": 0.03698329990857756, "isd2": 0.1466451317735284, "iss": 0.7678589882021594, "leak": 0.002927589866108549, "ridge": 3.8107570013810634e-05, "sr": 0.9}}