{"returned_dict": {"loss": 2.949521322668406, "Accuracy": 0.76782892925964, "F1": 0.5505135902060807, "Lev. sim.": 0.41539930491687665, "status": "ok", "start_time": 1615484667.8627365, "duration": 33.01852226257324}, "current_params": {"N": 300, "isd": 0.03678763300705848, "isd2": 0.00018708681791489135, "iss": 0.02069468760907299, "leak": 0.023839320239120627, "ridge": 0.013243627287655853, "sr": 0.9}}