{"returned_dict": {"loss": 2.940998752941687, "Accuracy": 0.4923199091814511, "F1": 0.34174536939330896, "Lev. sim.": 0.3937099456587711, "status": "ok", "start_time": 1615478443.725326, "duration": 32.3840594291687}, "current_params": {"N": 300, "isd": 4.307450157391815, "isd2": 0.0015640140979745801, "iss": 0.025544821493379263, "leak": 0.0002509114253382471, "ridge": 7.936192540493152e-08, "sr": 0.9}}