{"returned_dict": {"loss": 2.9473983972044624, "Accuracy": 0.549585082591368, "F1": 0.37353892365041813, "Lev. sim.": 0.3593343331229838, "status": "ok", "start_time": 1615480066.1974933, "duration": 33.56796050071716}, "current_params": {"N": 300, "isd": 0.9938361014144649, "isd2": 2.3537027394948455, "iss": 0.0010599966408036691, "leak": 0.0008809244857068958, "ridge": 7.378038314120327e-08, "sr": 0.9}}