{"returned_dict": {"loss": 2.942248437229117, "Accuracy": 0.7685174958854116, "F1": 0.5633110041449811, "Lev. sim.": 0.4405159537520162, "status": "ok", "start_time": 1615482294.1366708, "duration": 32.00973033905029}, "current_params": {"N": 300, "isd": 6.317859619103362e-05, "isd2": 6.274544569786158e-05, "iss": 0.0022025917641869445, "leak": 0.03981972237831967, "ridge": 7.825983060486817e-06, "sr": 0.9}}