{"returned_dict": {"loss": 2.9410793727330176, "Accuracy": 0.7795657993901952, "F1": 0.5786023622775512, "Lev. sim.": 0.41743177253674724, "status": "ok", "start_time": 1615478217.1322005, "duration": 32.82590126991272}, "current_params": {"N": 300, "isd": 0.00038276862267635884, "isd2": 0.004155962801784019, "iss": 0.007479909887929844, "leak": 0.0771422789228387, "ridge": 4.6682773477176586e-05, "sr": 0.9}}