{"returned_dict": {"loss": 2.9493814511222833, "Accuracy": 0.6163464362077183, "F1": 0.4263172785458605, "Lev. sim.": 0.39520472133877116, "status": "ok", "start_time": 1615477207.9219728, "duration": 32.86632418632507}, "current_params": {"N": 300, "isd": 0.13320410370747465, "isd2": 0.7811996715183509, "iss": 0.0016008317666772395, "leak": 0.0018663948028293737, "ridge": 3.613590817956961e-07, "sr": 0.9}}