{"returned_dict": {"loss": 2.9520766159298755, "Accuracy": 0.7045196492058314, "F1": 0.49999422113275277, "Lev. sim.": 0.42568393987637626, "status": "ok", "start_time": 1615480443.5492983, "duration": 30.294872999191284}, "current_params": {"N": 300, "isd": 3.5544742935533545e-05, "isd2": 0.952582963695019, "iss": 0.05115567044822088, "leak": 0.00275445580821504, "ridge": 0.006043849897094434, "sr": 0.9}}