{"returned_dict": {"loss": 2.95812596901457, "Accuracy": 0.5967761405502061, "F1": 0.41410283393959124, "Lev. sim.": 0.41556858148680587, "status": "ok", "start_time": 1615486733.9407725, "duration": 33.76393413543701}, "current_params": {"N": 300, "isd": 0.09550763576468374, "isd2": 0.8375735590449845, "iss": 0.010221677326839068, "leak": 0.0016858868295776851, "ridge": 3.144460045348561e-09, "sr": 0.9}}