{"returned_dict": {"loss": 2.951475641271602, "Accuracy": 0.7733192824556374, "F1": 0.5615030523929612, "Lev. sim.": 0.40457671016008784, "status": "ok", "start_time": 1615480707.5964394, "duration": 32.97946763038635}, "current_params": {"N": 300, "isd": 0.028214561174952402, "isd2": 1.311069837661659e-05, "iss": 0.017621495487279534, "leak": 0.06270370613369748, "ridge": 0.021181836912062494, "sr": 0.9}}