{"returned_dict": {"loss": 2.9548290233922687, "Accuracy": 0.6613254494100375, "F1": 0.4738549391075579, "Lev. sim.": 0.43670993148958576, "status": "ok", "start_time": 1615485573.4354763, "duration": 32.308523416519165}, "current_params": {"N": 300, "isd": 0.011154107718870293, "isd2": 0.08099308672475909, "iss": 1.098430550610952e-05, "leak": 0.0019215997418337216, "ridge": 1.3499765602256074e-09, "sr": 0.9}}