{"returned_dict": {"loss": 2.957234528226845, "Accuracy": 0.47971505724682106, "F1": 0.32655226597932263, "Lev. sim.": 0.3976613506986986, "status": "ok", "start_time": 1615479217.994608, "duration": 32.274601221084595}, "current_params": {"N": 300, "isd": 4.391234106900158, "isd2": 0.0002124163000051788, "iss": 0.00042253852499868886, "leak": 0.00024997002757498133, "ridge": 1.3335821500169177e-06, "sr": 0.9}}