{"returned_dict": {"loss": 2.9526050565250173, "Accuracy": 0.677530981841922, "F1": 0.48118208211985236, "Lev. sim.": 0.4104859592616827, "status": "ok", "start_time": 1615477530.9328709, "duration": 30.7789568901062}, "current_params": {"N": 300, "isd": 3.331360598295792e-05, "isd2": 0.00031510169693039873, "iss": 3.79387602165987, "leak": 0.004084096222256794, "ridge": 0.07309056653099356, "sr": 0.9}}