{"returned_dict": {"loss": 2.959912642177598, "Accuracy": 0.5087238326072948, "F1": 0.33346463093950646, "Lev. sim.": 0.3977284660275166, "status": "ok", "start_time": 1615481024.4108088, "duration": 33.26374530792236}, "current_params": {"N": 300, "isd": 5.806198281378123, "isd2": 6.767907820392756e-05, "iss": 1.3279101270461797e-05, "leak": 0.00032755910333334877, "ridge": 0.0012086085760966744, "sr": 0.9}}