{"returned_dict": {"loss": 2.9552985985417655, "Accuracy": 0.7669466129259612, "F1": 0.5482489199451934, "Lev. sim.": 0.41566870502581155, "status": "ok", "start_time": 1615481669.0722191, "duration": 33.301926612854004}, "current_params": {"N": 300, "isd": 0.002527741179391127, "isd2": 0.0005964658654527909, "iss": 5.555549480841276e-05, "leak": 0.031306565665409285, "ridge": 1.2548514948477218e-05, "sr": 0.9}}