{"returned_dict": {"loss": 2.9575059699552178, "Accuracy": 0.768365803405576, "F1": 0.5678068507568261, "Lev. sim.": 0.38743968661673245, "status": "ok", "start_time": 1615477595.028627, "duration": 33.34543704986572}, "current_params": {"N": 300, "isd": 0.0013645840516572478, "isd2": 0.0001652647261332282, "iss": 0.0005697901277763889, "leak": 0.13095863791194984, "ridge": 1.4679070594060308e-07, "sr": 0.9}}