{"returned_dict": {"loss": 2.9581764568222053, "Accuracy": 0.7641907381998182, "F1": 0.5382996375670438, "Lev. sim.": 0.41068342288775544, "status": "ok", "start_time": 1615484931.340693, "duration": 33.62314558029175}, "current_params": {"N": 300, "isd": 0.040751782547955966, "isd2": 3.5712157128536866e-05, "iss": 0.06539074244311349, "leak": 0.009453659783318876, "ridge": 0.007881202796184936, "sr": 0.9}}