{"returned_dict": {"loss": 2.9553380110129366, "Accuracy": 0.502417267964173, "F1": 0.3503451297553092, "Lev. sim.": 0.38412183971875263, "status": "ok", "start_time": 1615484732.67192, "duration": 34.26484537124634}, "current_params": {"N": 300, "isd": 1.9666175848534202, "isd2": 0.05020720193742024, "iss": 0.0003481834334181035, "leak": 0.00015612265364112142, "ridge": 1.780698223828082e-08, "sr": 0.9}}