{"returned_dict": {"loss": 2.9572116411503666, "Accuracy": 0.47926648773517144, "F1": 0.3245562499989797, "Lev. sim.": 0.3984108309379028, "status": "ok", "start_time": 1615480574.6105313, "duration": 32.65600848197937}, "current_params": {"N": 300, "isd": 4.52896285907409, "isd2": 0.00033125567014753385, "iss": 5.9264665374968915e-05, "leak": 0.00023698098799647074, "ridge": 7.491613415962984e-06, "sr": 0.9}}