{"returned_dict": {"loss": 2.962647158219089, "Accuracy": 0.4807611098659084, "F1": 0.3294546707071321, "Lev. sim.": 0.39351903947250344, "status": "ok", "start_time": 1615475989.5197978, "duration": 32.52047824859619}, "current_params": {"N": 300, "isd": 3.187216348531548, "isd2": 0.5752888448341194, "iss": 4.953312100446135e-05, "leak": 0.0001327851733502201, "ridge": 2.2118199380715416e-08, "sr": 0.9}}