{"returned_dict": {"loss": 2.96856113536205, "Accuracy": 0.7585695773493305, "F1": 0.5454056365963679, "Lev. sim.": 0.38172874331681295, "status": "ok", "start_time": 1615486578.2761877, "duration": 33.2518835067749}, "current_params": {"N": 300, "isd": 0.0010493073377392905, "isd2": 0.0006866299744030373, "iss": 0.0005717593846558072, "leak": 0.095342197243497, "ridge": 6.542848911380828e-05, "sr": 0.9}}