{"returned_dict": {"loss": 2.9636956615400747, "Accuracy": 0.7607281649223955, "F1": 0.5387673739336369, "Lev. sim.": 0.4050463860143805, "status": "ok", "start_time": 1615480510.0456247, "duration": 33.32931113243103}, "current_params": {"N": 300, "isd": 0.0023868081313926366, "isd2": 0.0001156374197150559, "iss": 3.023650961733935e-05, "leak": 0.03492952961868259, "ridge": 1.420886235024328e-05, "sr": 0.9}}