{"returned_dict": {"loss": 2.968713856391071, "Accuracy": 0.5869294864902, "F1": 0.39732154557264554, "Lev. sim.": 0.4126361457885165, "status": "ok", "start_time": 1615480099.7677367, "duration": 29.93443012237549}, "current_params": {"N": 300, "isd": 0.00043734821174881244, "isd2": 0.15864910024685047, "iss": 0.2894019510003793, "leak": 0.0021599822217566234, "ridge": 1.0344034992318333e-09, "sr": 0.9}}