{"returned_dict": {"loss": 2.9685061938541915, "Accuracy": 0.482867868314068, "F1": 0.3128328810186928, "Lev. sim.": 0.37024642241414824, "status": "ok", "start_time": 1615486176.4272547, "duration": 34.307416915893555}, "current_params": {"N": 300, "isd": 1.3292125827271912, "isd2": 3.3440016367049696, "iss": 0.00016589787466019283, "leak": 0.0005275699968029769, "ridge": 7.187478386753397e-08, "sr": 0.9}}