{"returned_dict": {"loss": 2.961019785913612, "Accuracy": 0.7740906008962115, "F1": 0.5389136703590494, "Lev. sim.": 0.2786550824176041, "status": "ok", "start_time": 1615479621.0297098, "duration": 36.87769055366516}, "current_params": {"N": 300, "isd": 0.00045190404371510753, "isd2": 2.4590453009431035, "iss": 0.02698898660868454, "leak": 0.7506859748816709, "ridge": 0.0004037344429616683, "sr": 0.9}}