{"returned_dict": {"loss": 2.9685414892213804, "Accuracy": 0.576188937040307, "F1": 0.38573447389820303, "Lev. sim.": 0.4423578621275495, "status": "ok", "start_time": 1615477338.8505473, "duration": 31.48536205291748}, "current_params": {"N": 300, "isd": 7.213175102366821e-05, "isd2": 2.6704294361435066, "iss": 2.114319254012726, "leak": 0.0015921781481786322, "ridge": 0.006008077496274787, "sr": 0.9}}