{"returned_dict": {"loss": 2.9762467492851945, "Accuracy": 0.7284838324512564, "F1": 0.4960040328196397, "Lev. sim.": 0.376959436163118, "status": "ok", "start_time": 1615475956.1798282, "duration": 33.338337659835815}, "current_params": {"N": 300, "isd": 0.002342805358441255, "isd2": 9.049603932183947e-05, "iss": 0.0019808960783802296, "leak": 0.004141900449631102, "ridge": 3.274636674365546e-09, "sr": 0.9}}