{"returned_dict": {"loss": 2.9764771279235074, "Accuracy": 0.7531480001575981, "F1": 0.5291445443234298, "Lev. sim.": 0.4052035934692257, "status": "ok", "start_time": 1615485173.3428385, "duration": 33.85430431365967}, "current_params": {"N": 300, "isd": 0.0008634106484800587, "isd2": 0.001257517478715224, "iss": 9.74880927489348e-05, "leak": 0.0335134266962396, "ridge": 3.0651988208601485e-05, "sr": 0.9}}