{"returned_dict": {"loss": 2.9737074465170004, "Accuracy": 0.7277314288919131, "F1": 0.5045172704755301, "Lev. sim.": 0.45416104471963303, "status": "ok", "start_time": 1615475895.46669, "duration": 30.859914302825928}, "current_params": {"N": 300, "isd": 8.852685874814963e-05, "isd2": 0.002078999693909826, "iss": 0.016525622360136192, "leak": 0.007629558078768194, "ridge": 1.1988763853758443e-06, "sr": 0.9}}