{"returned_dict": {"loss": 2.9703057567770847, "Accuracy": 0.5699269560394307, "F1": 0.3818252633124014, "Lev. sim.": 0.4442779507895276, "status": "ok", "start_time": 1615482608.8724203, "duration": 30.739566564559937}, "current_params": {"N": 300, "isd": 5.083075462894997e-05, "isd2": 1.7412036803059758, "iss": 1.8699155804453254, "leak": 0.0016739769848459387, "ridge": 0.0009448367325542508, "sr": 0.9}}