{"returned_dict": {"loss": 2.9712925350448973, "Accuracy": 0.7517227263619469, "F1": 0.5485633196795102, "Lev. sim.": 0.3668577294738077, "status": "ok", "start_time": 1615477923.913898, "duration": 34.696452379226685}, "current_params": {"N": 300, "isd": 0.0026810586218601533, "isd2": 9.253065035130918e-05, "iss": 6.667311146081108e-05, "leak": 0.17672522996466317, "ridge": 2.8148014813196995e-08, "sr": 0.9}}