{"returned_dict": {"loss": 2.988240361435481, "Accuracy": 0.7271886440763529, "F1": 0.4921838261056955, "Lev. sim.": 0.4568410590519997, "status": "ok", "start_time": 1615485075.1237278, "duration": 31.881206274032593}, "current_params": {"N": 300, "isd": 5.59635798488522e-05, "isd2": 0.001961977243552743, "iss": 0.00017163508547373446, "leak": 0.014562155109966031, "ridge": 1.6944462200036443e-06, "sr": 0.9}}