{"returned_dict": {"loss": 2.9882993216303366, "Accuracy": 0.4930511987690859, "F1": 0.32121948385790544, "Lev. sim.": 0.38173518396821454, "status": "ok", "start_time": 1615484831.15572, "duration": 33.82777190208435}, "current_params": {"N": 300, "isd": 1.067932679682696, "isd2": 4.114505322799792, "iss": 0.07342278742882566, "leak": 0.0006980421957906505, "ridge": 2.0874639220086363e-09, "sr": 0.9}}