{"returned_dict": {"loss": 2.9885760546683615, "Accuracy": 0.7155604758179506, "F1": 0.47996464395725685, "Lev. sim.": 0.45690479101475806, "status": "ok", "start_time": 1615486445.9472668, "duration": 31.192323923110962}, "current_params": {"N": 300, "isd": 1.7301483167024882e-05, "isd2": 0.004035310358351373, "iss": 0.002772600279762081, "leak": 0.008719624501996849, "ridge": 2.667244341975861e-06, "sr": 0.9}}