{"returned_dict": {"loss": 2.9810363536494973, "Accuracy": 0.6339628104936854, "F1": 0.4337233819336965, "Lev. sim.": 0.3446573294827936, "status": "ok", "start_time": 1615486348.1344762, "duration": 35.62224841117859}, "current_params": {"N": 300, "isd": 0.22930988062434268, "isd2": 0.02418518660460796, "iss": 1.0860668129591818e-05, "leak": 0.0002470003604560956, "ridge": 6.547307086210138e-08, "sr": 0.9}}