{"returned_dict": {"loss": 2.988356434444909, "Accuracy": 0.43578834786458565, "F1": 0.27795630115417747, "Lev. sim.": 0.4075450285120089, "status": "ok", "start_time": 1615477891.3314896, "duration": 32.5806565284729}, "current_params": {"N": 300, "isd": 8.70689752182121, "isd2": 2.0824602993315188e-05, "iss": 0.00018760154583384857, "leak": 0.00020473984931188607, "ridge": 8.895375307423538e-06, "sr": 0.9}}