{"returned_dict": {"loss": 2.9897929656414926, "Accuracy": 0.593510215946998, "F1": 0.3947788828158663, "Lev. sim.": 0.39483206315252295, "status": "ok", "start_time": 1615477118.4378936, "duration": 30.120706796646118}, "current_params": {"N": 300, "isd": 0.0036739442000985625, "isd2": 0.03589609003247888, "iss": 1.5727577204687921, "leak": 0.002308677592748216, "ridge": 0.03727095459966551, "sr": 0.9}}