{"returned_dict": {"loss": 2.986035978907416, "Accuracy": 0.7440473212890973, "F1": 0.550951895811961, "Lev. sim.": 0.34049472190636765, "status": "ok", "start_time": 1615484864.9857252, "duration": 35.92395758628845}, "current_params": {"N": 300, "isd": 0.004605319725434051, "isd2": 4.7130996083706834e-05, "iss": 0.054042277831180395, "leak": 0.5937614619594335, "ridge": 0.010486622192388094, "sr": 0.9}}