{"returned_dict": {"loss": 2.981732156876263, "Accuracy": 0.601291580799348, "F1": 0.40380468672837644, "Lev. sim.": 0.39326198375322946, "status": "ok", "start_time": 1615482137.027628, "duration": 29.53278684616089}, "current_params": {"N": 300, "isd": 8.348672198685388e-05, "isd2": 4.985312166929564e-05, "iss": 0.30963145423009214, "leak": 0.0025944068685237235, "ridge": 0.00012223807189131082, "sr": 0.9}}