{"returned_dict": {"loss": 2.9906794453425314, "Accuracy": 0.7596837864834074, "F1": 0.5434880955346045, "Lev. sim.": 0.34200810851082575, "status": "ok", "start_time": 1615477767.392464, "duration": 33.90434455871582}, "current_params": {"N": 300, "isd": 8.750485904099278e-05, "isd2": 0.028339240691767208, "iss": 0.0051613803919754835, "leak": 0.4853972923788676, "ridge": 7.625316144503757e-06, "sr": 0.9}}