{"returned_dict": {"loss": 2.99984299051719, "Accuracy": 0.7229634932884461, "F1": 0.5189977094564758, "Lev. sim.": 0.3674118003408183, "status": "ok", "start_time": 1615485760.2627225, "duration": 33.996021032333374}, "current_params": {"N": 300, "isd": 3.688230965037273e-05, "isd2": 0.00030185611980665855, "iss": 0.01987459988414186, "leak": 0.13727442457386135, "ridge": 0.013646830174929332, "sr": 0.9}}