{"returned_dict": {"loss": 3.00723782255365, "Accuracy": 0.6759529216910217, "F1": 0.45548649815406933, "Lev. sim.": 0.3370729318739142, "status": "ok", "start_time": 1615478121.1297207, "duration": 36.22642707824707}, "current_params": {"N": 300, "isd": 0.037304561941140936, "isd2": 1.3494791229615325e-05, "iss": 0.00902850104097361, "leak": 0.0007033458964526395, "ridge": 3.019210653998009e-09, "sr": 0.9}}