{"returned_dict": {"loss": 3.0041759382063535, "Accuracy": 0.6986482316892804, "F1": 0.4478666414023852, "Lev. sim.": 0.40624870080061076, "status": "ok", "start_time": 1615476881.864802, "duration": 33.14978337287903}, "current_params": {"N": 300, "isd": 0.0001496655425861766, "isd2": 0.002083396284719534, "iss": 9.528012398853328e-05, "leak": 0.005124733426715674, "ridge": 1.2365912517529861e-09, "sr": 0.9}}