{"returned_dict": {"loss": 3.008289255069093, "Accuracy": 0.4656936552551236, "F1": 0.29689834748610544, "Lev. sim.": 0.42461583473843467, "status": "ok", "start_time": 1615479939.0266054, "duration": 30.66511297225952}, "current_params": {"N": 300, "isd": 0.0006907902601793113, "isd2": 2.127552268616083, "iss": 0.0025433821895225876, "leak": 0.0007266893524066893, "ridge": 4.183935575587857e-06, "sr": 0.9}}