{"returned_dict": {"loss": 3.0054351155907115, "Accuracy": 0.4421325627394864, "F1": 0.28674306053591725, "Lev. sim.": 0.37158867134481266, "status": "ok", "start_time": 1615477658.731801, "duration": 33.37350559234619}, "current_params": {"N": 300, "isd": 0.2611089103238684, "isd2": 0.33667552845444154, "iss": 1.7547037749183951, "leak": 0.00019025417128743343, "ridge": 4.411595901026427e-06, "sr": 0.9}}