{"returned_dict": {"loss": 3.003365623549032, "Accuracy": 0.48768643766499764, "F1": 0.31664778392134213, "Lev. sim.": 0.4271847341221915, "status": "ok", "start_time": 1615482797.2774339, "duration": 31.398358583450317}, "current_params": {"N": 300, "isd": 0.00013064840604849916, "isd2": 0.9104053901510938, "iss": 0.0014464012118946175, "leak": 0.0010084072056277993, "ridge": 8.754071531091328e-09, "sr": 0.9}}