{"returned_dict": {"loss": 3.001270847810223, "Accuracy": 0.4999915125214178, "F1": 0.32325419932405997, "Lev. sim.": 0.42892125577725304, "status": "ok", "start_time": 1615485307.9434779, "duration": 31.6551673412323}, "current_params": {"N": 300, "isd": 0.0028031016253100903, "isd2": 1.8251108603305266, "iss": 0.42732591861950864, "leak": 0.0009400535107912096, "ridge": 8.875975621478427e-06, "sr": 0.9}}