{"returned_dict": {"loss": 3.0072411422643244, "Accuracy": 0.6859410757058397, "F1": 0.44340589962461036, "Lev. sim.": 0.33200105736321583, "status": "ok", "start_time": 1615479904.5830781, "duration": 34.43483543395996}, "current_params": {"N": 300, "isd": 0.004382988141242381, "isd2": 0.00048099576244824024, "iss": 0.008820457220813921, "leak": 0.0019390522573105907, "ridge": 1.560239907443889e-08, "sr": 0.9}}