{"returned_dict": {"loss": 3.0152032007802965, "Accuracy": 0.45613932844625477, "F1": 0.29285514653529654, "Lev. sim.": 0.4399911891517002, "status": "ok", "start_time": 1615476184.439748, "duration": 31.30286693572998}, "current_params": {"N": 300, "isd": 0.11491002386903255, "isd2": 0.000356941497846289, "iss": 2.5805825991747557, "leak": 0.0010587586574736278, "ridge": 6.309911273328658e-06, "sr": 0.9}}