{"returned_dict": {"loss": 3.0176835049095425, "Accuracy": 0.5084434366928816, "F1": 0.32460388896952985, "Lev. sim.": 0.39642526078603313, "status": "ok", "start_time": 1615478157.3579907, "duration": 30.556211948394775}, "current_params": {"N": 300, "isd": 2.9643925507677177e-05, "isd2": 0.00044957445007375117, "iss": 1.1989608038556647, "leak": 0.0014672289301553595, "ridge": 0.0026477173177525968, "sr": 0.9}}