{"returned_dict": {"loss": 3.0171997405162214, "Accuracy": 0.7004866374303497, "F1": 0.47361469486607194, "Lev. sim.": 0.33998774350583355, "status": "ok", "start_time": 1615481702.3761995, "duration": 35.45565915107727}, "current_params": {"N": 300, "isd": 0.03637741085612332, "isd2": 1.7816214655960436e-05, "iss": 0.023097609851490657, "leak": 0.24230935188163086, "ridge": 0.028748152410638276, "sr": 0.9}}