{"returned_dict": {"loss": 3.0146381484190896, "Accuracy": 0.4938698160862243, "F1": 0.3161958710280216, "Lev. sim.": 0.39272496830254916, "status": "ok", "start_time": 1615478413.9832811, "duration": 29.739948749542236}, "current_params": {"N": 300, "isd": 6.393515910627456e-05, "isd2": 0.0015603803737048556, "iss": 0.7776151290797376, "leak": 0.0015288608259157578, "ridge": 1.27389538530029e-07, "sr": 0.9}}