{"returned_dict": {"loss": 3.027582563049454, "Accuracy": 0.5250125190928959, "F1": 0.3176969972052179, "Lev. sim.": 0.28689438356478825, "status": "ok", "start_time": 1615480407.2838488, "duration": 36.256345987319946}, "current_params": {"N": 300, "isd": 0.5046878687888368, "isd2": 1.3029411703183256, "iss": 0.00013363913027068393, "leak": 0.00019302422048071005, "ridge": 0.00011823404621591886, "sr": 0.9}}