{"returned_dict": {"loss": 3.0218525267777787, "Accuracy": 0.43991908670776175, "F1": 0.27197857318710483, "Lev. sim.": 0.38843218723428546, "status": "ok", "start_time": 1615481636.7280345, "duration": 32.34214949607849}, "current_params": {"N": 300, "isd": 0.10816374928223024, "isd2": 0.820503661873164, "iss": 0.001607038597440397, "leak": 0.00028985021762491307, "ridge": 3.0246638944081115e-07, "sr": 0.9}}