{"returned_dict": {"loss": 3.0205244411175065, "Accuracy": 0.4505015202534782, "F1": 0.2729708651479458, "Lev. sim.": 0.42614146910572687, "status": "ok", "start_time": 1615482105.4923582, "duration": 31.533116102218628}, "current_params": {"N": 300, "isd": 0.4959520411333111, "isd2": 7.898096503629788, "iss": 0.05243679365683953, "leak": 0.0008378279595972478, "ridge": 3.627675378756041e-07, "sr": 0.9}}