{"returned_dict": {"loss": 3.028324279822733, "Accuracy": 0.4298173465747016, "F1": 0.256318869608985, "Lev. sim.": 0.40419111708859196, "status": "ok", "start_time": 1615476979.2470717, "duration": 32.7713680267334}, "current_params": {"N": 300, "isd": 1.9427489060277041, "isd2": 9.05097984865293, "iss": 0.06564434152767946, "leak": 0.000583851839536642, "ridge": 2.403056296253853e-06, "sr": 0.9}}