{"returned_dict": {"loss": 3.0274249433750944, "Accuracy": 0.6890259358172539, "F1": 0.4674800930668276, "Lev. sim.": 0.3601546206963545, "status": "ok", "start_time": 1615476246.0491965, "duration": 34.66696643829346}, "current_params": {"N": 300, "isd": 0.00030996057687041154, "isd2": 0.0005280650043317309, "iss": 0.006389328961151051, "leak": 0.17683610717865192, "ridge": 0.020893217080523926, "sr": 0.9}}