{"returned_dict": {"loss": 3.025708097474525, "Accuracy": 0.6774473098412818, "F1": 0.42917485323785626, "Lev. sim.": 0.29539357917587195, "status": "ok", "start_time": 1615479554.2892065, "duration": 36.112823724746704}, "current_params": {"N": 300, "isd": 0.03898592417674371, "isd2": 0.0014257145521696564, "iss": 0.0171709070632823, "leak": 0.0014255568976642798, "ridge": 3.6261140183905594e-06, "sr": 0.9}}