{"returned_dict": {"loss": 3.0368828964136365, "Accuracy": 0.3978712200977207, "F1": 0.2438715772750133, "Lev. sim.": 0.41461586603375855, "status": "ok", "start_time": 1615484532.6738968, "duration": 32.24382472038269}, "current_params": {"N": 300, "isd": 0.0032551615763682807, "isd2": 1.101386198527639, "iss": 1.9189594338368015, "leak": 0.00038903204571933244, "ridge": 8.623621724395628e-06, "sr": 0.9}}