{"returned_dict": {"loss": 3.037664176765393, "Accuracy": 0.4453711753316056, "F1": 0.2726298331644227, "Lev. sim.": 0.4196673564109849, "status": "ok", "start_time": 1615481996.9896364, "duration": 31.213892698287964}, "current_params": {"N": 300, "isd": 0.000654715363501693, "isd2": 1.963218990711868, "iss": 0.0003453415754827205, "leak": 0.0004241739950921374, "ridge": 0.00024091172501475723, "sr": 0.9}}