{"returned_dict": {"loss": 3.0348352282959903, "Accuracy": 0.6195483427033005, "F1": 0.39826428135008396, "Lev. sim.": 0.4444030631054615, "status": "ok", "start_time": 1615476344.2893457, "duration": 31.84969711303711}, "current_params": {"N": 300, "isd": 0.004330647921674756, "isd2": 0.12384182121695367, "iss": 4.418368747736685e-05, "leak": 0.0016999526255368522, "ridge": 3.62355795764743e-07, "sr": 0.9}}