{"returned_dict": {"loss": 3.03844333482945, "Accuracy": 0.4119147060132489, "F1": 0.23970823562767785, "Lev. sim.": 0.40056496144447795, "status": "ok", "start_time": 1615478249.9600012, "duration": 33.35954523086548}, "current_params": {"N": 300, "isd": 0.49692846107068805, "isd2": 3.8306784201218935, "iss": 0.04723402890261233, "leak": 0.00024407520118733818, "ridge": 5.088674299661386e-05, "sr": 0.9}}