{"returned_dict": {"loss": 3.036970813572448, "Accuracy": 0.41668060432463144, "F1": 0.2566889750623003, "Lev. sim.": 0.420048639046647, "status": "ok", "start_time": 1615481933.797768, "duration": 31.001863479614258}, "current_params": {"N": 300, "isd": 0.0017805670421580872, "isd2": 1.0220115020581102, "iss": 0.005604561667587757, "leak": 0.00027534223381783465, "ridge": 6.274327305298056e-07, "sr": 0.9}}