{"returned_dict": {"loss": 3.030410605576772, "Accuracy": 0.6345213571551793, "F1": 0.4106301731661618, "Lev. sim.": 0.4396507033799904, "status": "ok", "start_time": 1615486414.7940764, "duration": 31.15016746520996}, "current_params": {"N": 300, "isd": 3.319368252194486e-05, "isd2": 0.4518143474566746, "iss": 0.00029276433628299883, "leak": 0.002252490043674223, "ridge": 0.0005895011684908088, "sr": 0.9}}