{"returned_dict": {"loss": 3.0349270076834163, "Accuracy": 0.6595453883821442, "F1": 0.40417102857168785, "Lev. sim.": 0.34352364183780126, "status": "ok", "start_time": 1615476815.8648548, "duration": 35.6180739402771}, "current_params": {"N": 300, "isd": 0.00010349820354412092, "isd2": 0.008124891770941946, "iss": 6.820811288152522e-05, "leak": 0.17794079723136216, "ridge": 1.701312245723645e-05, "sr": 0.9}}