{"returned_dict": {"loss": 3.0304811054881626, "Accuracy": 0.7216266888405117, "F1": 0.4915721683341269, "Lev. sim.": 0.24817409100222662, "status": "ok", "start_time": 1615479178.959405, "duration": 39.03308939933777}, "current_params": {"N": 300, "isd": 1.2508199204953794, "isd2": 0.6516258133642173, "iss": 0.0005154761415067295, "leak": 0.9258463619722709, "ridge": 1.7696356242136537e-05, "sr": 0.9}}