{"returned_dict": {"loss": 3.034172173185327, "Accuracy": 0.6846648436428685, "F1": 0.45327111334944153, "Lev. sim.": 0.39324056532058965, "status": "ok", "start_time": 1615478808.4428277, "duration": 33.10842275619507}, "current_params": {"N": 300, "isd": 0.00010007314363596467, "isd2": 0.00010876660047902338, "iss": 0.0019779723000151067, "leak": 0.07137326207702295, "ridge": 0.030426403936615568, "sr": 0.9}}