{"returned_dict": {"loss": 3.044516513494899, "Accuracy": 0.6597260860928371, "F1": 0.4051976457568374, "Lev. sim.": 0.3357136613697024, "status": "ok", "start_time": 1615480989.1333034, "duration": 35.275442361831665}, "current_params": {"N": 300, "isd": 0.0028581232776965474, "isd2": 0.00044987508893118335, "iss": 0.003803794898742829, "leak": 0.16816710090489304, "ridge": 0.09678356217479321, "sr": 0.9}}