{"returned_dict": {"loss": 3.0439396685605864, "Accuracy": 0.3793129446414585, "F1": 0.22137443711739943, "Lev. sim.": 0.41912806171249867, "status": "ok", "start_time": 1615480676.791784, "duration": 30.80274987220764}, "current_params": {"N": 300, "isd": 0.03523336311188542, "isd2": 4.050072551786296, "iss": 0.0005674691258484724, "leak": 0.0002635423656396121, "ridge": 2.7096585046986914e-09, "sr": 0.9}}