{"returned_dict": {"loss": 3.0453973591473957, "Accuracy": 0.44900205720578024, "F1": 0.25734463801209007, "Lev. sim.": 0.31975984730019996, "status": "ok", "start_time": 1615486542.2560763, "duration": 36.01771068572998}, "current_params": {"N": 300, "isd": 0.6754929891588322, "isd2": 2.249728718406278, "iss": 0.00012126202265403562, "leak": 0.00010306389240669367, "ridge": 8.860905116851524e-05, "sr": 0.9}}