{"returned_dict": {"loss": 3.0429757156462176, "Accuracy": 0.3973446308810753, "F1": 0.23672696941106963, "Lev. sim.": 0.41830653635280646, "status": "ok", "start_time": 1615484314.9542456, "duration": 30.360259532928467}, "current_params": {"N": 300, "isd": 0.002380218018656463, "isd2": 0.746667607931224, "iss": 0.0044314718392586645, "leak": 0.0001639969215338732, "ridge": 1.4260785362799349e-08, "sr": 0.9}}