{"returned_dict": {"loss": 3.0454363079672313, "Accuracy": 0.38462039832734873, "F1": 0.21593770526457842, "Lev. sim.": 0.412052943083859, "status": "ok", "start_time": 1615479590.4108, "duration": 30.61690378189087}, "current_params": {"N": 300, "isd": 0.00021108971253046713, "isd2": 5.295725005572158, "iss": 0.3143781988782925, "leak": 0.00020398234419087305, "ridge": 1.0650069347956565e-09, "sr": 0.9}}