{"returned_dict": {"loss": 3.0514220354403188, "Accuracy": 0.6606820918555203, "F1": 0.3921282765741727, "Lev. sim.": 0.2578279060953427, "status": "ok", "start_time": 1615477045.5700738, "duration": 38.873005867004395}, "current_params": {"N": 300, "isd": 3.7705911758017344e-05, "isd2": 1.0153526631665628, "iss": 2.395373124336784e-05, "leak": 0.9983285916750244, "ridge": 0.042005849197260324, "sr": 0.9}}