{"returned_dict": {"loss": 3.0537006617855296, "Accuracy": 0.5770843773006884, "F1": 0.3602253857899659, "Lev. sim.": 0.4378083259119788, "status": "ok", "start_time": 1615475864.3807096, "duration": 31.084425926208496}, "current_params": {"N": 300, "isd": 0.011035496785610728, "isd2": 0.2627631207906817, "iss": 4.692327823747263e-05, "leak": 0.0014002297829200747, "ridge": 9.504335546357715e-06, "sr": 0.9}}