{"returned_dict": {"loss": 3.0529862604795914, "Accuracy": 0.3862611457575729, "F1": 0.2235799013738866, "Lev. sim.": 0.41966340618878784, "status": "ok", "start_time": 1615486510.1437905, "duration": 32.10985732078552}, "current_params": {"N": 300, "isd": 0.7698379438759677, "isd2": 7.44778741647481, "iss": 4.208865382778403, "leak": 0.00018746831757071464, "ridge": 0.0007282587188124659, "sr": 0.9}}