{"returned_dict": {"loss": 3.0562821260280666, "Accuracy": 0.6464934280130619, "F1": 0.3879943091420443, "Lev. sim.": 0.3390301139686742, "status": "ok", "start_time": 1615477370.338091, "duration": 35.31949520111084}, "current_params": {"N": 300, "isd": 2.319522359010197e-05, "isd2": 0.00010514984711803484, "iss": 0.00045273062528736755, "leak": 0.481495520521076, "ridge": 2.7444600451037476e-07, "sr": 0.9}}