{"returned_dict": {"loss": 3.062609885816714, "Accuracy": 0.5418109523347161, "F1": 0.31443088905067856, "Lev. sim.": 0.4118176684134539, "status": "ok", "start_time": 1615477497.7522655, "duration": 33.178752183914185}, "current_params": {"N": 300, "isd": 4.876156082270148, "isd2": 0.0022667372034209654, "iss": 3.4968995780484744, "leak": 0.00017908900308031793, "ridge": 0.21016374217162917, "sr": 0.9}}