{"returned_dict": {"loss": 3.0647215458696686, "Accuracy": 0.4068323131469799, "F1": 0.2465155230556554, "Lev. sim.": 0.37931171708360445, "status": "ok", "start_time": 1615485243.3704197, "duration": 30.83191180229187}, "current_params": {"N": 300, "isd": 2.055441100226377e-05, "isd2": 0.001119498741593829, "iss": 1.0521462613194181, "leak": 0.0005822324568133753, "ridge": 2.0154936893665208e-08, "sr": 0.9}}