{"returned_dict": {"loss": 3.0696672981770377, "Accuracy": 0.3776545001247833, "F1": 0.2108264845247952, "Lev. sim.": 0.3751252305818485, "status": "ok", "start_time": 1615476215.7444408, "duration": 30.303020000457764}, "current_params": {"N": 300, "isd": 0.00023723251806401433, "isd2": 0.003299359101398583, "iss": 8.325041509871122, "leak": 0.0007070435097416662, "ridge": 1.2539559562840971e-08, "sr": 0.9}}