{"returned_dict": {"loss": 3.068040202026971, "Accuracy": 0.6364665179907858, "F1": 0.3654262528625641, "Lev. sim.": 0.3326370022125552, "status": "ok", "start_time": 1615482513.5174057, "duration": 35.67789316177368}, "current_params": {"N": 300, "isd": 0.005542501406415373, "isd2": 0.00013766477743682774, "iss": 0.005154477679637931, "leak": 0.5828665857443649, "ridge": 0.00019275611452344453, "sr": 0.9}}