{"returned_dict": {"loss": 3.0680916109005008, "Accuracy": 0.6034513845046848, "F1": 0.33871031217082687, "Lev. sim.": 0.2544371313884377, "status": "ok", "start_time": 1615479351.1542501, "duration": 38.381293058395386}, "current_params": {"N": 300, "isd": 0.001491351555488773, "isd2": 0.0007756777124314161, "iss": 0.00780583533594097, "leak": 0.0004922270890512817, "ridge": 4.406047602608117e-08, "sr": 0.9}}