{"returned_dict": {"loss": 3.0652787017209677, "Accuracy": 0.6439966211545219, "F1": 0.3986355608861987, "Lev. sim.": 0.4247474211452162, "status": "ok", "start_time": 1615480607.2685459, "duration": 31.051331043243408}, "current_params": {"N": 300, "isd": 0.0014776244648184605, "isd2": 0.005985586509991584, "iss": 0.13155004239139356, "leak": 0.0056079714410529535, "ridge": 0.1965850842059594, "sr": 0.9}}