{"returned_dict": {"loss": 3.0626076983278003, "Accuracy": 0.40781262353008724, "F1": 0.22591424497345297, "Lev. sim.": 0.41819131300008383, "status": "ok", "start_time": 1615478508.6880808, "duration": 31.813159465789795}, "current_params": {"N": 300, "isd": 2.1853598163428568e-05, "isd2": 5.043277029873772, "iss": 0.010712382326305806, "leak": 0.00031232718844471046, "ridge": 0.0035768112649610523, "sr": 0.9}}