{"returned_dict": {"loss": 3.0752531745962584, "Accuracy": 0.6308865776659344, "F1": 0.355681924899712, "Lev. sim.": 0.32236115468774773, "status": "ok", "start_time": 1615476686.5433633, "duration": 36.01810050010681}, "current_params": {"N": 300, "isd": 0.0004099483939174395, "isd2": 0.00015950946390891964, "iss": 0.0012130544536296478, "leak": 0.7556560341505816, "ridge": 2.3453757427227227e-08, "sr": 0.9}}