{"returned_dict": {"loss": 3.0736473775202584, "Accuracy": 0.6302605177253755, "F1": 0.3515281018642177, "Lev. sim.": 0.32672106784563926, "status": "ok", "start_time": 1615480878.924962, "duration": 35.88460731506348}, "current_params": {"N": 300, "isd": 0.00033586355530841356, "isd2": 0.00020728464837285458, "iss": 0.00025888706275096015, "leak": 0.5195382603925706, "ridge": 2.127273274900961e-05, "sr": 0.9}}