{"returned_dict": {"loss": 3.0778875534586816, "Accuracy": 0.4248298101016531, "F1": 0.23141556199022723, "Lev. sim.": 0.42779118410075767, "status": "ok", "start_time": 1615480035.3766634, "duration": 30.818740367889404}, "current_params": {"N": 300, "isd": 1.9499850286801933e-05, "isd2": 5.1561433486815025, "iss": 0.4131334602389797, "leak": 0.0003267537066949491, "ridge": 0.030244988729954344, "sr": 0.9}}