{"returned_dict": {"loss": 3.0765706259219026, "Accuracy": 0.6030146056390983, "F1": 0.3275812511460721, "Lev. sim.": 0.4208376972592952, "status": "ok", "start_time": 1615484964.9661062, "duration": 32.69238805770874}, "current_params": {"N": 300, "isd": 0.00040246421922625504, "isd2": 0.040828702413729705, "iss": 0.004369237004735209, "leak": 0.08619397627877332, "ridge": 0.9774515653246418, "sr": 0.9}}