{"returned_dict": {"loss": 3.0726490128357824, "Accuracy": 0.3714154959847497, "F1": 0.2193998999564642, "Lev. sim.": 0.3726025267843908, "status": "ok", "start_time": 1615484405.5815978, "duration": 29.577574968338013}, "current_params": {"N": 300, "isd": 0.000563930549192889, "isd2": 0.00010020817347897153, "iss": 2.1594034318719624, "leak": 0.0004953925257191888, "ridge": 4.9773827504582424e-08, "sr": 0.9}}