{"returned_dict": {"loss": 3.0775691652173527, "Accuracy": 0.5778136794417419, "F1": 0.3054078077333859, "Lev. sim.": 0.24537008827616544, "status": "ok", "start_time": 1615482065.5292544, "duration": 39.954163789749146}, "current_params": {"N": 300, "isd": 0.008998561944990586, "isd2": 0.004276022843789868, "iss": 0.0024725826089488775, "leak": 0.00027677197016594734, "ridge": 8.80420709826657e-09, "sr": 0.9}}