{"returned_dict": {"loss": 3.082372906792361, "Accuracy": 0.6740304574179605, "F1": 0.37186988994905124, "Lev. sim.": 0.2921168292705021, "status": "ok", "start_time": 1615481599.164639, "duration": 37.56106615066528}, "current_params": {"N": 300, "isd": 0.0037719706339237446, "isd2": 0.14448802352553192, "iss": 0.002479143588234282, "leak": 0.903228309159768, "ridge": 0.31116526902525804, "sr": 0.9}}