{"returned_dict": {"loss": 3.08596270592827, "Accuracy": 0.6070586628903712, "F1": 0.3203457958386712, "Lev. sim.": 0.2724279509251525, "status": "ok", "start_time": 1615481531.2171907, "duration": 37.354777336120605}, "current_params": {"N": 300, "isd": 0.20644119457746635, "isd2": 0.0003041582496968922, "iss": 0.05224614879795568, "leak": 0.00142674561799851, "ridge": 0.1018512090535964, "sr": 0.9}}