{"returned_dict": {"loss": 3.08735104817323, "Accuracy": 0.5799171972648379, "F1": 0.3214056945244125, "Lev. sim.": 0.2684314203037666, "status": "ok", "start_time": 1615484628.352869, "duration": 39.50728487968445}, "current_params": {"N": 300, "isd": 0.8281157575769489, "isd2": 0.19902899705114696, "iss": 0.00015776599864641082, "leak": 0.00011075759478563198, "ridge": 0.0009142403265688085, "sr": 0.9}}