{"returned_dict": {"loss": 3.082551107848106, "Accuracy": 0.5805254804793318, "F1": 0.307660074963065, "Lev. sim.": 0.2576386622324339, "status": "ok", "start_time": 1615480638.3220673, "duration": 38.46702766418457}, "current_params": {"N": 300, "isd": 0.004028617276565366, "isd2": 0.00010613491342511393, "iss": 0.03775315942828474, "leak": 0.0001667123669732456, "ridge": 1.0723497009154193e-07, "sr": 0.9}}