{"returned_dict": {"loss": 3.0831809276582596, "Accuracy": 0.6066561690110859, "F1": 0.33146150052276174, "Lev. sim.": 0.3256882216820853, "status": "ok", "start_time": 1615481467.0870223, "duration": 34.801825761795044}, "current_params": {"N": 300, "isd": 2.0000787011385032e-05, "isd2": 3.139570441992008e-05, "iss": 0.011059600419377822, "leak": 0.23859739524040852, "ridge": 0.9626684940208025, "sr": 0.9}}