{"returned_dict": {"loss": 3.0847985719506306, "Accuracy": 0.620890596049734, "F1": 0.331754754488146, "Lev. sim.": 0.321757959309517, "status": "ok", "start_time": 1615485982.038226, "duration": 36.05999183654785}, "current_params": {"N": 300, "isd": 0.0002812298652505639, "isd2": 0.0001976140648985218, "iss": 0.0007835892731420046, "leak": 0.8271380589795926, "ridge": 2.4626728558466904e-07, "sr": 0.9}}