{"returned_dict": {"loss": 3.0827573133706436, "Accuracy": 0.44340450876162685, "F1": 0.2686482396225244, "Lev. sim.": 0.3730812253351159, "status": "ok", "start_time": 1615479056.2134726, "duration": 29.577218055725098}, "current_params": {"N": 300, "isd": 4.0160733857675666e-05, "isd2": 0.019212192674324557, "iss": 0.5534279532562898, "leak": 0.0005295653745361478, "ridge": 0.00018560036675934993, "sr": 0.9}}