{"returned_dict": {"loss": 3.095741008767374, "Accuracy": 0.4931343163653046, "F1": 0.29696957196069107, "Lev. sim.": 0.3873423375342961, "status": "ok", "start_time": 1615484900.911883, "duration": 30.426387310028076}, "current_params": {"N": 300, "isd": 9.329813562575806e-05, "isd2": 0.37619180840961364, "iss": 1.0815589662663818, "leak": 0.0007481620539617124, "ridge": 0.06644228844238066, "sr": 0.9}}