{"returned_dict": {"loss": 3.0933050603913212, "Accuracy": 0.5914762226446315, "F1": 0.29722009717547626, "Lev. sim.": 0.2494387038437304, "status": "ok", "start_time": 1615485404.4506767, "duration": 40.26150560379028}, "current_params": {"N": 300, "isd": 0.0512896512008503, "isd2": 3.520250690307409e-05, "iss": 0.0002574319683570732, "leak": 0.0010835913915228513, "ridge": 0.00011005212092496208, "sr": 0.9}}