{"returned_dict": {"loss": 3.0933174029251327, "Accuracy": 0.6113993109825361, "F1": 0.3116378653337454, "Lev. sim.": 0.3339375950914893, "status": "ok", "start_time": 1615485207.199659, "duration": 36.16840696334839}, "current_params": {"N": 300, "isd": 0.0003700986539820379, "isd2": 5.999615421884083e-05, "iss": 0.0022654935966134283, "leak": 0.6230834000162965, "ridge": 0.002918377741547324, "sr": 0.9}}