{"returned_dict": {"loss": 3.0990130292780167, "Accuracy": 0.6015587200835675, "F1": 0.3321752250577304, "Lev. sim.": 0.30322878516851076, "status": "ok", "start_time": 1615479250.2713635, "duration": 36.28678631782532}, "current_params": {"N": 300, "isd": 1.2861571710153186, "isd2": 3.747477212145981e-05, "iss": 0.00017330045513878474, "leak": 0.0005647796787742709, "ridge": 0.2975745118644955, "sr": 0.9}}