{"returned_dict": {"loss": 3.0965453929852313, "Accuracy": 0.5915321960290398, "F1": 0.3522283730279342, "Lev. sim.": 0.3224970734220464, "status": "ok", "start_time": 1615481800.3826647, "duration": 36.79235219955444}, "current_params": {"N": 300, "isd": 0.0017148839947336738, "isd2": 0.004925194637572535, "iss": 0.06299668145852189, "leak": 0.001485489283533803, "ridge": 5.3291227102949e-05, "sr": 0.9}}