{"returned_dict": {"loss": 3.1042787496535134, "Accuracy": 0.5802905466328282, "F1": 0.3394021483559212, "Lev. sim.": 0.42701438961796406, "status": "ok", "start_time": 1615480256.0232866, "duration": 31.31156301498413}, "current_params": {"N": 300, "isd": 0.0001469990072045741, "isd2": 0.0028983990773615367, "iss": 0.0011426530685845588, "leak": 0.003430757391600169, "ridge": 7.71477660553449e-06, "sr": 0.9}}