{"returned_dict": {"loss": 3.1078400129849686, "Accuracy": 0.3620825761122687, "F1": 0.18784501407029958, "Lev. sim.": 0.3503002736787292, "status": "ok", "start_time": 1615479716.2704175, "duration": 29.24446988105774}, "current_params": {"N": 300, "isd": 0.10644064820298008, "isd2": 0.0024849416301869435, "iss": 6.528509320911537, "leak": 0.0003462907713485011, "ridge": 0.021483632357473824, "sr": 0.9}}