{"returned_dict": {"loss": 3.1046666735032504, "Accuracy": 0.585304039576171, "F1": 0.3409384848847955, "Lev. sim.": 0.4371317926504948, "status": "ok", "start_time": 1615476753.1156702, "duration": 31.446655988693237}, "current_params": {"N": 300, "isd": 0.0005704538997172642, "isd2": 0.0017610973252556216, "iss": 0.007736741048102635, "leak": 0.002984970992111586, "ridge": 0.00018502111892174824, "sr": 0.9}}