{"returned_dict": {"loss": 3.1058496665304594, "Accuracy": 0.5694532553260814, "F1": 0.27323705663011666, "Lev. sim.": 0.25232376130447787, "status": "ok", "start_time": 1615476083.7538157, "duration": 40.43582773208618}, "current_params": {"N": 300, "isd": 0.04271139730674362, "isd2": 0.00031282050947054117, "iss": 0.0013918289014447402, "leak": 0.0005600220785247278, "ridge": 0.00012816979894612768, "sr": 0.9}}