{"returned_dict": {"loss": 3.106976755492198, "Accuracy": 0.3282791789114701, "F1": 0.17570170663442056, "Lev. sim.": 0.34627368212741155, "status": "ok", "start_time": 1615481501.8910975, "duration": 29.323949098587036}, "current_params": {"N": 300, "isd": 0.02478006283625675, "isd2": 9.909639043399766e-05, "iss": 7.625054341607125, "leak": 0.00023930915132600812, "ridge": 7.201205813681363e-05, "sr": 0.9}}