{"returned_dict": {"loss": 3.1038198295623887, "Accuracy": 0.6345218005037789, "F1": 0.3384529249119222, "Lev. sim.": 0.2908087508491199, "status": "ok", "start_time": 1615479019.5239098, "duration": 36.687532901763916}, "current_params": {"N": 300, "isd": 0.00012507445404416666, "isd2": 0.09590804498023914, "iss": 0.0015709780852344458, "leak": 0.6250809413474328, "ridge": 0.0689148692568267, "sr": 0.9}}