{"returned_dict": {"loss": 3.1071924430439504, "Accuracy": 0.4320256611487617, "F1": 0.2566414309521984, "Lev. sim.": 0.34180560734393667, "status": "ok", "start_time": 1615482895.7351942, "duration": 28.685835599899292}, "current_params": {"N": 300, "isd": 1.0713604344794122e-05, "isd2": 2.373603102405077e-05, "iss": 0.14004443257826807, "leak": 0.0003453537661031279, "ridge": 1.48214798747628e-07, "sr": 0.9}}