{"returned_dict": {"loss": 3.1106716230275957, "Accuracy": 0.34744519613428665, "F1": 0.19068474421969855, "Lev. sim.": 0.3507844129836033, "status": "ok", "start_time": 1615481837.1842098, "duration": 29.934765100479126}, "current_params": {"N": 300, "isd": 2.235852726263977e-05, "isd2": 0.0018188471446357623, "iss": 1.7883209257810735, "leak": 0.00017992903312454635, "ridge": 1.5817803772391591e-09, "sr": 0.9}}