{"returned_dict": {"loss": 3.119975346283155, "Accuracy": 0.33839896540608677, "F1": 0.18526690933700596, "Lev. sim.": 0.34919426313280116, "status": "ok", "start_time": 1615482326.155574, "duration": 30.9795982837677}, "current_params": {"N": 300, "isd": 0.0020705829088223113, "isd2": 2.2779216275973232e-05, "iss": 1.6477411289165746, "leak": 0.00013160504993443996, "ridge": 3.734889518278429e-09, "sr": 0.9}}