{"returned_dict": {"loss": 3.114875513905885, "Accuracy": 0.5944270728390014, "F1": 0.2992718942453589, "Lev. sim.": 0.3238187882998428, "status": "ok", "start_time": 1615480473.8461988, "duration": 36.19746470451355}, "current_params": {"N": 300, "isd": 2.2459578735050676e-05, "isd2": 0.019082712184709437, "iss": 7.245842882561464e-05, "leak": 0.24347954758450488, "ridge": 0.00034112863822337904, "sr": 0.9}}