{"returned_dict": {"loss": 3.1157319306231503, "Accuracy": 0.44611692242728357, "F1": 0.2516070243974717, "Lev. sim.": 0.44203292467937294, "status": "ok", "start_time": 1615479389.5445242, "duration": 30.512710332870483}, "current_params": {"N": 300, "isd": 0.010577285602945978, "isd2": 0.4687936902156039, "iss": 0.0004732159421661965, "leak": 0.0003737026789015449, "ridge": 1.953826475389204e-05, "sr": 0.9}}