{"returned_dict": {"loss": 3.113200128260552, "Accuracy": 0.5708084979797321, "F1": 0.26370649096954607, "Lev. sim.": 0.40163510878471664, "status": "ok", "start_time": 1615477012.02031, "duration": 33.54806113243103}, "current_params": {"N": 300, "isd": 0.0003318807832039473, "isd2": 4.6904421342823665e-05, "iss": 0.00042140563423558524, "leak": 0.0908793147344595, "ridge": 0.020145207656146105, "sr": 0.9}}