{"returned_dict": {"loss": 3.1164487650103316, "Accuracy": 0.5551737536684426, "F1": 0.2561929354668259, "Lev. sim.": 0.23800346220502372, "status": "ok", "start_time": 1615477958.6122315, "duration": 41.425517082214355}, "current_params": {"N": 300, "isd": 0.0065513225712619345, "isd2": 3.331985129946168e-05, "iss": 3.6721866293145416e-05, "leak": 0.0005836208340165722, "ridge": 1.9826798505388278e-06, "sr": 0.9}}