{"returned_dict": {"loss": 3.1242263087668225, "Accuracy": 0.5547191135318562, "F1": 0.3132138064909399, "Lev. sim.": 0.3891026528363516, "status": "ok", "start_time": 1615480195.1244774, "duration": 29.511913299560547}, "current_params": {"N": 300, "isd": 0.00028169600544469695, "isd2": 1.1387671660128253e-05, "iss": 0.011274172360744374, "leak": 0.003280389316214824, "ridge": 0.0021546593349015914, "sr": 0.9}}