{"returned_dict": {"loss": 3.1214242464454545, "Accuracy": 0.3464961095223401, "F1": 0.20192000519157904, "Lev. sim.": 0.3847712759492171, "status": "ok", "start_time": 1615482579.2296665, "duration": 29.640215396881104}, "current_params": {"N": 300, "isd": 0.00013588860286269932, "isd2": 0.04518202545215078, "iss": 0.7573050525228749, "leak": 0.000204047637122317, "ridge": 1.8959738836632334e-09, "sr": 0.9}}