{"returned_dict": {"loss": 3.1253207784744435, "Accuracy": 0.521540662985437, "F1": 0.25538627547968273, "Lev. sim.": 0.20094380628509137, "status": "ok", "start_time": 1615480914.8115985, "duration": 43.4986457824707}, "current_params": {"N": 300, "isd": 0.006105844798978648, "isd2": 0.01120811586062317, "iss": 0.008422666240760683, "leak": 0.0003691581228118311, "ridge": 1.849856343290539e-06, "sr": 0.9}}