{"returned_dict": {"loss": 3.1229666797602613, "Accuracy": 0.345745286289444, "F1": 0.2020539468151376, "Lev. sim.": 0.34550829986933784, "status": "ok", "start_time": 1615479525.4758146, "duration": 28.811455965042114}, "current_params": {"N": 300, "isd": 0.0002592889993622061, "isd2": 0.00014752439565795064, "iss": 0.46623476760234256, "leak": 0.00017002661914670197, "ridge": 1.0505975540188762e-09, "sr": 0.9}}