{"returned_dict": {"loss": 3.1243487548676936, "Accuracy": 0.5361771178272917, "F1": 0.2866443031922691, "Lev. sim.": 0.24326798187713033, "status": "ok", "start_time": 1615478739.3630404, "duration": 38.87832450866699}, "current_params": {"N": 300, "isd": 9.937346073067866e-05, "isd2": 0.0003620750686973789, "iss": 0.0005829549423357068, "leak": 0.0013756613695453353, "ridge": 7.285833787850292e-08, "sr": 0.9}}