{"returned_dict": {"loss": 3.132799983430914, "Accuracy": 0.5334506395236065, "F1": 0.23549585154284908, "Lev. sim.": 0.24484842997911266, "status": "ok", "start_time": 1615481281.399706, "duration": 39.458407163619995}, "current_params": {"N": 300, "isd": 0.2650162886176642, "isd2": 0.0006725690391220247, "iss": 1.3134637890043223e-05, "leak": 0.0003378283165073209, "ridge": 0.0029871029025279197, "sr": 0.9}}