{"returned_dict": {"loss": 3.144540709091161, "Accuracy": 0.5240244862204906, "F1": 0.2805301063239217, "Lev. sim.": 0.3960892242326333, "status": "ok", "start_time": 1615477467.5647533, "duration": 30.185872316360474}, "current_params": {"N": 300, "isd": 0.0015622387641204979, "isd2": 6.271402946229482e-05, "iss": 0.022211884353187553, "leak": 0.002064582627976239, "ridge": 0.0018416852517443806, "sr": 0.9}}