{"returned_dict": {"loss": 3.147514464214666, "Accuracy": 0.5234795955298468, "F1": 0.2869693414897096, "Lev. sim.": 0.4394192750330691, "status": "ok", "start_time": 1615478000.0397384, "duration": 31.482789993286133}, "current_params": {"N": 300, "isd": 0.0012214822092101987, "isd2": 0.0008046794172839264, "iss": 0.06779656735671565, "leak": 0.0010342330253811734, "ridge": 0.0001051767289942869, "sr": 0.9}}