{"returned_dict": {"loss": 3.144926698663817, "Accuracy": 0.5760441730185923, "F1": 0.30547175257942516, "Lev. sim.": 0.41536229769242866, "status": "ok", "start_time": 1615485667.6126332, "duration": 31.38075304031372}, "current_params": {"N": 300, "isd": 0.0003932113957804131, "isd2": 2.7093721449767836e-05, "iss": 0.003251024050437324, "leak": 0.013591742006459157, "ridge": 0.2551666920763766, "sr": 0.9}}