{"returned_dict": {"loss": 3.145037486225079, "Accuracy": 0.6135219641053853, "F1": 0.33098833764089824, "Lev. sim.": 0.2961915279903614, "status": "ok", "start_time": 1615486210.7369854, "duration": 37.93771314620972}, "current_params": {"N": 300, "isd": 0.0005521025865620951, "isd2": 5.463095729268855e-05, "iss": 2.6289853245813632e-05, "leak": 0.1405356970859575, "ridge": 0.0004414225120371743, "sr": 0.9}}