{"returned_dict": {"loss": 3.1534380192321914, "Accuracy": 0.3981343514417975, "F1": 0.2010053357701866, "Lev. sim.": 0.42260401375714984, "status": "ok", "start_time": 1615476592.589215, "duration": 30.60240602493286}, "current_params": {"N": 300, "isd": 0.0005486880869399633, "isd2": 0.4026596106622964, "iss": 0.0023555009360244675, "leak": 0.00014310993455605577, "ridge": 3.4122024570626343e-06, "sr": 0.9}}