{"returned_dict": {"loss": 3.155059153202491, "Accuracy": 0.43131235079561064, "F1": 0.22928343630694298, "Lev. sim.": 0.43114044191455586, "status": "ok", "start_time": 1615484435.1615632, "duration": 31.30039668083191}, "current_params": {"N": 300, "isd": 1.2878527494340394e-05, "isd2": 0.21373548692805724, "iss": 3.315062043200365e-05, "leak": 0.0004335516405891327, "ridge": 1.7224908394816244e-06, "sr": 0.9}}