{"returned_dict": {"loss": 3.159528014982012, "Accuracy": 0.48221097613521946, "F1": 0.22932860858537857, "Lev. sim.": 0.3328764876283091, "status": "ok", "start_time": 1615481867.121095, "duration": 35.18907070159912}, "current_params": {"N": 300, "isd": 2.4287831731645664, "isd2": 0.08950927968636162, "iss": 0.005606656450088511, "leak": 0.00010003839058793662, "ridge": 0.06279674871530234, "sr": 0.9}}