{"returned_dict": {"loss": 3.1665151039920074, "Accuracy": 0.4680296269268961, "F1": 0.2035306573455043, "Lev. sim.": 0.1768110581368091, "status": "ok", "start_time": 1615477692.1070387, "duration": 45.190797090530396}, "current_params": {"N": 300, "isd": 0.0017131835288978054, "isd2": 0.0043022217176452255, "iss": 0.0005618515257018516, "leak": 0.0002919398738953379, "ridge": 1.6258535280062473e-07, "sr": 0.9}}