{"returned_dict": {"loss": 3.1732510654005543, "Accuracy": 0.46421196768238493, "F1": 0.2309332228362991, "Lev. sim.": 0.35592266739445666, "status": "ok", "start_time": 1615477832.0357893, "duration": 28.624525547027588}, "current_params": {"N": 300, "isd": 0.0010933934723438524, "isd2": 0.0005540133945798705, "iss": 0.05117965382371853, "leak": 0.0013204678410334801, "ridge": 0.00231782712594494, "sr": 0.9}}