{"returned_dict": {"loss": 3.1799401910560223, "Accuracy": 0.3744385465514509, "F1": 0.17548761869253, "Lev. sim.": 0.4030693957283792, "status": "ok", "start_time": 1615486282.095982, "duration": 33.564945220947266}, "current_params": {"N": 300, "isd": 0.013498305913471348, "isd2": 4.659051605014894, "iss": 4.034290730910159e-05, "leak": 0.00010988108910129503, "ridge": 0.03832530981926019, "sr": 0.9}}