{"returned_dict": {"loss": 3.1744746064202887, "Accuracy": 0.5014896472935585, "F1": 0.24345425882892552, "Lev. sim.": 0.329827764272255, "status": "ok", "start_time": 1615480000.3671663, "duration": 35.007676124572754}, "current_params": {"N": 300, "isd": 0.2297637117814582, "isd2": 0.0009860865401607737, "iss": 0.45225816163719856, "leak": 0.00023706177793777713, "ridge": 0.045974805642679396, "sr": 0.9}}