{"returned_dict": {"loss": 3.2005593977314604, "Accuracy": 0.40308798824242437, "F1": 0.18353138245268466, "Lev. sim.": 0.3234515275581239, "status": "ok", "start_time": 1615478187.9159386, "duration": 29.21456480026245}, "current_params": {"N": 300, "isd": 9.32779447859969e-05, "isd2": 4.664054477521776e-05, "iss": 0.11383096064081272, "leak": 0.00069245881443204, "ridge": 0.0017900158566320971, "sr": 0.9}}