{"returned_dict": {"loss": 3.2022533670043303, "Accuracy": 0.39839903926424025, "F1": 0.18002991983433297, "Lev. sim.": 0.4030303858971059, "status": "ok", "start_time": 1615479686.5361164, "duration": 29.73247766494751}, "current_params": {"N": 300, "isd": 2.2348500398801456e-05, "isd2": 0.00021267215017477066, "iss": 0.003118380761772494, "leak": 0.000571951191552065, "ridge": 2.160041514275814e-07, "sr": 0.9}}