{"returned_dict": {"loss": 3.208552993339849, "Accuracy": 0.3995226326819106, "F1": 0.17550136424141588, "Lev. sim.": 0.3258988306747245, "status": "ok", "start_time": 1615485698.9955645, "duration": 29.455506086349487}, "current_params": {"N": 300, "isd": 0.0003824576761573582, "isd2": 0.008038615258080294, "iss": 0.2051583456804733, "leak": 0.0011306615598655468, "ridge": 0.4737826566203219, "sr": 0.9}}