{"returned_dict": {"loss": 3.215508610165108, "Accuracy": 0.3829982796960559, "F1": 0.1644592997625433, "Lev. sim.": 0.35241905930702994, "status": "ok", "start_time": 1615479657.9092207, "duration": 28.624842882156372}, "current_params": {"N": 300, "isd": 0.00010335283790684242, "isd2": 0.00023447969452427644, "iss": 0.0049475138056531524, "leak": 0.00047622542021479085, "ridge": 1.5075196302558611e-06, "sr": 0.9}}