{"returned_dict": {"loss": 3.221614029627575, "Accuracy": 0.38773450678591265, "F1": 0.16306187719229834, "Lev. sim.": 0.3033990643425442, "status": "ok", "start_time": 1615476474.310561, "duration": 28.73895502090454}, "current_params": {"N": 300, "isd": 5.029945650064783e-05, "isd2": 1.2569621607316165e-05, "iss": 0.0050107480033132245, "leak": 0.0015421602599053768, "ridge": 0.00491930953236151, "sr": 0.9}}