{"returned_dict": {"loss": 3.2582389999758403, "Accuracy": 0.35663091263295454, "F1": 0.12399136826702746, "Lev. sim.": 0.1650817260657008, "status": "ok", "start_time": 1615479482.104464, "duration": 43.369532346725464}, "current_params": {"N": 300, "isd": 0.005287607975250165, "isd2": 0.021408744227756064, "iss": 7.960204123058916e-05, "leak": 0.01098266653129262, "ridge": 0.0756786250485504, "sr": 0.9}}