{"returned_dict": {"loss": 3.2566598963843134, "Accuracy": 0.3651643022332857, "F1": 0.1379745836576797, "Lev. sim.": 0.31667837215891675, "status": "ok", "start_time": 1615476155.1340055, "duration": 29.304138898849487}, "current_params": {"N": 300, "isd": 0.00020815355619848436, "isd2": 1.8064280188342666e-05, "iss": 0.00012276996610286188, "leak": 0.0024833068437742772, "ridge": 0.000206119974991054, "sr": 0.9}}