{"returned_dict": {"loss": 3.2619224173981665, "Accuracy": 0.3010688534601277, "F1": 0.0993098197824305, "Lev. sim.": 0.37607234401442907, "status": "ok", "start_time": 1615478540.503011, "duration": 32.0229218006134}, "current_params": {"N": 300, "isd": 0.0011277990067802058, "isd2": 0.017677197622314927, "iss": 0.004637738348508079, "leak": 0.00040493873776149196, "ridge": 0.0003181935968879873, "sr": 0.9}}