{"returned_dict": {"loss": 3.2658072591506837, "Accuracy": 0.31685596919521, "F1": 0.10711440001310464, "Lev. sim.": 0.3085529503550427, "status": "ok", "start_time": 1615480287.3367589, "duration": 28.210649728775024}, "current_params": {"N": 300, "isd": 1.147662471375582e-05, "isd2": 0.0008526234810139338, "iss": 8.689336213688611e-05, "leak": 0.002184078984114181, "ridge": 0.00012177874028254793, "sr": 0.9}}