{"returned_dict": {"loss": 3.2647474509364804, "Accuracy": 0.3110466237439421, "F1": 0.10254695326631573, "Lev. sim.": 0.3381668770051641, "status": "ok", "start_time": 1615480347.5939767, "duration": 29.885793209075928}, "current_params": {"N": 300, "isd": 0.011104843936965482, "isd2": 8.048898440387469e-05, "iss": 0.05718148242139985, "leak": 0.0001401350470925412, "ridge": 0.0008269396562786913, "sr": 0.9}}