{"returned_dict": {"loss": 3.264515260461394, "Accuracy": 0.38174455538978924, "F1": 0.11505042812005865, "Lev. sim.": 0.2768490952301055, "status": "ok", "start_time": 1615478344.9934971, "duration": 37.52186465263367}, "current_params": {"N": 300, "isd": 0.07959018396381895, "isd2": 8.441618000822184e-05, "iss": 0.0001633054556750374, "leak": 0.00021971685463923442, "ridge": 0.010930874631467897, "sr": 0.9}}