{"returned_dict": {"loss": 3.2630656994926204, "Accuracy": 0.293337401991715, "F1": 0.09277806788989287, "Lev. sim.": 0.4082533635084557, "status": "ok", "start_time": 1615476442.8576782, "duration": 31.45116400718689}, "current_params": {"N": 300, "isd": 0.00021392519140187635, "isd2": 0.15822250244193953, "iss": 0.01628718453522299, "leak": 0.00023412495010004955, "ridge": 0.00037957581804444343, "sr": 0.9}}