{"returned_dict": {"loss": 3.270340972402411, "Accuracy": 0.2974258493518234, "F1": 0.09393511883853216, "Lev. sim.": 0.30751271197952634, "status": "ok", "start_time": 1615484345.316782, "duration": 29.27615523338318}, "current_params": {"N": 300, "isd": 0.0026136607834458697, "isd2": 0.050843911077876974, "iss": 0.007858273132150883, "leak": 0.0012226392807154595, "ridge": 0.22973112720260455, "sr": 0.9}}