{"returned_dict": {"loss": 3.2794675692122466, "Accuracy": 0.3199859479275936, "F1": 0.0925900860904057, "Lev. sim.": 0.34437378690819237, "status": "ok", "start_time": 1615482700.631965, "duration": 31.72603154182434}, "current_params": {"N": 300, "isd": 0.028704136471596305, "isd2": 0.0012296533417267346, "iss": 0.0059950219395834385, "leak": 0.00027118279127796776, "ridge": 0.009212622771359294, "sr": 0.9}}