{"returned_dict": {"loss": 3.2794928364924756, "Accuracy": 0.30702700362202967, "F1": 0.10058094240867357, "Lev. sim.": 0.29430131365945655, "status": "ok", "start_time": 1615477148.5603175, "duration": 29.006037712097168}, "current_params": {"N": 300, "isd": 0.00010837005947187371, "isd2": 0.00018503758831846606, "iss": 5.1858306222292224e-05, "leak": 0.0027995963345749885, "ridge": 0.00015828719035048343, "sr": 0.9}}