{"returned_dict": {"loss": 3.2877352394100585, "Accuracy": 0.2713698940904935, "F1": 0.06749011857531333, "Lev. sim.": 0.26087048476099, "status": "ok", "start_time": 1615485638.1165364, "duration": 29.49383306503296}, "current_params": {"N": 300, "isd": 0.0014649073841157443, "isd2": 0.0002137441294634021, "iss": 0.0007007892173358851, "leak": 0.0004303771275804533, "ridge": 0.00029393923275707843, "sr": 0.9}}