{"returned_dict": {"loss": 3.2891157626107157, "Accuracy": 0.25637453835585144, "F1": 0.06323422192515635, "Lev. sim.": 0.238634749845839, "status": "ok", "start_time": 1615482420.2474377, "duration": 28.633112907409668}, "current_params": {"N": 300, "isd": 3.764540460496394e-05, "isd2": 4.349862622573533e-05, "iss": 0.00010547654844588234, "leak": 0.00011884449937423461, "ridge": 2.412329618029427e-08, "sr": 0.9}}