{"returned_dict": {"loss": 3.2997409498367483, "Accuracy": 0.23039706181964065, "F1": 0.0376879713301874, "Lev. sim.": 0.3787631644824606, "status": "ok", "start_time": 1615478709.2163634, "duration": 30.14459228515625}, "current_params": {"N": 300, "isd": 3.894337357167475e-05, "isd2": 0.06958527282852907, "iss": 3.892595640937169e-05, "leak": 0.0004228016517194847, "ridge": 0.00013513525829807367, "sr": 0.9}}