{"returned_dict": {"loss": 3.2974331391369076, "Accuracy": 0.2976031494073409, "F1": 0.07525021016716085, "Lev. sim.": 0.3684897180483749, "status": "ok", "start_time": 1615478933.0236623, "duration": 31.729994773864746}, "current_params": {"N": 300, "isd": 0.016144794809590027, "isd2": 0.00580007291813976, "iss": 8.392239882644226e-05, "leak": 0.00029722905658613246, "ridge": 0.0027165679380159635, "sr": 0.9}}