{"returned_dict": {"loss": 3.300925393183266, "Accuracy": 0.3763610463982317, "F1": 0.10870641680712359, "Lev. sim.": 0.1963929316362398, "status": "ok", "start_time": 1615484997.6607885, "duration": 45.25400257110596}, "current_params": {"N": 300, "isd": 0.00010301632097163641, "isd2": 0.003264660212811223, "iss": 2.867448163767687e-05, "leak": 0.9499576091515566, "ridge": 0.0015458904311684396, "sr": 0.9}}