{"returned_dict": {"loss": 3.3019057224940567, "Accuracy": 0.2818656833176026, "F1": 0.06798293076884171, "Lev. sim.": 0.3651816164938403, "status": "ok", "start_time": 1615476022.0419085, "duration": 30.4762966632843}, "current_params": {"N": 300, "isd": 0.030162066001744762, "isd2": 0.00019442696564787968, "iss": 0.0006487539912013651, "leak": 0.00012697749947718033, "ridge": 0.0019556124951387597, "sr": 0.9}}