{"returned_dict": {"loss": 3.3023700009346952, "Accuracy": 0.23373571318956374, "F1": 0.04087342122489089, "Lev. sim.": 0.1350590756741027, "status": "ok", "start_time": 1615481439.943428, "duration": 27.141592979431152}, "current_params": {"N": 300, "isd": 1.1142878786307259e-05, "isd2": 0.0019417379763646766, "iss": 0.0005869246362283275, "leak": 0.00027971663389009103, "ridge": 0.00014380405780311668, "sr": 0.9}}