{"returned_dict": {"loss": 3.3109653651831223, "Accuracy": 0.2182843366274989, "F1": 0.027374656595735607, "Lev. sim.": 0.17994711511712716, "status": "ok", "start_time": 1615476533.8957012, "duration": 27.60546088218689}, "current_params": {"N": 300, "isd": 1.4861780872666123e-05, "isd2": 0.003348520551622994, "iss": 1.2522170326146817e-05, "leak": 0.00400239923249082, "ridge": 0.061325620442260725, "sr": 0.9}}