{"returned_dict": {"loss": 3.3105417883102155, "Accuracy": 0.22301292003273704, "F1": 0.02807150645283864, "Lev. sim.": 0.19417105764652803, "status": "ok", "start_time": 1615478874.7152154, "duration": 27.50514054298401}, "current_params": {"N": 300, "isd": 7.438241322264452e-05, "isd2": 0.0006711953055190929, "iss": 3.496156974183761e-05, "leak": 0.0019031358046600754, "ridge": 0.0008581532054253116, "sr": 0.9}}