{"returned_dict": {"loss": 3.3192758650476564, "Accuracy": 0.21633826117913563, "F1": 0.02815732644268985, "Lev. sim.": 0.06567942723063984, "status": "ok", "start_time": 1615485954.1938584, "duration": 27.84165120124817}, "current_params": {"N": 300, "isd": 0.00016584064483942648, "isd2": 6.584544564509394e-05, "iss": 0.0003351025973280772, "leak": 0.0002395929670438949, "ridge": 0.00020237453319696448, "sr": 0.9}}