{"returned_dict": {"loss": 3.3116415096376657, "Accuracy": 0.23320775244272146, "F1": 0.03743849766477996, "Lev. sim.": 0.3032218366022513, "status": "ok", "start_time": 1615482028.205934, "duration": 37.321024656295776}, "current_params": {"N": 300, "isd": 1.8009337296567324e-05, "isd2": 0.00961781349701859, "iss": 1.1699271323770044e-05, "leak": 0.23532419948690383, "ridge": 0.024741974181110064, "sr": 0.9}}