{"returned_dict": {"loss": 3.3130228647616264, "Accuracy": 0.221184128244975, "F1": 0.029736268879397877, "Lev. sim.": 0.16395574361507465, "status": "ok", "start_time": 1615478062.3787694, "duration": 27.78775191307068}, "current_params": {"N": 300, "isd": 0.17905833856705056, "isd2": 0.0034240476028037153, "iss": 0.00019067898419792182, "leak": 0.0003023236264260931, "ridge": 0.9590597553769303, "sr": 0.9}}