{"returned_dict": {"loss": 3.32766551519052, "Accuracy": 0.21052007657044453, "F1": 0.02394277252620513, "Lev. sim.": 0.09102014634943455, "status": "ok", "start_time": 1615475802.2314115, "duration": 29.45315933227539}, "current_params": {"N": 300, "isd": 0.00994722444697099, "isd2": 0.02143555972466859, "iss": 0.0024692423369268367, "leak": 0.00018269980252606725, "ridge": 0.021847236583007763, "sr": 0.9}}