{"returned_dict": {"loss": 3.3200313969092754, "Accuracy": 0.21230118220037242, "F1": 0.024186469658206096, "Lev. sim.": 0.10000877234206358, "status": "ok", "start_time": 1615481351.6039147, "duration": 26.98890733718872}, "current_params": {"N": 300, "isd": 2.706343167186943e-05, "isd2": 0.008218857669804437, "iss": 6.081447362390012e-05, "leak": 0.00012004466533134977, "ridge": 8.112414793195984e-06, "sr": 0.9}}