{"returned_dict": {"loss": 3.3490579648412613, "Accuracy": 0.19797217214739138, "F1": 0.021302063990981154, "Lev. sim.": 0.04526496439604996, "status": "ok", "start_time": 1615482266.625438, "duration": 27.509084701538086}, "current_params": {"N": 300, "isd": 5.549470170434006e-05, "isd2": 1.369612824686989e-05, "iss": 0.002154516945956453, "leak": 0.00011399536742352125, "ridge": 0.13052622326780722, "sr": 0.9}}