{"returned_dict": {"loss": 3.3448171094326775, "Accuracy": 0.20093243774092645, "F1": 0.021615687903105325, "Lev. sim.": 0.054685480506490025, "status": "ok", "start_time": 1615478992.3265321, "duration": 27.194915533065796}, "current_params": {"N": 300, "isd": 0.004533324046458419, "isd2": 0.00212017896672169, "iss": 4.46267332070146e-05, "leak": 0.00011162135641712554, "ridge": 0.004381139054854782, "sr": 0.9}}