{"returned_dict": {"loss": 3.340860725654003, "Accuracy": 0.2033977104287415, "F1": 0.021793663252601923, "Lev. sim.": 0.05998187622004895, "status": "ok", "start_time": 1615479778.957602, "duration": 27.484347343444824}, "current_params": {"N": 300, "isd": 0.0007738580286388175, "isd2": 0.013801436251305501, "iss": 8.17222798918764e-05, "leak": 0.00018582318527828425, "ridge": 0.04762598816911677, "sr": 0.9}}