{"returned_dict": {"loss": 3.3445787953283257, "Accuracy": 0.20121211707577286, "F1": 0.02161632172500713, "Lev. sim.": 0.04526496439604996, "status": "ok", "start_time": 1615482673.878472, "duration": 26.744169235229492}, "current_params": {"N": 300, "isd": 0.007250604717453629, "isd2": 0.0005463505396008878, "iss": 0.005016202150555731, "leak": 0.00017341923776908688, "ridge": 0.7649685991514699, "sr": 0.9}}