{"returned_dict": {"loss": 3.3460265193558243, "Accuracy": 0.2006082975291151, "F1": 0.021581867632840347, "Lev. sim.": 0.05608471126631291, "status": "ok", "start_time": 1615478964.7555952, "duration": 27.56917381286621}, "current_params": {"N": 300, "isd": 2.462748314657169e-05, "isd2": 0.00867358095642857, "iss": 3.34372938671624e-05, "leak": 0.0001250835210574603, "ridge": 0.03797891171677452, "sr": 0.9}}