{"returned_dict": {"loss": 3.3705698283677576, "Accuracy": 0.14398049890370374, "F1": 0.00847972675541934, "Lev. sim.": 0.02971656882287596, "status": "ok", "start_time": 1615486675.3752027, "duration": 27.429268836975098}, "current_params": {"N": 300, "isd": 4.785444007241544e-05, "isd2": 1.0331802203205852e-05, "iss": 1.2562286825104525e-05, "leak": 0.020327630689285843, "ridge": 0.26099152681223964, "sr": 0.9}}