{"returned_dict": {"loss": 2.689256675340294, "Accuracy": 0.9195785349950972, "F1": 0.8447932810449856, "Lev. sim.": 0.5080379300339587, "status": "ok", "start_time": 1614598228.2678888, "duration": 34.089826583862305}, "current_params": {"N": 300, "isd": 3.184212063667566, "isd2": 0.00039218771400457986, "iss": 0.8777341457252882, "leak": 0.1, "ridge": 0.16479441584720766, "sr": 0.0024639863824267557}}