{"returned_dict": {"loss": 2.687559083451096, "Accuracy": 0.9140780347866748, "F1": 0.8345351256945834, "Lev. sim.": 0.5042337372933569, "status": "ok", "start_time": 1614598751.3929617, "duration": 33.81646966934204}, "current_params": {"N": 300, "isd": 1.4818091663828328, "isd2": 0.03374935849654163, "iss": 1.2698559153876863, "leak": 0.1, "ridge": 1.69129355175973e-07, "sr": 0.00012946919633940326}}