{"returned_dict": {"loss": 2.6870352415546708, "Accuracy": 0.910853676739548, "F1": 0.8293934556008523, "Lev. sim.": 0.4999362294666622, "status": "ok", "start_time": 1614602977.7788732, "duration": 33.401673793792725}, "current_params": {"N": 300, "isd": 0.4462016223369004, "isd2": 0.34131181727184395, "iss": 0.8079210989789269, "leak": 0.1, "ridge": 2.4109268417940634e-05, "sr": 0.14276785956221688}}