{"returned_dict": {"loss": 2.69838843432926, "Accuracy": 0.9016736313911389, "F1": 0.8240787450924273, "Lev. sim.": 0.5005427047410382, "status": "ok", "start_time": 1614598503.3533263, "duration": 33.669652462005615}, "current_params": {"N": 300, "isd": 7.213175102366821e-05, "isd2": 2.6704294361435066, "iss": 2.114319254012726, "leak": 0.1, "ridge": 5.063854669313092e-07, "sr": 0.330489006270119}}