{"returned_dict": {"loss": 2.70657230847153, "Accuracy": 0.8930241756661956, "F1": 0.8087247125782995, "Lev. sim.": 0.49678088075450333, "status": "ok", "start_time": 1614597729.951246, "duration": 32.890491247177124}, "current_params": {"N": 300, "isd": 0.005926018131188934, "isd2": 2.2778561013478003, "iss": 0.8099143782325872, "leak": 0.1, "ridge": 0.013211296467565596, "sr": 0.001631489949828942}}