{"returned_dict": {"loss": 2.7012992103258484, "Accuracy": 0.9188206542803107, "F1": 0.8438793826426716, "Lev. sim.": 0.5032600598934255, "status": "ok", "start_time": 1614605657.7604487, "duration": 33.54064655303955}, "current_params": {"N": 300, "isd": 6.326223126832321, "isd2": 0.12310532969512396, "iss": 1.363997879589686, "leak": 0.1, "ridge": 6.752149701099652e-08, "sr": 0.22348721711231775}}