{"returned_dict": {"loss": 2.709002858777809, "Accuracy": 0.891562626569726, "F1": 0.8016478352627641, "Lev. sim.": 0.4983484694909738, "status": "ok", "start_time": 1614607331.7985258, "duration": 33.15732479095459}, "current_params": {"N": 300, "isd": 0.08753210534121098, "isd2": 1.6576219569968709, "iss": 0.46540605040598293, "leak": 0.1, "ridge": 0.020364964322736764, "sr": 0.0020868282447946886}}