{"returned_dict": {"loss": 2.707212908133304, "Accuracy": 0.8948291384913691, "F1": 0.8111777954074693, "Lev. sim.": 0.49614920222089554, "status": "ok", "start_time": 1614606792.2730153, "duration": 33.77770924568176}, "current_params": {"N": 300, "isd": 0.0008654719394416226, "isd2": 2.749757238812478, "iss": 0.9076096877589792, "leak": 0.1, "ridge": 0.00010384112878079995, "sr": 0.05100283729907666}}