{"returned_dict": {"loss": 2.703704284454482, "Accuracy": 0.9120082593868478, "F1": 0.8315561468428456, "Lev. sim.": 0.5019403646046176, "status": "ok", "start_time": 1614605624.0642064, "duration": 33.69401741027832}, "current_params": {"N": 300, "isd": 3.9930245394619592, "isd2": 9.325106753778166e-05, "iss": 4.089888095966534, "leak": 0.1, "ridge": 0.014331759588843947, "sr": 0.008412338080968225}}