{"returned_dict": {"loss": 2.7084885592837105, "Accuracy": 0.888170019890121, "F1": 0.8005591214577764, "Lev. sim.": 0.49814676649095135, "status": "ok", "start_time": 1614597988.7522817, "duration": 32.30932116508484}, "current_params": {"N": 300, "isd": 0.002528337065453192, "isd2": 1.18686471798695, "iss": 0.5356409490616902, "leak": 0.1, "ridge": 2.921221875670359e-06, "sr": 0.008597155914725946}}