{"returned_dict": {"loss": 2.7075056262752044, "Accuracy": 0.904086546514265, "F1": 0.8153505484302398, "Lev. sim.": 0.4938013518057341, "status": "ok", "start_time": 1614606322.6036825, "duration": 35.253602743148804}, "current_params": {"N": 300, "isd": 1.139648360261831, "isd2": 0.664568815154193, "iss": 2.7883804903071883, "leak": 0.1, "ridge": 0.005575256184393894, "sr": 0.02026241563699259}}