{"returned_dict": {"loss": 2.7078554753546187, "Accuracy": 0.9030955660785029, "F1": 0.8188948127915399, "Lev. sim.": 0.4989264774108822, "status": "ok", "start_time": 1614604761.7971702, "duration": 33.2913761138916}, "current_params": {"N": 300, "isd": 1.0738580903167545, "isd2": 5.131579881199347, "iss": 1.3869004212706848, "leak": 0.1, "ridge": 1.4164083984881177e-05, "sr": 3.3486939605515305e-05}}