{"returned_dict": {"loss": 2.7068290860113153, "Accuracy": 0.9069136235078992, "F1": 0.8162471621868654, "Lev. sim.": 0.4924596531420627, "status": "ok", "start_time": 1614605316.0258963, "duration": 33.45230293273926}, "current_params": {"N": 300, "isd": 0.11722178849810534, "isd2": 0.0288275205398481, "iss": 0.07071597898788638, "leak": 0.1, "ridge": 8.912853434083859e-06, "sr": 0.0002615971811220178}}