{"returned_dict": {"loss": 2.7068300912280585, "Accuracy": 0.9057992168257147, "F1": 0.8170312121255418, "Lev. sim.": 0.48931082802341336, "status": "ok", "start_time": 1614605804.6024768, "duration": 33.984249114990234}, "current_params": {"N": 300, "isd": 0.17462360509199681, "isd2": 0.0012660243161994602, "iss": 0.12479428949661604, "leak": 0.1, "ridge": 8.236370006206558e-09, "sr": 0.00010133909562425512}}