{"returned_dict": {"loss": 2.703435688961167, "Accuracy": 0.8947466297133166, "F1": 0.8135188877314204, "Lev. sim.": 0.4964685526273668, "status": "ok", "start_time": 1614604317.184832, "duration": 32.895028591156006}, "current_params": {"N": 300, "isd": 5.083075462894997e-05, "isd2": 1.7412036803059758, "iss": 1.8699155804453254, "leak": 0.1, "ridge": 5.6680847599735e-07, "sr": 0.09628778124110268}}