{"returned_dict": {"loss": 2.7049870635354716, "Accuracy": 0.9021439469802394, "F1": 0.8116644537990994, "Lev. sim.": 0.49335941594903054, "status": "ok", "start_time": 1614607297.4303856, "duration": 34.36574673652649}, "current_params": {"N": 300, "isd": 0.24711998972409271, "isd2": 0.2782970629045673, "iss": 1.0814542349861849, "leak": 0.1, "ridge": 0.027813192336324965, "sr": 0.049784579681483886}}