{"returned_dict": {"loss": 2.7089297703867405, "Accuracy": 0.900020541907427, "F1": 0.8060374804142609, "Lev. sim.": 0.4897801333158659, "status": "ok", "start_time": 1614596827.0499933, "duration": 36.90291953086853}, "current_params": {"N": 300, "isd": 0.10780669687371151, "isd2": 0.014099526183173812, "iss": 0.1945445115308493, "leak": 0.1, "ridge": 2.5642846120907595e-07, "sr": 0.00014859914312208517}}