{"returned_dict": {"loss": 2.717482089960926, "Accuracy": 0.9081452419516778, "F1": 0.8233275846400128, "Lev. sim.": 0.4972000357929426, "status": "ok", "start_time": 1614604967.4796412, "duration": 33.97860646247864}, "current_params": {"N": 300, "isd": 5.521039102972622, "isd2": 3.8442744510417125e-05, "iss": 6.862182762455273, "leak": 0.1, "ridge": 0.005822262767364938, "sr": 2.4655890789893292e-05}}