{"returned_dict": {"loss": 2.7110249771561703, "Accuracy": 0.9063443979738854, "F1": 0.8166241526635514, "Lev. sim.": 0.4892618267578249, "status": "ok", "start_time": 1614607402.9682975, "duration": 33.85853362083435}, "current_params": {"N": 300, "isd": 0.3029284740350685, "isd2": 0.006675361324080681, "iss": 0.13593686508565106, "leak": 0.1, "ridge": 1.0770596028217768e-05, "sr": 0.0020875440496570157}}