{"returned_dict": {"loss": 2.7158217513258753, "Accuracy": 0.8843049896944924, "F1": 0.7990317414378486, "Lev. sim.": 0.4999951289713495, "status": "ok", "start_time": 1614605036.0516474, "duration": 33.9434974193573}, "current_params": {"N": 300, "isd": 0.0032551615763682807, "isd2": 1.101386198527639, "iss": 1.9189594338368015, "leak": 0.1, "ridge": 2.1255293100839754e-08, "sr": 0.004205262708406172}}