{"returned_dict": {"loss": 2.7146986065283896, "Accuracy": 0.9091008943308078, "F1": 0.8196368894127538, "Lev. sim.": 0.49321186675869566, "status": "ok", "start_time": 1614599271.8006902, "duration": 33.51317834854126}, "current_params": {"N": 300, "isd": 1.2353371301055125, "isd2": 0.2446821703780669, "iss": 0.12308296937730294, "leak": 0.1, "ridge": 0.0002382862134970323, "sr": 0.1175035184770148}}