{"returned_dict": {"loss": 2.717824777566428, "Accuracy": 0.8939366439335551, "F1": 0.7988837942836632, "Lev. sim.": 0.49055230443833897, "status": "ok", "start_time": 1614598860.0864823, "duration": 34.23596739768982}, "current_params": {"N": 300, "isd": 0.2611089103238684, "isd2": 0.33667552845444154, "iss": 1.7547037749183951, "leak": 0.1, "ridge": 4.251105877544235e-09, "sr": 0.0026898649938901955}}