{"returned_dict": {"loss": 2.7125685143953544, "Accuracy": 0.9203092495587493, "F1": 0.8578171289740716, "Lev. sim.": 0.5107012630985299, "status": "ok", "start_time": 1614601142.5038433, "duration": 33.047606229782104}, "current_params": {"N": 300, "isd": 2.834039897812474, "isd2": 0.05126032314293272, "iss": 0.07389061089097766, "leak": 0.1, "ridge": 1.3654826667866387e-07, "sr": 0.9435217874815518}}