{"returned_dict": {"loss": 2.716890226299303, "Accuracy": 0.8975229909907029, "F1": 0.803113184276812, "Lev. sim.": 0.4865451045418136, "status": "ok", "start_time": 1614604454.5222738, "duration": 33.85686993598938}, "current_params": {"N": 300, "isd": 0.2608346560509008, "isd2": 0.0063903092668887475, "iss": 0.5448418377480391, "leak": 0.1, "ridge": 0.11687504121797741, "sr": 0.00143320353376598}}