{"returned_dict": {"loss": 2.713639314862914, "Accuracy": 0.8895229223406187, "F1": 0.7986695679537508, "Lev. sim.": 0.49554512580230436, "status": "ok", "start_time": 1614605838.5893993, "duration": 33.36632752418518}, "current_params": {"N": 300, "isd": 0.0028031016253100903, "isd2": 1.8251108603305266, "iss": 0.42732591861950864, "leak": 0.1, "ridge": 1.5473668743035118e-07, "sr": 0.004286907050492636}}