{"returned_dict": {"loss": 2.7122238474650864, "Accuracy": 0.8958630004384938, "F1": 0.8173788744366404, "Lev. sim.": 0.49587187274900535, "status": "ok", "start_time": 1614602065.7569575, "duration": 32.7082839012146}, "current_params": {"N": 300, "isd": 0.0005610415501493319, "isd2": 4.989880507465177, "iss": 2.243069403542335, "leak": 0.1, "ridge": 0.03180110901660452, "sr": 7.419716361081071e-05}}