{"returned_dict": {"loss": 2.715439367297477, "Accuracy": 0.8978924302189026, "F1": 0.8182383213957406, "Lev. sim.": 0.49923471081302634, "status": "ok", "start_time": 1614607186.4517095, "duration": 34.29374384880066}, "current_params": {"N": 300, "isd": 0.7698379438759677, "isd2": 7.44778741647481, "iss": 4.208865382778403, "leak": 0.1, "ridge": 4.112327880396262e-09, "sr": 0.08094508097240337}}