{"returned_dict": {"loss": 2.7288178272004826, "Accuracy": 0.9005517117405061, "F1": 0.8018097873382095, "Lev. sim.": 0.48164021498178977, "status": "ok", "start_time": 1614601412.3053393, "duration": 33.85604810714722}, "current_params": {"N": 300, "isd": 0.0975645264630714, "isd2": 0.016752284079507036, "iss": 0.04656487125617944, "leak": 0.1, "ridge": 1.4101123011712471e-05, "sr": 0.0003375959708244907}}