{"returned_dict": {"loss": 2.725563286818455, "Accuracy": 0.8964790561557342, "F1": 0.8025861273872202, "Lev. sim.": 0.49066159218723077, "status": "ok", "start_time": 1614597762.8434076, "duration": 33.74592733383179}, "current_params": {"N": 300, "isd": 1.055705805129439, "isd2": 1.0805906656775182, "iss": 4.510181749800883, "leak": 0.1, "ridge": 0.026865514787400617, "sr": 0.00019892523980175123}}