{"returned_dict": {"loss": 2.72862508808672, "Accuracy": 0.9005457617884776, "F1": 0.7893685299031424, "Lev. sim.": 0.48656047231115684, "status": "ok", "start_time": 1614601512.7865708, "duration": 33.46493625640869}, "current_params": {"N": 300, "isd": 0.9938361014144649, "isd2": 2.3537027394948455, "iss": 0.0010599966408036691, "leak": 0.1, "ridge": 1.3369403582253038e-07, "sr": 0.00017591138075261317}}