{"returned_dict": {"loss": 2.728839124690322, "Accuracy": 0.9026186526066959, "F1": 0.7937080560910601, "Lev. sim.": 0.48677696993633307, "status": "ok", "start_time": 1614606826.0541632, "duration": 33.76338171958923}, "current_params": {"N": 300, "isd": 1.3292125827271912, "isd2": 3.3440016367049696, "iss": 0.00016589787466019283, "leak": 0.1, "ridge": 4.218229458140958e-08, "sr": 0.0001728692314380095}}