{"returned_dict": {"loss": 2.723056971131232, "Accuracy": 0.8763887458844509, "F1": 0.7833667230653459, "Lev. sim.": 0.49629394609577904, "status": "ok", "start_time": 1614601546.2536545, "duration": 33.286054611206055}, "current_params": {"N": 300, "isd": 0.00043734821174881244, "isd2": 0.15864910024685047, "iss": 0.2894019510003793, "leak": 0.1, "ridge": 1.0058029321478121e-06, "sr": 1.0228061263713643e-05}}