{"returned_dict": {"loss": 2.720663636662675, "Accuracy": 0.9059062856913448, "F1": 0.8188984992662245, "Lev. sim.": 0.49721650009033763, "status": "ok", "start_time": 1614598401.0875158, "duration": 33.39690399169922}, "current_params": {"N": 300, "isd": 4.480464364217247, "isd2": 3.269255181902784e-05, "iss": 6.613290330552857, "leak": 0.1, "ridge": 0.0016730628525157777, "sr": 0.00019074976376566542}}