{"returned_dict": {"loss": 2.7218343680611343, "Accuracy": 0.9041587764009821, "F1": 0.8170100152015053, "Lev. sim.": 0.4999227791391593, "status": "ok", "start_time": 1614605906.5710177, "duration": 32.8582067489624}, "current_params": {"N": 300, "isd": 0.0700314121948182, "isd2": 0.307652056048664, "iss": 0.20404191369331448, "leak": 0.1, "ridge": 0.09540592721291591, "sr": 0.5380859890593408}}