{"returned_dict": {"loss": 2.725341152534548, "Accuracy": 0.8870622089665721, "F1": 0.7894090223545959, "Lev. sim.": 0.49548124115029946, "status": "ok", "start_time": 1614605069.9973605, "duration": 33.40179181098938}, "current_params": {"N": 300, "isd": 0.03698329990857756, "isd2": 0.1466451317735284, "iss": 0.7678589882021594, "leak": 0.1, "ridge": 1.993645923958153e-06, "sr": 0.011324199300747913}}