{"returned_dict": {"loss": 2.7203904557793095, "Accuracy": 0.8939062678596807, "F1": 0.7837763461879568, "Lev. sim.": 0.49130546741383896, "status": "ok", "start_time": 1614601220.1289241, "duration": 32.86081647872925}, "current_params": {"N": 300, "isd": 0.4837994892746211, "isd2": 2.0424737164272213, "iss": 0.1180424541445589, "leak": 0.1, "ridge": 0.3414355511064152, "sr": 0.0008798769268289902}}