{"returned_dict": {"loss": 2.728029706823743, "Accuracy": 0.8934746007577831, "F1": 0.7806067858999495, "Lev. sim.": 0.48728101361164083, "status": "ok", "start_time": 1614601934.8889458, "duration": 33.470587491989136}, "current_params": {"N": 300, "isd": 3.5544742935533545e-05, "isd2": 0.952582963695019, "iss": 0.05115567044822088, "leak": 0.1, "ridge": 1.7381232557176367e-06, "sr": 0.33179954021893726}}