{"returned_dict": {"loss": 2.7297298269251753, "Accuracy": 0.9045569535991538, "F1": 0.8256560084344946, "Lev. sim.": 0.4999736828580805, "status": "ok", "start_time": 1614601479.2268977, "duration": 33.55769157409668}, "current_params": {"N": 300, "isd": 1.9499850286801933e-05, "isd2": 5.1561433486815025, "iss": 0.4131334602389797, "leak": 0.1, "ridge": 1.435476795673827e-08, "sr": 0.9707385678669813}}