{"returned_dict": {"loss": 2.7234670183755503, "Accuracy": 0.8985388281866118, "F1": 0.8192454562057756, "Lev. sim.": 0.49452876429137155, "status": "ok", "start_time": 1614597906.6584444, "duration": 33.410133361816406}, "current_params": {"N": 300, "isd": 0.15840876538411983, "isd2": 0.0019075939520962052, "iss": 1.2177626043593364, "leak": 0.1, "ridge": 1.81075562061213e-05, "sr": 0.6023480392124894}}