{"returned_dict": {"loss": 2.7246343237344166, "Accuracy": 0.890234014738196, "F1": 0.810443336498391, "Lev. sim.": 0.4978445726160077, "status": "ok", "start_time": 1614597836.2738955, "duration": 33.11806344985962}, "current_params": {"N": 300, "isd": 0.03813508173588441, "isd2": 7.895703932391574, "iss": 7.0504569388517515, "leak": 0.1, "ridge": 6.109203670321195e-05, "sr": 0.032412017126269684}}