{"returned_dict": {"loss": 2.7360135323735095, "Accuracy": 0.9100717236960731, "F1": 0.8320502123518493, "Lev. sim.": 0.4855767420603404, "status": "ok", "start_time": 1614601613.736598, "duration": 33.69174027442932}, "current_params": {"N": 300, "isd": 5.832783140676946, "isd2": 0.0016991073231614176, "iss": 0.11698928062211732, "leak": 0.1, "ridge": 0.09668447393631092, "sr": 0.0005092282781897782}}