{"returned_dict": {"loss": 2.7339393109445047, "Accuracy": 0.9086374553933483, "F1": 0.8353579948740292, "Lev. sim.": 0.5055897651280311, "status": "ok", "start_time": 1614598682.5907056, "duration": 34.571489095687866}, "current_params": {"N": 300, "isd": 4.876156082270148, "isd2": 0.0022667372034209654, "iss": 3.4968995780484744, "leak": 0.1, "ridge": 3.7102661790782075e-09, "sr": 3.5348571016989165}}