{"returned_dict": {"loss": 2.7322412358189276, "Accuracy": 0.8832054047235566, "F1": 0.7809901410724569, "Lev. sim.": 0.48915542366166165, "status": "ok", "start_time": 1614597448.8333135, "duration": 32.86577296257019}, "current_params": {"N": 300, "isd": 0.028795561984804898, "isd2": 0.05707262810552565, "iss": 0.4722298576869264, "leak": 0.1, "ridge": 7.098157437985165e-06, "sr": 2.5867626731644082e-05}}