{"returned_dict": {"loss": 2.7337208000962026, "Accuracy": 0.9117612870774188, "F1": 0.832614486617968, "Lev. sim.": 0.4974058567722438, "status": "ok", "start_time": 1614604488.3813999, "duration": 34.0048770904541}, "current_params": {"N": 300, "isd": 8.759937306184323, "isd2": 2.4777752788390535, "iss": 0.40766836858533445, "leak": 0.1, "ridge": 1.9475111511328395e-07, "sr": 0.12431944911171941}}