{"returned_dict": {"loss": 2.7394889862157386, "Accuracy": 0.8842193389890862, "F1": 0.7526940080288704, "Lev. sim.": 0.4737273981993705, "status": "ok", "start_time": 1614597524.0010593, "duration": 33.581727504730225}, "current_params": {"N": 300, "isd": 0.00021392519140187635, "isd2": 0.15822250244193953, "iss": 0.01628718453522299, "leak": 0.1, "ridge": 6.780431301335022e-09, "sr": 0.0524242659063528}}