{"returned_dict": {"loss": 2.7345690211937255, "Accuracy": 0.8911287447976894, "F1": 0.8174906311032076, "Lev. sim.": 0.4962919996398362, "status": "ok", "start_time": 1614598262.359379, "duration": 33.64749217033386}, "current_params": {"N": 300, "isd": 0.0036739442000985625, "isd2": 0.03589609003247888, "iss": 1.5727577204687921, "leak": 0.1, "ridge": 1.1683350283485925e-06, "sr": 1.1157845515679328}}