{"returned_dict": {"loss": 2.735214639424582, "Accuracy": 0.8849111633477932, "F1": 0.7857473396545137, "Lev. sim.": 0.4913459098491657, "status": "ok", "start_time": 1614599583.5853703, "duration": 33.73440933227539}, "current_params": {"N": 300, "isd": 0.2430332896559652, "isd2": 0.42680690760544604, "iss": 2.8383547063879035, "leak": 0.1, "ridge": 1.8392870666372528e-05, "sr": 0.0020067813017826184}}