{"returned_dict": {"loss": 2.732624809218691, "Accuracy": 0.8977789438402558, "F1": 0.7902421910288592, "Lev. sim.": 0.489611151931962, "status": "ok", "start_time": 1614605349.4806294, "duration": 33.34335112571716}, "current_params": {"N": 300, "isd": 1.067932679682696, "isd2": 4.114505322799792, "iss": 0.07342278742882566, "leak": 0.1, "ridge": 7.920156641411475e-08, "sr": 1.6333502330315264e-05}}