{"returned_dict": {"loss": 2.733448784939633, "Accuracy": 0.888529228395541, "F1": 0.790342100032717, "Lev. sim.": 0.47507656342885207, "status": "ok", "start_time": 1614602375.406801, "duration": 33.75990390777588}, "current_params": {"N": 300, "isd": 0.26319147128724096, "isd2": 0.00014831386114169613, "iss": 1.5376288342575153, "leak": 0.1, "ridge": 0.5290168191395695, "sr": 0.0018958703068520137}}