{"returned_dict": {"loss": 2.732581687944965, "Accuracy": 0.8952211403482433, "F1": 0.8059320438985793, "Lev. sim.": 0.4925712845790137, "status": "ok", "start_time": 1614601832.5608234, "duration": 33.003201961517334}, "current_params": {"N": 300, "isd": 0.011104843936965482, "isd2": 8.048898440387469e-05, "iss": 0.05718148242139985, "leak": 0.1, "ridge": 2.136634411148627e-09, "sr": 0.08810134652677747}}