{"returned_dict": {"loss": 2.7406975423676436, "Accuracy": 0.9020588885148854, "F1": 0.8201728194686675, "Lev. sim.": 0.49813051399956015, "status": "ok", "start_time": 1614599617.3219159, "duration": 33.05936789512634}, "current_params": {"N": 300, "isd": 0.07959018396381895, "isd2": 8.441618000822184e-05, "iss": 0.0001633054556750374, "leak": 0.1, "ridge": 5.8774993503915615e-09, "sr": 0.49253444607278574}}