{"returned_dict": {"loss": 2.7404929512122616, "Accuracy": 0.9078539634788662, "F1": 0.8251323474804014, "Lev. sim.": 0.48141446229076285, "status": "ok", "start_time": 1614599722.848138, "duration": 33.58024597167969}, "current_params": {"N": 300, "isd": 4.307450157391815, "isd2": 0.0015640140979745801, "iss": 0.025544821493379263, "leak": 0.1, "ridge": 7.92357155802418e-09, "sr": 0.00018467500969002792}}