{"returned_dict": {"loss": 2.745368237303107, "Accuracy": 0.9076049005150347, "F1": 0.824742398600207, "Lev. sim.": 0.4811028264606132, "status": "ok", "start_time": 1614598434.4862463, "duration": 33.994194984436035}, "current_params": {"N": 300, "isd": 5.394578586264787, "isd2": 0.0023618429838146173, "iss": 0.028442514392310665, "leak": 0.1, "ridge": 4.473545032939961e-08, "sr": 0.028895311162455885}}