{"returned_dict": {"loss": 2.747756163516358, "Accuracy": 0.8940030327067652, "F1": 0.8066117577360499, "Lev. sim.": 0.48962548304966713, "status": "ok", "start_time": 1614601446.170609, "duration": 33.05424427986145}, "current_params": {"N": 300, "isd": 0.2297637117814582, "isd2": 0.0009860865401607737, "iss": 0.45225816163719856, "leak": 0.1, "ridge": 6.973301754904975e-09, "sr": 1.2833543922244204}}