{"returned_dict": {"loss": 2.7488902774680954, "Accuracy": 0.8949460380104076, "F1": 0.780614277472113, "Lev. sim.": 0.475483394587902, "status": "ok", "start_time": 1614606688.1627347, "duration": 34.61393094062805}, "current_params": {"N": 300, "isd": 0.768042207639916, "isd2": 0.15620258488181266, "iss": 0.006946530042419786, "leak": 0.1, "ridge": 1.4314012984035278e-07, "sr": 0.022687477298690206}}