{"returned_dict": {"loss": 2.7452727134743626, "Accuracy": 0.8877956854613729, "F1": 0.7987371056143624, "Lev. sim.": 0.49166147532077986, "status": "ok", "start_time": 1614599446.2028973, "duration": 33.697882652282715}, "current_params": {"N": 300, "isd": 9.32779447859969e-05, "isd2": 4.664054477521776e-05, "iss": 0.11383096064081272, "leak": 0.1, "ridge": 7.778330327266573e-08, "sr": 0.14742503925627493}}