{"returned_dict": {"loss": 2.7419062166156523, "Accuracy": 0.9011178116705125, "F1": 0.7980822982731247, "Lev. sim.": 0.4882257361916447, "status": "ok", "start_time": 1614603582.0594487, "duration": 33.401386976242065}, "current_params": {"N": 300, "isd": 4.635669754259111, "isd2": 8.637283898812612, "iss": 0.0029510649841199867, "leak": 0.1, "ridge": 0.00027123471070204813, "sr": 9.572010438375687e-05}}