{"returned_dict": {"loss": 2.7483565029613373, "Accuracy": 0.890367638651315, "F1": 0.7923917433074499, "Lev. sim.": 0.4889495510378546, "status": "ok", "start_time": 1614599988.3028378, "duration": 33.43810749053955}, "current_params": {"N": 300, "isd": 0.18443926004757893, "isd2": 5.94195827806667, "iss": 0.3049168161663249, "leak": 0.1, "ridge": 0.025396836821881423, "sr": 0.28384509277893316}}