{"returned_dict": {"loss": 2.7453149297978134, "Accuracy": 0.8905965316978997, "F1": 0.7808740546002766, "Lev. sim.": 0.48352475697522984, "status": "ok", "start_time": 1614599515.5455492, "duration": 33.23938298225403}, "current_params": {"N": 300, "isd": 0.49692846107068805, "isd2": 3.8306784201218935, "iss": 0.04723402890261233, "leak": 0.1, "ridge": 7.4460890525923216e-09, "sr": 0.013732083530242132}}