{"returned_dict": {"loss": 2.745335265196331, "Accuracy": 0.9066462818435455, "F1": 0.8153266311323571, "Lev. sim.": 0.4800697968262274, "status": "ok", "start_time": 1614597022.148359, "duration": 34.08654713630676}, "current_params": {"N": 300, "isd": 3.187216348531548, "isd2": 0.5752888448341194, "iss": 4.953312100446135e-05, "leak": 0.1, "ridge": 1.892720848682373e-09, "sr": 7.879521515804311e-05}}