{"returned_dict": {"loss": 2.74692420011798, "Accuracy": 0.8842447756256437, "F1": 0.7844827197745927, "Lev. sim.": 0.4739630896282936, "status": "ok", "start_time": 1614602169.411797, "duration": 34.014262199401855}, "current_params": {"N": 300, "isd": 0.004028617276565366, "isd2": 0.00010613491342511393, "iss": 0.03775315942828474, "leak": 0.1, "ridge": 3.158112449569036e-09, "sr": 0.00022571354582762892}}