{"returned_dict": {"loss": 2.7472222081313675, "Accuracy": 0.8854587587366739, "F1": 0.7875420366775064, "Lev. sim.": 0.4884835667955237, "status": "ok", "start_time": 1614600967.6977336, "duration": 33.58725619316101}, "current_params": {"N": 300, "isd": 0.00021108971253046713, "isd2": 5.295725005572158, "iss": 0.3143781988782925, "leak": 0.1, "ridge": 4.972597433680989e-09, "sr": 1.0428814848430439e-05}}