{"returned_dict": {"loss": 2.748479375959158, "Accuracy": 0.9042907410880554, "F1": 0.8349608870948177, "Lev. sim.": 0.4956146823511795, "status": "ok", "start_time": 1614603480.2340996, "duration": 33.68874931335449}, "current_params": {"N": 300, "isd": 2.4287831731645664, "isd2": 0.08950927968636162, "iss": 0.005606656450088511, "leak": 0.1, "ridge": 1.0008639954935672e-09, "sr": 1.579882441877379}}