{"returned_dict": {"loss": 2.749734664077973, "Accuracy": 0.8705733910990563, "F1": 0.770723368290397, "Lev. sim.": 0.48967050635939885, "status": "ok", "start_time": 1614598090.6796582, "duration": 33.394800662994385}, "current_params": {"N": 300, "isd": 0.023041557407505003, "isd2": 0.298217423567005, "iss": 2.510931067801044, "leak": 0.1, "ridge": 0.000743376268556191, "sr": 0.015721232993800533}}