{"returned_dict": {"loss": 2.747315359064637, "Accuracy": 0.893987849878315, "F1": 0.778852258351171, "Lev. sim.": 0.4687587876362909, "status": "ok", "start_time": 1614606009.8062794, "duration": 38.379266023635864}, "current_params": {"N": 300, "isd": 1.1260235341046256, "isd2": 0.42305172952664566, "iss": 0.005793360429762211, "leak": 0.1, "ridge": 4.1063278336531045e-09, "sr": 4.3859493359668116e-05}}