{"returned_dict": {"loss": 2.743117303438326, "Accuracy": 0.8911548888859311, "F1": 0.8004928329937888, "Lev. sim.": 0.4865077117875328, "status": "ok", "start_time": 1614603844.306577, "duration": 33.72817087173462}, "current_params": {"N": 300, "isd": 0.6932777430545646, "isd2": 0.001937751991240117, "iss": 4.345561660301858, "leak": 0.1, "ridge": 0.004223961745922421, "sr": 0.8382747893909152}}