{"returned_dict": {"loss": 2.745491949556199, "Accuracy": 0.9042737511877675, "F1": 0.8125769199827351, "Lev. sim.": 0.477508859810203, "status": "ok", "start_time": 1614604174.1744385, "duration": 35.598841428756714}, "current_params": {"N": 300, "isd": 3.434107234053424, "isd2": 0.005930289720909606, "iss": 0.0002136129121312053, "leak": 0.1, "ridge": 7.933363606138534e-06, "sr": 0.00011496698422718865}}