{"returned_dict": {"loss": 2.7491444449722344, "Accuracy": 0.8866375316011659, "F1": 0.8088845717117277, "Lev. sim.": 0.49088407845456816, "status": "ok", "start_time": 1614598717.1637774, "duration": 34.227466106414795}, "current_params": {"N": 300, "isd": 3.331360598295792e-05, "isd2": 0.00031510169693039873, "iss": 3.79387602165987, "leak": 0.1, "ridge": 4.216634158725949e-06, "sr": 1.7481319839509344}}