{"returned_dict": {"loss": 2.757087126044486, "Accuracy": 0.8917011074019978, "F1": 0.7979026383953449, "Lev. sim.": 0.48860830037540054, "status": "ok", "start_time": 1614599044.437993, "duration": 33.751144886016846}, "current_params": {"N": 300, "isd": 0.0010933934723438524, "isd2": 0.0005540133945798705, "iss": 0.05117965382371853, "leak": 0.1, "ridge": 3.323820903126734e-07, "sr": 0.1751408127689824}}