{"returned_dict": {"loss": 2.7528003946027275, "Accuracy": 0.8771568317191791, "F1": 0.7776750035378235, "Lev. sim.": 0.4747266861553947, "status": "ok", "start_time": 1614605103.401658, "duration": 34.15535831451416}, "current_params": {"N": 300, "isd": 0.062443766390101726, "isd2": 0.00818992217483637, "iss": 1.5380625527799543, "leak": 0.1, "ridge": 6.214437488218149e-06, "sr": 0.019707211919655097}}