{"returned_dict": {"loss": 2.754441313229062, "Accuracy": 0.8836138136164836, "F1": 0.7833582921117757, "Lev. sim.": 0.4811780329001225, "status": "ok", "start_time": 1614599237.7654572, "duration": 34.03338575363159}, "current_params": {"N": 300, "isd": 0.0012214822092101987, "isd2": 0.0008046794172839264, "iss": 0.06779656735671565, "leak": 0.1, "ridge": 1.9181890333704214e-07, "sr": 0.022281603415114346}}