{"returned_dict": {"loss": 2.7589785998866887, "Accuracy": 0.8960022759994093, "F1": 0.7960688075995825, "Lev. sim.": 0.4830337780551816, "status": "ok", "start_time": 1614604421.131165, "duration": 33.38870668411255}, "current_params": {"N": 300, "isd": 0.028704136471596305, "isd2": 0.0012296533417267346, "iss": 0.0059950219395834385, "leak": 0.1, "ridge": 9.437126679643726e-09, "sr": 0.43946287475494444}}