{"returned_dict": {"loss": 2.753071608153868, "Accuracy": 0.9011355236026468, "F1": 0.8160758378019033, "Lev. sim.": 0.4970057219826443, "status": "ok", "start_time": 1614606940.881447, "duration": 33.025322675704956}, "current_params": {"N": 300, "isd": 0.013498305913471348, "isd2": 4.659051605014894, "iss": 4.034290730910159e-05, "leak": 0.1, "ridge": 1.2361655875573785e-09, "sr": 1.1367294618780812}}