{"returned_dict": {"loss": 2.7563898395269226, "Accuracy": 0.8871311457900115, "F1": 0.750611234885971, "Lev. sim.": 0.4677489129781945, "status": "ok", "start_time": 1614606396.0307453, "duration": 35.73369216918945}, "current_params": {"N": 300, "isd": 0.20953953747763304, "isd2": 0.09425342963823206, "iss": 0.031361341902804304, "leak": 0.1, "ridge": 0.0006009125117182272, "sr": 0.00024575558571787574}}