{"returned_dict": {"loss": 2.754170949474157, "Accuracy": 0.874532757515141, "F1": 0.7776479874023874, "Lev. sim.": 0.4859494903205289, "status": "ok", "start_time": 1614600404.8703597, "duration": 33.661147117614746}, "current_params": {"N": 300, "isd": 4.0160733857675666e-05, "isd2": 0.019212192674324557, "iss": 0.5534279532562898, "leak": 0.1, "ridge": 4.25421130751039e-08, "sr": 0.03253762778462727}}