{"returned_dict": {"loss": 2.752453115370885, "Accuracy": 0.8946778010995047, "F1": 0.7919090792950285, "Lev. sim.": 0.4825158423862789, "status": "ok", "start_time": 1614597056.2365582, "duration": 33.5281183719635}, "current_params": {"N": 300, "isd": 0.030162066001744762, "isd2": 0.00019442696564787968, "iss": 0.0006487539912013651, "leak": 0.1, "ridge": 1.7115328276445633e-09, "sr": 0.15638263826272755}}