{"returned_dict": {"loss": 2.7547188550020048, "Accuracy": 0.9046993212318822, "F1": 0.8149831110980115, "Lev. sim.": 0.4763585528734726, "status": "ok", "start_time": 1614600578.0708427, "duration": 33.66692566871643}, "current_params": {"N": 300, "isd": 4.391234106900158, "isd2": 0.0002124163000051788, "iss": 0.00042253852499868886, "leak": 0.1, "ridge": 7.856839125851458e-09, "sr": 0.001211564433840948}}