{"returned_dict": {"loss": 2.750886356056802, "Accuracy": 0.869074281526836, "F1": 0.7407391152608604, "Lev. sim.": 0.4748891263097243, "status": "ok", "start_time": 1614607436.8295286, "duration": 33.49079966545105}, "current_params": {"N": 300, "isd": 0.09550763576468374, "isd2": 0.8375735590449845, "iss": 0.010221677326839068, "leak": 0.1, "ridge": 5.759223600772714e-07, "sr": 2.146334404907732e-05}}