{"returned_dict": {"loss": 2.752465645995813, "Accuracy": 0.908623172182603, "F1": 0.8342726407169747, "Lev. sim.": 0.4835267445119995, "status": "ok", "start_time": 1614600438.5332932, "duration": 33.637042760849}, "current_params": {"N": 300, "isd": 5.116916972297665, "isd2": 0.22583867629393156, "iss": 0.00038306844298444017, "leak": 0.1, "ridge": 4.1233435999064526e-06, "sr": 0.532970264781003}}