{"returned_dict": {"loss": 2.7595232129924754, "Accuracy": 0.8744468792526332, "F1": 0.7740569189567746, "Lev. sim.": 0.47483702026985963, "status": "ok", "start_time": 1614597239.326761, "duration": 34.355238914489746}, "current_params": {"N": 300, "isd": 0.11491002386903255, "isd2": 0.000356941497846289, "iss": 2.5805825991747557, "leak": 0.1, "ridge": 2.02205606416144e-07, "sr": 0.003414670754415231}}