{"returned_dict": {"loss": 2.7581440212182033, "Accuracy": 0.8761076044319351, "F1": 0.7768748632611453, "Lev. sim.": 0.46976044748574497, "status": "ok", "start_time": 1614604728.0318782, "duration": 33.76253819465637}, "current_params": {"N": 300, "isd": 0.0217116035710591, "isd2": 2.4151323784890754e-05, "iss": 0.8888215199647842, "leak": 0.1, "ridge": 0.1210090768692163, "sr": 0.035522421059096046}}