{"returned_dict": {"loss": 2.757507834563219, "Accuracy": 0.8629594375044606, "F1": 0.7617234398913206, "Lev. sim.": 0.48903915187616126, "status": "ok", "start_time": 1614604283.914072, "duration": 33.26799654960632}, "current_params": {"N": 300, "isd": 0.00013588860286269932, "isd2": 0.04518202545215078, "iss": 0.7573050525228749, "leak": 0.1, "ridge": 4.976179439490617e-09, "sr": 1.5318687870833788e-05}}