{"returned_dict": {"loss": 2.756731178096005, "Accuracy": 0.8831858931446452, "F1": 0.7684342814164323, "Lev. sim.": 0.48417073615314254, "status": "ok", "start_time": 1614601001.2868555, "duration": 33.14083409309387}, "current_params": {"N": 300, "isd": 0.00045190404371510753, "isd2": 2.4590453009431035, "iss": 0.02698898660868454, "leak": 0.1, "ridge": 0.5245431011026748, "sr": 0.05462572332378741}}