{"returned_dict": {"loss": 2.75537166417129, "Accuracy": 0.8839797606055597, "F1": 0.7819336935649343, "Lev. sim.": 0.48637830892245837, "status": "ok", "start_time": 1614603413.55082, "duration": 33.26241898536682}, "current_params": {"N": 300, "isd": 0.0017148839947336738, "isd2": 0.004925194637572535, "iss": 0.06299668145852189, "leak": 0.1, "ridge": 4.332179341007384e-07, "sr": 0.014161322516405412}}