{"returned_dict": {"loss": 2.7549757027143675, "Accuracy": 0.8745071788299906, "F1": 0.7880346914325242, "Lev. sim.": 0.4818345303663028, "status": "ok", "start_time": 1614599412.0585163, "duration": 34.142579317092896}, "current_params": {"N": 300, "isd": 2.9643925507677177e-05, "isd2": 0.00044957445007375117, "iss": 1.1989608038556647, "leak": 0.1, "ridge": 4.2132791451007327e-07, "sr": 0.19138787069204294}}