{"returned_dict": {"loss": 2.7535850670391766, "Accuracy": 0.8971049921918001, "F1": 0.791186225938438, "Lev. sim.": 0.4710518769047326, "status": "ok", "start_time": 1614605241.1332862, "duration": 34.265010356903076}, "current_params": {"N": 300, "isd": 1.9666175848534202, "isd2": 0.05020720193742024, "iss": 0.0003481834334181035, "leak": 0.1, "ridge": 2.7245722563738515e-09, "sr": 6.819097242605408e-05}}