{"returned_dict": {"loss": 2.755727370027204, "Accuracy": 0.9056710523668652, "F1": 0.8285280684885482, "Lev. sim.": 0.4788677420589066, "status": "ok", "start_time": 1614602341.3178856, "duration": 34.07979774475098}, "current_params": {"N": 300, "isd": 4.332061181353498, "isd2": 0.0010847013972644071, "iss": 0.00045397462595883566, "leak": 0.1, "ridge": 2.7047754776650443e-07, "sr": 0.4207585778473654}}