{"returned_dict": {"loss": 2.750670303593638, "Accuracy": 0.8969590439881021, "F1": 0.8043677124440418, "Lev. sim.": 0.4911462521091397, "status": "ok", "start_time": 1614605453.220212, "duration": 33.79917788505554}, "current_params": {"N": 300, "isd": 0.040751782547955966, "isd2": 3.5712157128536866e-05, "iss": 0.06539074244311349, "leak": 0.1, "ridge": 2.786762322065734e-05, "sr": 0.3960302274195952}}