{"returned_dict": {"loss": 2.7540204651989737, "Accuracy": 0.8879041152697271, "F1": 0.7679096972940501, "Lev. sim.": 0.4626716566331018, "status": "ok", "start_time": 1614606505.1148071, "duration": 34.10735464096069}, "current_params": {"N": 300, "isd": 0.23737395485855606, "isd2": 0.0007407382888911442, "iss": 0.009185641252333222, "leak": 0.1, "ridge": 1.836514550131511e-05, "sr": 0.006037607458278303}}