{"returned_dict": {"loss": 2.758763369775623, "Accuracy": 0.8926455311798609, "F1": 0.780897714467902, "Lev. sim.": 0.4572311812068163, "status": "ok", "start_time": 1614607220.7481105, "duration": 34.683048725128174}, "current_params": {"N": 300, "isd": 0.6754929891588322, "isd2": 2.249728718406278, "iss": 0.00012126202265403562, "leak": 0.1, "ridge": 1.0702610388334223e-09, "sr": 0.019875530262015294}}