{"returned_dict": {"loss": 2.754743365417254, "Accuracy": 0.906308376794677, "F1": 0.8238543412184534, "Lev. sim.": 0.4811099308272251, "status": "ok", "start_time": 1614602272.9024858, "duration": 34.21267652511597}, "current_params": {"N": 300, "isd": 8.279791073230234, "isd2": 0.0008273808419294751, "iss": 0.016677402084103437, "leak": 0.1, "ridge": 0.1376852930414474, "sr": 0.0035981622652837323}}