{"returned_dict": {"loss": 2.761056707542143, "Accuracy": 0.8858317749764322, "F1": 0.8031643804674372, "Lev. sim.": 0.4939797754958867, "status": "ok", "start_time": 1614605419.395964, "duration": 33.82188057899475}, "current_params": {"N": 300, "isd": 9.329813562575806e-05, "isd2": 0.37619180840961364, "iss": 1.0815589662663818, "leak": 0.1, "ridge": 9.257426534218651e-08, "sr": 1.6404502151641207}}