{"returned_dict": {"loss": 2.7667333683160518, "Accuracy": 0.8599677778899174, "F1": 0.7589227534767591, "Lev. sim.": 0.48130092639454736, "status": "ok", "start_time": 1614605770.8028564, "duration": 33.79629874229431}, "current_params": {"N": 300, "isd": 2.055441100226377e-05, "isd2": 0.001119498741593829, "iss": 1.0521462613194181, "leak": 0.1, "ridge": 5.2658311151372534e-08, "sr": 7.406066860563839e-05}}