{"returned_dict": {"loss": 2.7678551118435166, "Accuracy": 0.8648453888138479, "F1": 0.7074789298779312, "Lev. sim.": 0.47502817139754533, "status": "ok", "start_time": 1614600021.7431154, "duration": 33.418500661849976}, "current_params": {"N": 300, "isd": 3.894337357167475e-05, "isd2": 0.06958527282852907, "iss": 3.892595640937169e-05, "leak": 0.1, "ridge": 2.563347700998538e-08, "sr": 0.02633373438390702}}