{"returned_dict": {"loss": 2.7695254618698875, "Accuracy": 0.9018067747742344, "F1": 0.8152932221522413, "Lev. sim.": 0.4733039546392651, "status": "ok", "start_time": 1614599112.8377693, "duration": 34.33476376533508}, "current_params": {"N": 300, "isd": 8.70689752182121, "isd2": 2.0824602993315188e-05, "iss": 0.00018760154583384857, "leak": 0.1, "ridge": 5.014242729363338e-09, "sr": 0.004293151200524074}}