{"returned_dict": {"loss": 2.768186664824534, "Accuracy": 0.8914698234969964, "F1": 0.7746768952152306, "Lev. sim.": 0.46422445250246386, "status": "ok", "start_time": 1614600792.8814664, "duration": 33.6128466129303}, "current_params": {"N": 300, "isd": 1.168982118338724, "isd2": 0.014031823249042204, "iss": 0.002911820742841569, "leak": 0.1, "ridge": 2.181257176606143e-05, "sr": 0.005055765515769144}}