{"returned_dict": {"loss": 2.7603317330130728, "Accuracy": 0.884456173670376, "F1": 0.7819005582693089, "Lev. sim.": 0.47625054568099207, "status": "ok", "start_time": 1614604590.9286222, "duration": 34.19823479652405}, "current_params": {"N": 300, "isd": 1.8911769007246841, "isd2": 0.028208566095155024, "iss": 8.860385696317973, "leak": 0.1, "ridge": 0.046227017437934406, "sr": 0.006764781192372686}}