{"returned_dict": {"loss": 2.7658855473549835, "Accuracy": 0.88536084699317, "F1": 0.7876306940170196, "Lev. sim.": 0.48182089120873195, "status": "ok", "start_time": 1614603513.9249396, "duration": 34.40127348899841}, "current_params": {"N": 300, "isd": 0.04172578030035426, "isd2": 6.585094099698202e-05, "iss": 0.3575298711764821, "leak": 0.1, "ridge": 0.09131576905225318, "sr": 0.2393921614171627}}