{"returned_dict": {"loss": 2.763867334023607, "Accuracy": 0.8704353714582973, "F1": 0.7376701908738902, "Lev. sim.": 0.47515017487131395, "status": "ok", "start_time": 1614598367.878852, "duration": 33.20666480064392}, "current_params": {"N": 300, "isd": 0.13320410370747465, "isd2": 0.7811996715183509, "iss": 0.0016008317666772395, "leak": 0.1, "ridge": 7.240322515747571e-07, "sr": 0.0005073324591093299}}