{"returned_dict": {"loss": 2.763240886504783, "Accuracy": 0.9048865363644634, "F1": 0.8211633380848287, "Lev. sim.": 0.4783463275898542, "status": "ok", "start_time": 1614601252.9917848, "duration": 34.24416136741638}, "current_params": {"N": 300, "isd": 8.959511746064035, "isd2": 0.0003177660036584302, "iss": 0.035421316861227084, "leak": 0.1, "ridge": 1.9332386189002635e-06, "sr": 0.23634294424308464}}