{"returned_dict": {"loss": 2.762574416151602, "Accuracy": 0.8691028571967532, "F1": 0.7649218105852839, "Lev. sim.": 0.4781112129317068, "status": "ok", "start_time": 1614600899.8999567, "duration": 34.15377688407898}, "current_params": {"N": 300, "isd": 0.0002592889993622061, "isd2": 0.00014752439565795064, "iss": 0.46623476760234256, "leak": 0.1, "ridge": 3.301133352115587e-09, "sr": 1.0334534598902942e-05}}