{"returned_dict": {"loss": 2.7679792710146187, "Accuracy": 0.8654815226810413, "F1": 0.771980692452215, "Lev. sim.": 0.4731482432968246, "status": "ok", "start_time": 1614603770.1900117, "duration": 33.66543507575989}, "current_params": {"N": 300, "isd": 8.348672198685388e-05, "isd2": 4.985312166929564e-05, "iss": 0.30963145423009214, "leak": 0.1, "ridge": 1.5190976511457844e-06, "sr": 0.024630373294364783}}