{"returned_dict": {"loss": 2.766352870059908, "Accuracy": 0.8642939703102227, "F1": 0.7697483752688239, "Lev. sim.": 0.46847469510467554, "status": "ok", "start_time": 1614598577.5311184, "duration": 34.27692008018494}, "current_params": {"N": 300, "isd": 0.0003192654393862667, "isd2": 0.005864000697363472, "iss": 1.896115281884799, "leak": 0.1, "ridge": 0.0026673804198294754, "sr": 0.05601339965884716}}