{"returned_dict": {"loss": 2.7666826462766956, "Accuracy": 0.8672691681393216, "F1": 0.7653245205316297, "Lev. sim.": 0.4755466852662306, "status": "ok", "start_time": 1614604900.0669296, "duration": 33.80861759185791}, "current_params": {"N": 300, "isd": 0.000563930549192889, "isd2": 0.00010020817347897153, "iss": 2.1594034318719624, "leak": 0.1, "ridge": 3.661307979717799e-08, "sr": 0.00013531128724087802}}