{"returned_dict": {"loss": 2.7653345365297723, "Accuracy": 0.9029422694878599, "F1": 0.8195835554227143, "Lev. sim.": 0.4731298354476133, "status": "ok", "start_time": 1614602553.1477757, "duration": 34.50804305076599}, "current_params": {"N": 300, "isd": 5.806198281378123, "isd2": 6.767907820392756e-05, "iss": 1.3279101270461797e-05, "leak": 0.1, "ridge": 1.443450068944321e-08, "sr": 0.11346374514555434}}