{"returned_dict": {"loss": 2.7685292259079035, "Accuracy": 0.8526413588379436, "F1": 0.710121381992023, "Lev. sim.": 0.4760084878198946, "status": "ok", "start_time": 1614597696.5704594, "duration": 33.379108905792236}, "current_params": {"N": 300, "isd": 0.0005486880869399633, "isd2": 0.4026596106622964, "iss": 0.0023555009360244675, "leak": 0.1, "ridge": 2.240046388001784e-09, "sr": 0.0022665041968697275}}