{"returned_dict": {"loss": 2.7635425783782153, "Accuracy": 0.8653857743016321, "F1": 0.7440494409941925, "Lev. sim.": 0.4759575876126224, "status": "ok", "start_time": 1614603548.3283744, "duration": 33.72880458831787}, "current_params": {"N": 300, "isd": 0.0017805670421580872, "isd2": 1.0220115020581102, "iss": 0.005604561667587757, "leak": 0.1, "ridge": 9.765935931482584e-09, "sr": 0.0007329000987019854}}