{"returned_dict": {"loss": 2.7656764889740706, "Accuracy": 0.8616959015903678, "F1": 0.7616049149665182, "Lev. sim.": 0.4837467285194047, "status": "ok", "start_time": 1614599954.151509, "duration": 34.149441957473755}, "current_params": {"N": 300, "isd": 0.0017125156481611965, "isd2": 0.11841887794663823, "iss": 2.4613507287469005, "leak": 0.1, "ridge": 0.3674471614572521, "sr": 1.5085702521801756e-05}}