{"returned_dict": {"loss": 2.7652049017031106, "Accuracy": 0.8859556759946839, "F1": 0.7966575288943188, "Lev. sim.": 0.48607655364139496, "status": "ok", "start_time": 1614598194.820571, "duration": 33.44545936584473}, "current_params": {"N": 300, "isd": 3.7705911758017344e-05, "isd2": 1.0153526631665628, "iss": 2.395373124336784e-05, "leak": 0.1, "ridge": 0.9962432592295949, "sr": 1.2083883026652418}}