{"returned_dict": {"loss": 2.765507104310335, "Accuracy": 0.9031586349955484, "F1": 0.819604206945885, "Lev. sim.": 0.47324661042783706, "status": "ok", "start_time": 1614600652.103376, "duration": 34.13676857948303}, "current_params": {"N": 300, "isd": 6.508970633800791, "isd2": 0.013043422534766444, "iss": 8.607604216137905e-05, "leak": 0.1, "ridge": 4.0352158044140254e-07, "sr": 0.12457183566240816}}