{"returned_dict": {"loss": 2.7652416281679715, "Accuracy": 0.8583628718538272, "F1": 0.7290970912084445, "Lev. sim.": 0.47229270160316245, "status": "ok", "start_time": 1614604795.0906487, "duration": 33.330482959747314}, "current_params": {"N": 300, "isd": 0.002380218018656463, "isd2": 0.746667607931224, "iss": 0.0044314718392586645, "leak": 0.1, "ridge": 3.0435491216629152e-09, "sr": 5.880699154487685e-05}}