{"returned_dict": {"loss": 2.7678326446074752, "Accuracy": 0.8721087383101906, "F1": 0.7741668953692364, "Lev. sim.": 0.4813750857411561, "status": "ok", "start_time": 1614604250.053561, "duration": 33.8582706451416}, "current_params": {"N": 300, "isd": 0.00014538755456799374, "isd2": 0.00047206208464482395, "iss": 0.25891731943945034, "leak": 0.1, "ridge": 0.0008657035492627036, "sr": 0.06011013531286193}}