{"returned_dict": {"loss": 2.7652222664423283, "Accuracy": 0.878148257834529, "F1": 0.7647660746267053, "Lev. sim.": 0.47686522236736967, "status": "ok", "start_time": 1614601378.928184, "duration": 33.375184774398804}, "current_params": {"N": 300, "isd": 0.0006907902601793113, "isd2": 2.127552268616083, "iss": 0.0025433821895225876, "leak": 0.1, "ridge": 8.670313341164205e-08, "sr": 0.0025965099574004145}}