{"returned_dict": {"loss": 2.7601136479012034, "Accuracy": 0.8909289575271829, "F1": 0.7715466717480559, "Lev. sim.": 0.4672702328334946, "status": "ok", "start_time": 1614605554.3280134, "duration": 34.497093200683594}, "current_params": {"N": 300, "isd": 0.8725618467692823, "isd2": 1.0238654015328613e-05, "iss": 0.004576750219544566, "leak": 0.1, "ridge": 9.286842026774966e-06, "sr": 1.357419197595737e-05}}