{"returned_dict": {"loss": 2.7670730868585864, "Accuracy": 0.8598057152973704, "F1": 0.7575450178713142, "Lev. sim.": 0.4794441528010016, "status": "ok", "start_time": 1614599689.4136617, "duration": 33.432583808898926}, "current_params": {"N": 300, "isd": 6.393515910627456e-05, "isd2": 0.0015603803737048556, "iss": 0.7776151290797376, "leak": 0.1, "ridge": 4.6219782123006196e-07, "sr": 0.00025317598574402494}}