{"returned_dict": {"loss": 2.7679446360182522, "Accuracy": 0.9024672397265814, "F1": 0.8177219563191815, "Lev. sim.": 0.4757288773840336, "status": "ok", "start_time": 1614602307.1173353, "duration": 34.19117736816406}, "current_params": {"N": 300, "isd": 7.188712044551305, "isd2": 0.012262284559622527, "iss": 6.328265092142071e-05, "leak": 0.1, "ridge": 0.0027546420485321152, "sr": 0.008973445463783543}}