{"returned_dict": {"loss": 2.761132010237599, "Accuracy": 0.8913567753719887, "F1": 0.7815883814856173, "Lev. sim.": 0.4631026066822385, "status": "ok", "start_time": 1614598333.827168, "duration": 34.04996633529663}, "current_params": {"N": 300, "isd": 0.7448923845881533, "isd2": 3.5831476267897773, "iss": 1.894107143085752e-05, "leak": 0.1, "ridge": 7.855631602385598e-05, "sr": 0.0024686041403824705}}