{"returned_dict": {"loss": 2.7696377209052456, "Accuracy": 0.885738381671515, "F1": 0.7633122408899607, "Lev. sim.": 0.4763870137434655, "status": "ok", "start_time": 1614600934.055849, "duration": 33.639984369277954}, "current_params": {"N": 300, "isd": 0.03898592417674371, "isd2": 0.0014257145521696564, "iss": 0.0171709070632823, "leak": 0.1, "ridge": 3.9488010233605286e-07, "sr": 0.002360266109653839}}