{"returned_dict": {"loss": 2.7646307557858107, "Accuracy": 0.9024127574779603, "F1": 0.8191780923236618, "Lev. sim.": 0.4759714692997698, "status": "ok", "start_time": 1614606652.4172084, "duration": 35.74277114868164}, "current_params": {"N": 300, "isd": 5.017943328215884, "isd2": 0.00012241461193089842, "iss": 0.0006997656558421093, "leak": 0.1, "ridge": 2.9997209280963484e-05, "sr": 0.14409217560586232}}