{"returned_dict": {"loss": 2.7636980552113295, "Accuracy": 0.8832053303477869, "F1": 0.771292489264111, "Lev. sim.": 0.4780562269446113, "status": "ok", "start_time": 1614602203.428275, "duration": 33.597856760025024}, "current_params": {"N": 300, "isd": 0.03523336311188542, "isd2": 4.050072551786296, "iss": 0.0005674691258484724, "leak": 0.1, "ridge": 8.849393152611749e-09, "sr": 1.9436126057129258e-05}}