{"returned_dict": {"loss": 2.7673571305406925, "Accuracy": 0.868321997752688, "F1": 0.7387424718576701, "Lev. sim.": 0.4722384749186229, "status": "ok", "start_time": 1614603230.3686006, "duration": 32.88489842414856}, "current_params": {"N": 300, "isd": 0.10816374928223024, "isd2": 0.820503661873164, "iss": 0.001607038597440397, "leak": 0.1, "ridge": 1.09620219981592e-08, "sr": 0.00045059331900485536}}