{"returned_dict": {"loss": 2.768465248938468, "Accuracy": 0.900494815403435, "F1": 0.8150011067637657, "Lev. sim.": 0.4686163418517365, "status": "ok", "start_time": 1614602098.4671688, "duration": 33.98400592803955}, "current_params": {"N": 300, "isd": 4.52896285907409, "isd2": 0.00033125567014753385, "iss": 5.9264665374968915e-05, "leak": 0.1, "ridge": 6.9679558131695135e-09, "sr": 0.0038286903100624883}}