{"returned_dict": {"loss": 2.7663157755839505, "Accuracy": 0.8659963488548525, "F1": 0.7643683976748612, "Lev. sim.": 0.477211824146415, "status": "ok", "start_time": 1614604625.1366038, "duration": 33.868141412734985}, "current_params": {"N": 300, "isd": 1.0713604344794122e-05, "isd2": 2.373603102405077e-05, "iss": 0.14004443257826807, "leak": 0.1, "ridge": 1.6259022866400234e-08, "sr": 0.00028006642373015604}}