{"returned_dict": {"loss": 2.764065104783234, "Accuracy": 0.8687268571702317, "F1": 0.7674737379459462, "Lev. sim.": 0.4712122145945491, "status": "ok", "start_time": 1614603990.7803853, "duration": 34.288761377334595}, "current_params": {"N": 300, "isd": 0.0020705829088223113, "isd2": 2.2779216275973232e-05, "iss": 1.6477411289165746, "leak": 0.1, "ridge": 1.855082579724092e-09, "sr": 2.4072350948789617e-05}}