{"returned_dict": {"loss": 2.7622868649194254, "Accuracy": 0.8836537800662413, "F1": 0.7550482217298506, "Lev. sim.": 0.4567147528932788, "status": "ok", "start_time": 1614604866.2465098, "duration": 33.818098306655884}, "current_params": {"N": 300, "isd": 0.23551686761967852, "isd2": 0.0005460823271950314, "iss": 0.0010324431768781168, "leak": 0.1, "ridge": 6.8249159834594355e-06, "sr": 0.0005284515092905442}}