{"returned_dict": {"loss": 2.7668389377454705, "Accuracy": 0.8605289610489508, "F1": 0.7606914684741616, "Lev. sim.": 0.48157942578835844, "status": "ok", "start_time": 1614603446.8155186, "duration": 33.416348934173584}, "current_params": {"N": 300, "isd": 2.235852726263977e-05, "isd2": 0.0018188471446357623, "iss": 1.7883209257810735, "leak": 0.1, "ridge": 3.749538385364811e-09, "sr": 1.3575759085004643e-05}}