{"returned_dict": {"loss": 2.7636501128974325, "Accuracy": 0.8893233607440783, "F1": 0.783134581130715, "Lev. sim.": 0.4782853811132003, "status": "ok", "start_time": 1614598124.0760787, "duration": 33.30156326293945}, "current_params": {"N": 300, "isd": 1.9427489060277041, "isd2": 9.05097984865293, "iss": 0.06564434152767946, "leak": 0.1, "ridge": 5.2988419875619524e-08, "sr": 0.0017940834092005776}}