{"returned_dict": {"loss": 2.7735964271389357, "Accuracy": 0.883223685613261, "F1": 0.7755045054597666, "Lev. sim.": 0.4779479868567333, "status": "ok", "start_time": 1614603736.7580028, "duration": 33.42992281913757}, "current_params": {"N": 300, "isd": 0.4959520411333111, "isd2": 7.898096503629788, "iss": 0.05243679365683953, "leak": 0.1, "ridge": 1.1942586924883245e-07, "sr": 0.0005086498783413735}}