{"returned_dict": {"loss": 2.7799719037596007, "Accuracy": 0.8828780272992022, "F1": 0.7715508426839983, "Lev. sim.": 0.4590763498472449, "status": "ok", "start_time": 1614599798.0523412, "duration": 33.646955251693726}, "current_params": {"N": 300, "isd": 2.1853598163428568e-05, "isd2": 5.043277029873772, "iss": 0.010712382326305806, "leak": 0.1, "ridge": 1.2967971021533526e-08, "sr": 0.23388229662024748}}