{"returned_dict": {"loss": 2.7779005536227466, "Accuracy": 0.8501911055888571, "F1": 0.6962210217204, "Lev. sim.": 0.48224010068782236, "status": "ok", "start_time": 1614597415.042468, "duration": 33.78923273086548}, "current_params": {"N": 300, "isd": 0.004330647921674756, "isd2": 0.12384182121695367, "iss": 4.418368747736685e-05, "leak": 0.1, "ridge": 5.86790186138799e-07, "sr": 0.0005082649261971314}}