{"returned_dict": {"loss": 2.776564881166604, "Accuracy": 0.8816661993641493, "F1": 0.771063270759433, "Lev. sim.": 0.4730271697374892, "status": "ok", "start_time": 1614604350.0828156, "duration": 32.98538303375244}, "current_params": {"N": 300, "isd": 0.0008034639629595671, "isd2": 6.680647355667513, "iss": 0.02338346174829251, "leak": 0.1, "ridge": 0.1025548079289333, "sr": 1.9446642844167458e-05}}