{"returned_dict": {"loss": 2.773006917953161, "Accuracy": 0.8984212398579261, "F1": 0.8129356335667561, "Lev. sim.": 0.46540034727776974, "status": "ok", "start_time": 1614607470.3236403, "duration": 34.1340868473053}, "current_params": {"N": 300, "isd": 5.32820048502513, "isd2": 0.00022547454877594917, "iss": 4.338402324913998e-05, "leak": 0.1, "ridge": 0.0036497156712438843, "sr": 0.0008057426475192454}}