{"returned_dict": {"loss": 2.7764332658241884, "Accuracy": 0.880604667645137, "F1": 0.7447029885846019, "Lev. sim.": 0.4551874984150196, "status": "ok", "start_time": 1614606471.2774193, "duration": 33.8344407081604}, "current_params": {"N": 300, "isd": 0.21979056200605945, "isd2": 2.1721952985428507e-05, "iss": 0.0003763251713657223, "leak": 0.1, "ridge": 6.667922599584719e-05, "sr": 0.0001345653196596011}}