{"returned_dict": {"loss": 2.7730715442183156, "Accuracy": 0.8600887235015291, "F1": 0.7585661937899406, "Lev. sim.": 0.4809947838401838, "status": "ok", "start_time": 1614599010.5205503, "duration": 33.915668964385986}, "current_params": {"N": 300, "isd": 0.001821081739245441, "isd2": 0.10576646455286105, "iss": 3.515867921270029, "leak": 0.1, "ridge": 0.000838385853147474, "sr": 0.0019019431020106164}}