{"returned_dict": {"loss": 2.7756111506507843, "Accuracy": 0.8917641751069396, "F1": 0.7733749353033892, "Lev. sim.": 0.4796844516649865, "status": "ok", "start_time": 1614596790.1244614, "duration": 36.92393732070923}, "current_params": {"N": 300, "isd": 0.00994722444697099, "isd2": 0.02143555972466859, "iss": 0.0024692423369268367, "leak": 0.1, "ridge": 3.880705403725021e-09, "sr": 0.78150364469505}}