{"returned_dict": {"loss": 2.7734079530019184, "Accuracy": 0.8978020412331611, "F1": 0.8116508002016822, "Lev. sim.": 0.46357101415767604, "status": "ok", "start_time": 1614605001.4604506, "duration": 34.58887219429016}, "current_params": {"N": 300, "isd": 5.712557130982893, "isd2": 0.03635603522957351, "iss": 3.123665049799472e-05, "leak": 0.1, "ridge": 0.06301934860654525, "sr": 0.0006144798359248982}}