{"returned_dict": {"loss": 2.77334959441271, "Accuracy": 0.8868948897580907, "F1": 0.7704317336390013, "Lev. sim.": 0.44521987873708485, "status": "ok", "start_time": 1614601899.7810786, "duration": 35.105796575546265}, "current_params": {"N": 300, "isd": 0.5046878687888368, "isd2": 1.3029411703183256, "iss": 0.00013363913027068393, "leak": 0.1, "ridge": 4.391638323839556e-09, "sr": 0.024089532298929663}}