{"returned_dict": {"loss": 2.7762611252431926, "Accuracy": 0.8607495963646391, "F1": 0.7613945899083742, "Lev. sim.": 0.4699912940784878, "status": "ok", "start_time": 1614603158.6282883, "duration": 34.1050980091095}, "current_params": {"N": 300, "isd": 0.0005616796684493844, "isd2": 0.00033471381607753605, "iss": 3.317970131885356, "leak": 0.1, "ridge": 0.00028416829547128037, "sr": 0.0018061565265396662}}