{"returned_dict": {"loss": 2.7797274893771964, "Accuracy": 0.8683895557504819, "F1": 0.7759845865639231, "Lev. sim.": 0.4747421882451414, "status": "ok", "start_time": 1614601108.3172596, "duration": 34.184590578079224}, "current_params": {"N": 300, "isd": 0.10644064820298008, "isd2": 0.0024849416301869435, "iss": 6.528509320911537, "leak": 0.1, "ridge": 1.635844676215375e-08, "sr": 0.7728083535722853}}