{"returned_dict": {"loss": 2.7714767306810097, "Accuracy": 0.8846053348699334, "F1": 0.7562078931986355, "Lev. sim.": 0.47123990839034463, "status": "ok", "start_time": 1614597127.4245594, "duration": 33.808793783187866}, "current_params": {"N": 300, "isd": 0.04271139730674362, "isd2": 0.00031282050947054117, "iss": 0.0013918289014447402, "leak": 0.1, "ridge": 4.82460303338637e-08, "sr": 0.02542087345380699}}