{"returned_dict": {"loss": 2.7731847476074085, "Accuracy": 0.8852705593567827, "F1": 0.7600452764665818, "Lev. sim.": 0.46218099653872147, "status": "ok", "start_time": 1614601579.5416462, "duration": 34.19288468360901}, "current_params": {"N": 300, "isd": 0.3000062535491394, "isd2": 5.585410223872087e-05, "iss": 0.00031261994920903064, "leak": 0.1, "ridge": 1.215480090265495e-06, "sr": 0.003175554127290994}}