{"returned_dict": {"loss": 2.77519756239883, "Accuracy": 0.8991950213646163, "F1": 0.8092702356316961, "Lev. sim.": 0.46849094223477666, "status": "ok", "start_time": 1614597662.1140275, "duration": 34.45471262931824}, "current_params": {"N": 300, "isd": 9.068932421253251, "isd2": 0.11988536524248344, "iss": 5.319010481302178e-05, "leak": 0.1, "ridge": 0.0004734812030090934, "sr": 5.308795136296115e-05}}