{"returned_dict": {"loss": 2.7795095195033266, "Accuracy": 0.8615812640411725, "F1": 0.7370997048261282, "Lev. sim.": 0.46938766789405745, "status": "ok", "start_time": 1614604522.3887541, "duration": 33.61428761482239}, "current_params": {"N": 300, "isd": 0.00013064840604849916, "isd2": 0.9104053901510938, "iss": 0.0014464012118946175, "leak": 0.1, "ridge": 1.8120945977970507e-07, "sr": 4.247565265139375e-05}}