{"returned_dict": {"loss": 2.772143032827703, "Accuracy": 0.8828188710904443, "F1": 0.769148607083794, "Lev. sim.": 0.4706272990178319, "status": "ok", "start_time": 1614599343.621602, "duration": 34.02226448059082}, "current_params": {"N": 300, "isd": 0.003188342986241512, "isd2": 4.392795945125213, "iss": 0.004368395326501837, "leak": 0.1, "ridge": 3.381574332086794e-05, "sr": 0.01207842605114423}}