{"returned_dict": {"loss": 2.775833963529271, "Accuracy": 0.8596146508504263, "F1": 0.7570015748235166, "Lev. sim.": 0.476999570426753, "status": "ok", "start_time": 1614606973.9092789, "duration": 33.509894609451294}, "current_params": {"N": 300, "isd": 0.0015783250300533415, "isd2": 0.2129206378918928, "iss": 4.3629183912249445, "leak": 0.1, "ridge": 0.0037877957434921737, "sr": 0.007347315809155044}}