{"returned_dict": {"loss": 2.778345639175934, "Accuracy": 0.8941181491941872, "F1": 0.8062015513405658, "Lev. sim.": 0.49196674575684635, "status": "ok", "start_time": 1614600091.7477684, "duration": 33.43015909194946}, "current_params": {"N": 300, "isd": 0.0019032519778012474, "isd2": 6.926610666772347, "iss": 0.0061179768344125935, "leak": 0.1, "ridge": 0.0003543044736027593, "sr": 2.29927575769545}}