{"returned_dict": {"loss": 2.7745336123386086, "Accuracy": 0.8872111924412991, "F1": 0.7680913121339433, "Lev. sim.": 0.4545995576847601, "status": "ok", "start_time": 1614604025.0713189, "duration": 34.12710952758789}, "current_params": {"N": 300, "isd": 1.122974707658962, "isd2": 5.35524096272411e-05, "iss": 0.0010623877818657485, "leak": 0.1, "ridge": 1.8498330762588456e-05, "sr": 1.7417880606489387e-05}}