{"returned_dict": {"loss": 2.781907610539418, "Accuracy": 0.8541054634354426, "F1": 0.7473011232587985, "Lev. sim.": 0.47815246821644275, "status": "ok", "start_time": 1614606539.2250931, "duration": 34.61634182929993}, "current_params": {"N": 300, "isd": 8.972837408322224e-05, "isd2": 0.009911135648148234, "iss": 0.6843628852248292, "leak": 0.1, "ridge": 0.18650867758692394, "sr": 7.319544415909326e-05}}