{"returned_dict": {"loss": 2.7839628784679875, "Accuracy": 0.8918980305596269, "F1": 0.7872549307450325, "Lev. sim.": 0.456412382490615, "status": "ok", "start_time": 1614602872.0512857, "duration": 34.281028270721436}, "current_params": {"N": 300, "isd": 2.45660919889118, "isd2": 1.694763542568864e-05, "iss": 6.784449038087605e-05, "leak": 0.1, "ridge": 0.00010121265408974411, "sr": 5.960712481970013e-05}}