{"returned_dict": {"loss": 2.7837512459143974, "Accuracy": 0.8803540231797651, "F1": 0.7683154426366532, "Lev. sim.": 0.45859223277524797, "status": "ok", "start_time": 1614603340.2258358, "duration": 33.72525429725647}, "current_params": {"N": 300, "isd": 0.3857074005382027, "isd2": 6.798383228888324, "iss": 0.0014336811000358154, "leak": 0.1, "ridge": 0.0015836144291998964, "sr": 0.011894064081700828}}