{"returned_dict": {"loss": 2.789693670392487, "Accuracy": 0.8782878303670112, "F1": 0.7705951225295755, "Lev. sim.": 0.44304475657075243, "status": "ok", "start_time": 1614600159.5399177, "duration": 34.67983865737915}, "current_params": {"N": 300, "isd": 2.0902786992062916, "isd2": 0.16292402403111889, "iss": 2.437098785934143e-05, "leak": 0.1, "ridge": 6.063429170963324e-07, "sr": 0.001193678931950446}}