{"returned_dict": {"loss": 2.787404685396648, "Accuracy": 0.8744702508136963, "F1": 0.7639490701022003, "Lev. sim.": 0.44026270674333146, "status": "ok", "start_time": 1614599548.7868595, "duration": 34.79638195037842}, "current_params": {"N": 300, "isd": 0.12180334635279944, "isd2": 2.038701157205132, "iss": 1.4627244625004426e-05, "leak": 0.1, "ridge": 6.5333870952785666e-06, "sr": 0.12322330603691917}}