{"returned_dict": {"loss": 2.7805951129418522, "Accuracy": 0.8587827388328171, "F1": 0.712188975807982, "Lev. sim.": 0.4686253451684571, "status": "ok", "start_time": 1614600759.1723287, "duration": 33.70737600326538}, "current_params": {"N": 300, "isd": 0.010577285602945978, "isd2": 0.4687936902156039, "iss": 0.0004732159421661965, "leak": 0.1, "ridge": 1.9417082461973408e-08, "sr": 0.0072542189607681705}}