{"returned_dict": {"loss": 2.781071866922861, "Accuracy": 0.877535302302739, "F1": 0.7330062539590111, "Lev. sim.": 0.45674879267261514, "status": "ok", "start_time": 1614599377.6458127, "duration": 34.41042637825012}, "current_params": {"N": 300, "isd": 0.037304561941140936, "isd2": 1.3494791229615325e-05, "iss": 0.00902850104097361, "leak": 0.1, "ridge": 8.056198444971025e-08, "sr": 2.0889543217471218e-05}}