{"returned_dict": {"loss": 2.781685151024986, "Accuracy": 0.8894353173380007, "F1": 0.77272343189713, "Lev. sim.": 0.4502341282396709, "status": "ok", "start_time": 1614606906.027268, "duration": 34.85182189941406}, "current_params": {"N": 300, "isd": 2.140502133553715, "isd2": 0.0001940644955507039, "iss": 0.00029297602663668865, "leak": 0.1, "ridge": 3.3504586204630906e-08, "sr": 0.003321454322431784}}