{"returned_dict": {"loss": 2.7812366245231095, "Accuracy": 0.8833415736718029, "F1": 0.7647950744703301, "Lev. sim.": 0.45929908364896804, "status": "ok", "start_time": 1614602621.3146486, "duration": 34.827280044555664}, "current_params": {"N": 300, "isd": 0.0025382526116724756, "isd2": 2.0736755885044102, "iss": 0.004169328182291108, "leak": 0.1, "ridge": 0.014976031723242801, "sr": 0.2137652632638529}}