{"returned_dict": {"loss": 2.789211804324636, "Accuracy": 0.8739024266516262, "F1": 0.7618233184312535, "Lev. sim.": 0.45599334057681673, "status": "ok", "start_time": 1614597593.3513205, "duration": 34.683918476104736}, "current_params": {"N": 300, "isd": 0.11872644196586711, "isd2": 2.0343395993164632, "iss": 0.0006826537081380482, "leak": 0.1, "ridge": 0.007054800684893701, "sr": 0.0010650780595577488}}