{"returned_dict": {"loss": 2.7845737973259257, "Accuracy": 0.8594732568600192, "F1": 0.7580510111845099, "Lev. sim.": 0.46598732597931647, "status": "ok", "start_time": 1614598826.1211324, "duration": 33.96328520774841}, "current_params": {"N": 300, "isd": 0.0010458717601703913, "isd2": 0.09117785835329974, "iss": 5.789133713655466, "leak": 0.1, "ridge": 9.447205980675163e-06, "sr": 0.205554960988785}}