{"returned_dict": {"loss": 2.7843347156984786, "Accuracy": 0.8818788063277804, "F1": 0.7562234211787763, "Lev. sim.": 0.44093251795117683, "status": "ok", "start_time": 1614600543.6183295, "duration": 34.450610876083374}, "current_params": {"N": 300, "isd": 1.2508199204953794, "isd2": 0.6516258133642173, "iss": 0.0005154761415067295, "leak": 0.1, "ridge": 0.8408384827398672, "sr": 0.00679082546070177}}