{"returned_dict": {"loss": 2.781666132160945, "Accuracy": 0.867699687749192, "F1": 0.7761100223000367, "Lev. sim.": 0.47670088889862405, "status": "ok", "start_time": 1614606097.1543853, "duration": 36.56278586387634}, "current_params": {"N": 300, "isd": 2.9916204993889623e-05, "isd2": 0.010556296153557685, "iss": 6.826842032204062, "leak": 0.1, "ridge": 0.0005960573552743258, "sr": 0.8094618483878697}}