{"returned_dict": {"loss": 2.7829162990784093, "Accuracy": 0.8802391558844811, "F1": 0.7442327376113529, "Lev. sim.": 0.4645690409167799, "status": "ok", "start_time": 1614605939.43186, "duration": 35.3021559715271}, "current_params": {"N": 300, "isd": 0.0512896512008503, "isd2": 3.520250690307409e-05, "iss": 0.0002574319683570732, "leak": 0.1, "ridge": 2.130332921534337e-07, "sr": 0.022964955654566143}}