{"returned_dict": {"loss": 2.796518272686687, "Accuracy": 0.857046307631413, "F1": 0.7426528024106546, "Lev. sim.": 0.4659454599608107, "status": "ok", "start_time": 1614605974.7389624, "duration": 35.06427550315857}, "current_params": {"N": 300, "isd": 0.03407979630899737, "isd2": 0.0011577641263007387, "iss": 9.908967929353341, "leak": 0.1, "ridge": 1.1474143433579491e-05, "sr": 0.00017438403070083914}}