{"returned_dict": {"loss": 2.7915820759501235, "Accuracy": 0.8725704202276073, "F1": 0.7586173096042246, "Lev. sim.": 0.45089407018432964, "status": "ok", "start_time": 1614604693.7848566, "duration": 34.24448871612549}, "current_params": {"N": 300, "isd": 0.00640672878519337, "isd2": 5.902091389042768, "iss": 2.5886142884251508e-05, "leak": 0.1, "ridge": 0.020347895605528483, "sr": 2.0786824469505783e-05}}