{"returned_dict": {"loss": 2.7992731856014297, "Accuracy": 0.8707068477139112, "F1": 0.7716313778905668, "Lev. sim.": 0.44513027253366577, "status": "ok", "start_time": 1614604659.0075972, "duration": 34.77485728263855}, "current_params": {"N": 300, "isd": 4.7976394975991884e-05, "isd2": 1.3889710975790641, "iss": 6.041512930318572e-05, "leak": 0.1, "ridge": 0.0003635200502980994, "sr": 0.3491887376571687}}