{"returned_dict": {"loss": 2.7968205994380986, "Accuracy": 0.8528450614593988, "F1": 0.7434792831069801, "Lev. sim.": 0.47130638744470127, "status": "ok", "start_time": 1614601865.566514, "duration": 34.212555170059204}, "current_params": {"N": 300, "isd": 0.005514449657094239, "isd2": 0.2790973839404021, "iss": 9.076776687635112, "leak": 0.1, "ridge": 7.211527324057483e-05, "sr": 5.2898055155306186e-05}}