{"returned_dict": {"loss": 2.795444770388283, "Accuracy": 0.8572532864462235, "F1": 0.7433849892020181, "Lev. sim.": 0.4671615449346948, "status": "ok", "start_time": 1614606722.7800086, "duration": 34.6498920917511}, "current_params": {"N": 300, "isd": 0.009138587970370638, "isd2": 0.0004784524620081803, "iss": 9.287866207705191, "leak": 0.1, "ridge": 1.2575400694859844e-05, "sr": 0.00043830707758176174}}