{"returned_dict": {"loss": 2.7920152459886953, "Accuracy": 0.8563469956678947, "F1": 0.7451897195301691, "Lev. sim.": 0.466201040740565, "status": "ok", "start_time": 1614603086.745344, "duration": 34.38386058807373}, "current_params": {"N": 300, "isd": 0.02478006283625675, "isd2": 9.909639043399766e-05, "iss": 7.625054341607125, "leak": 0.1, "ridge": 7.1229261212501565e-09, "sr": 0.017308927105606088}}