{"returned_dict": {"loss": 2.7960863448831264, "Accuracy": 0.8535910652377441, "F1": 0.7436120020931816, "Lev. sim.": 0.47288076139771656, "status": "ok", "start_time": 1614597273.6836843, "duration": 33.838929653167725}, "current_params": {"N": 300, "isd": 0.00023723251806401433, "isd2": 0.003299359101398583, "iss": 8.325041509871122, "leak": 0.1, "ridge": 8.151805615264858e-08, "sr": 5.3974445388035814e-05}}