{"returned_dict": {"loss": 2.794273523058351, "Accuracy": 0.8773330829649622, "F1": 0.7655040002721232, "Lev. sim.": 0.44269023642929123, "status": "ok", "start_time": 1614599078.190897, "duration": 34.644917011260986}, "current_params": {"N": 300, "isd": 1.9465201129586274, "isd2": 0.030157135402062284, "iss": 0.00022388902994814665, "leak": 0.1, "ridge": 0.00023253830421864392, "sr": 0.007393524805825359}}