{"returned_dict": {"loss": 2.7946347940829086, "Accuracy": 0.8539867756448452, "F1": 0.7222054914081613, "Lev. sim.": 0.46125689634254236, "status": "ok", "start_time": 1614602587.6581078, "duration": 33.65405869483948}, "current_params": {"N": 300, "isd": 1.201091308817731e-05, "isd2": 0.7226699611458205, "iss": 0.0004386432243289192, "leak": 0.1, "ridge": 4.59254747471551e-05, "sr": 8.105502513030001e-05}}