{"returned_dict": {"loss": 2.797797673310088, "Accuracy": 0.850109141720235, "F1": 0.6947183364226743, "Lev. sim.": 0.46321944317006647, "status": "ok", "start_time": 1614604933.8778973, "duration": 33.59928274154663}, "current_params": {"N": 300, "isd": 1.2878527494340394e-05, "isd2": 0.21373548692805724, "iss": 3.315062043200365e-05, "leak": 0.1, "ridge": 2.7123259334439833e-08, "sr": 0.0014369377266487495}}