{"returned_dict": {"loss": 2.793439013452959, "Accuracy": 0.8545450642400567, "F1": 0.7455212030978887, "Lev. sim.": 0.47208457196307185, "status": "ok", "start_time": 1614598056.9840317, "duration": 33.694011211395264}, "current_params": {"N": 300, "isd": 0.00037494309642671994, "isd2": 0.7591733937709144, "iss": 9.872250179607104, "leak": 0.1, "ridge": 0.009914929467335878, "sr": 0.002301003201886213}}