{"returned_dict": {"loss": 2.7996583747698365, "Accuracy": 0.863853846510953, "F1": 0.7494348302713805, "Lev. sim.": 0.43227485114688574, "status": "ok", "start_time": 1614603615.4630034, "duration": 34.87523889541626}, "current_params": {"N": 300, "isd": 0.000654715363501693, "isd2": 1.963218990711868, "iss": 0.0003453415754827205, "leak": 0.1, "ridge": 2.582106132694892e-08, "sr": 0.0387173203211038}}