{"returned_dict": {"loss": 2.8051577037330153, "Accuracy": 0.8560021753356386, "F1": 0.6992494387664548, "Lev. sim.": 0.4480835309372079, "status": "ok", "start_time": 1614596863.954504, "duration": 36.39228367805481}, "current_params": {"N": 300, "isd": 0.011035496785610728, "isd2": 0.2627631207906817, "iss": 4.692327823747263e-05, "leak": 0.1, "ridge": 3.792699631385421e-07, "sr": 0.004486914979065237}}