{"returned_dict": {"loss": 2.802557280615659, "Accuracy": 0.8396122712607884, "F1": 0.6707562684675257, "Lev. sim.": 0.4818513263334626, "status": "ok", "start_time": 1614606133.7196765, "duration": 34.37536311149597}, "current_params": {"N": 300, "isd": 0.011154107718870293, "isd2": 0.08099308672475909, "iss": 1.098430550610952e-05, "leak": 0.1, "ridge": 7.731105439162419e-07, "sr": 1.2214737884631152e-05}}