{"returned_dict": {"loss": 2.8074387568832373, "Accuracy": 0.8558408336774075, "F1": 0.7410011563702987, "Lev. sim.": 0.46908589903258974, "status": "ok", "start_time": 1614605207.3529778, "duration": 33.77797818183899}, "current_params": {"N": 300, "isd": 0.00011366804668338372, "isd2": 0.006466034318157701, "iss": 0.2698663578367458, "leak": 0.1, "ridge": 0.022874014665691073, "sr": 0.011084236712420583}}