{"returned_dict": {"loss": 2.8023150101861605, "Accuracy": 0.8624986296546387, "F1": 0.7156691228477866, "Lev. sim.": 0.4447687480870009, "status": "ok", "start_time": 1614607076.0710294, "duration": 34.61888337135315}, "current_params": {"N": 300, "isd": 3.319368252194486e-05, "isd2": 0.4518143474566746, "iss": 0.00029276433628299883, "leak": 0.1, "ridge": 1.1053287848715718e-06, "sr": 0.07030557753844906}}