{"returned_dict": {"loss": 2.804763259049474, "Accuracy": 0.8403141916472349, "F1": 0.6618934570219939, "Lev. sim.": 0.4812017439936132, "status": "ok", "start_time": 1614607042.244735, "duration": 33.82373523712158}, "current_params": {"N": 300, "isd": 0.029505796660586347, "isd2": 0.1504351663696959, "iss": 0.0021582127923418537, "leak": 0.1, "ridge": 0.0001801027287213017, "sr": 0.00015825615926940424}}