{"returned_dict": {"loss": 2.8064557058854183, "Accuracy": 0.8655569034110637, "F1": 0.7531067559059098, "Lev. sim.": 0.44277298661621184, "status": "ok", "start_time": 1614605871.9616475, "duration": 34.600101470947266}, "current_params": {"N": 300, "isd": 0.1223972424552645, "isd2": 1.2797439467176077, "iss": 0.00019388279969910247, "leak": 0.1, "ridge": 0.0006439426558034491, "sr": 0.00010519612208066558}}