{"returned_dict": {"loss": 2.8083630486535576, "Accuracy": 0.831377502273759, "F1": 0.6634136951621559, "Lev. sim.": 0.4839608009251702, "status": "ok", "start_time": 1614597343.859294, "duration": 33.115983963012695}, "current_params": {"N": 300, "isd": 0.000500336889490322, "isd2": 0.46947405094726824, "iss": 0.00529684523263303, "leak": 0.1, "ridge": 0.0526897743421563, "sr": 4.543069406444735e-05}}