{"returned_dict": {"loss": 2.8117779135050442, "Accuracy": 0.8565206882844697, "F1": 0.6777408499624473, "Lev. sim.": 0.4637396142434886, "status": "ok", "start_time": 1614602943.549483, "duration": 34.227400064468384}, "current_params": {"N": 300, "isd": 0.01825053702412768, "isd2": 0.1573219543175245, "iss": 0.0019740724578947827, "leak": 0.1, "ridge": 0.0005273369360348499, "sr": 0.13785106303642722}}