{"returned_dict": {"loss": 2.815950599046406, "Accuracy": 0.8552100877029899, "F1": 0.7380319919817033, "Lev. sim.": 0.45124317121444246, "status": "ok", "start_time": 1614600686.2423918, "duration": 34.15825033187866}, "current_params": {"N": 300, "isd": 0.0034366011582097344, "isd2": 0.000737640976746678, "iss": 0.35769853948079783, "leak": 0.1, "ridge": 0.1434940930996033, "sr": 0.014541805578104116}}