{"returned_dict": {"loss": 2.8144490925867816, "Accuracy": 0.8650415613853919, "F1": 0.7279586413191357, "Lev. sim.": 0.42567428253803996, "status": "ok", "start_time": 1614607007.4216785, "duration": 34.8205726146698}, "current_params": {"N": 300, "isd": 0.22930988062434268, "isd2": 0.02418518660460796, "iss": 1.0860668129591818e-05, "leak": 0.1, "ridge": 7.648382001864602e-09, "sr": 0.00016244579504109095}}