{"returned_dict": {"loss": 2.8106994356503763, "Accuracy": 0.8759738114135839, "F1": 0.7613736891084071, "Lev. sim.": 0.44758476435970074, "status": "ok", "start_time": 1614605137.5593476, "duration": 34.722806453704834}, "current_params": {"N": 300, "isd": 0.8281157575769489, "isd2": 0.19902899705114696, "iss": 0.00015776599864641082, "leak": 0.1, "ridge": 1.2584628830980909e-09, "sr": 0.09419768923146414}}