{"returned_dict": {"loss": 2.8160630082978746, "Accuracy": 0.8539194073110041, "F1": 0.749572453593307, "Lev. sim.": 0.43328744335191605, "status": "ok", "start_time": 1614606757.4325864, "duration": 34.837961196899414}, "current_params": {"N": 300, "isd": 1.340466776477396, "isd2": 0.016824059296993155, "iss": 2.5610745783521206e-05, "leak": 0.1, "ridge": 6.485365381897978e-05, "sr": 0.023896621422748978}}