{"returned_dict": {"loss": 2.8245930369316135, "Accuracy": 0.8490485504678039, "F1": 0.7434534068063965, "Lev. sim.": 0.417122528010502, "status": "ok", "start_time": 1614602656.1440122, "duration": 35.31791019439697}, "current_params": {"N": 300, "isd": 7.959890212684167e-05, "isd2": 1.0358136422713158, "iss": 1.9136040920690946e-05, "leak": 0.1, "ridge": 1.5560242442105983e-05, "sr": 0.18183049150137987}}