{"returned_dict": {"loss": 2.821426448897939, "Accuracy": 0.8638057012743963, "F1": 0.7676389292791536, "Lev. sim.": 0.4559831360341615, "status": "ok", "start_time": 1614602837.7930984, "duration": 34.25561046600342}, "current_params": {"N": 300, "isd": 0.2650162886176642, "isd2": 0.0006725690391220247, "iss": 1.3134637890043223e-05, "leak": 0.1, "ridge": 1.5472700182866975e-08, "sr": 0.20741179780836583}}