{"returned_dict": {"loss": 2.823201258304453, "Accuracy": 0.8615269891647621, "F1": 0.7124674584555489, "Lev. sim.": 0.44837962549366067, "status": "ok", "start_time": 1614602691.4640384, "duration": 34.41535139083862}, "current_params": {"N": 300, "isd": 0.08792268613741279, "isd2": 0.3013061145190547, "iss": 3.5363015332897576e-05, "leak": 0.1, "ridge": 2.167935224960699e-05, "sr": 0.0004135486871797826}}