{"returned_dict": {"loss": 2.8339568104137514, "Accuracy": 0.824552744113802, "F1": 0.6299758465393552, "Lev. sim.": 0.4797495878425524, "status": "ok", "start_time": 1614600231.5969527, "duration": 33.33421540260315}, "current_params": {"N": 300, "isd": 0.029543456738498074, "isd2": 0.196377614644718, "iss": 0.016119390886032262, "leak": 0.1, "ridge": 0.003312541388283088, "sr": 0.00014171465639188679}}