{"returned_dict": {"loss": 2.8401014899290677, "Accuracy": 0.8659615066295906, "F1": 0.7154214985626692, "Lev. sim.": 0.45781295370560365, "status": "ok", "start_time": 1614600264.9329965, "duration": 34.06408500671387}, "current_params": {"N": 300, "isd": 0.016144794809590027, "isd2": 0.00580007291813976, "iss": 8.392239882644226e-05, "leak": 0.1, "ridge": 1.159992928753698e-08, "sr": 0.19469152508874715}}