{"returned_dict": {"loss": 2.8471973331105787, "Accuracy": 0.8444850944486214, "F1": 0.7450978109797244, "Lev. sim.": 0.4192310077021927, "status": "ok", "start_time": 1614598611.8097186, "duration": 35.22916555404663}, "current_params": {"N": 300, "isd": 0.000848111297268095, "isd2": 0.3112164112468497, "iss": 2.1324791342193225e-05, "leak": 0.1, "ridge": 7.94959490260653e-05, "sr": 0.41180648980158235}}