{"returned_dict": {"loss": 2.852985278630329, "Accuracy": 0.8476455379333603, "F1": 0.6995798987613753, "Lev. sim.": 0.3980688545906487, "status": "ok", "start_time": 1614600298.9988809, "duration": 34.99815583229065}, "current_params": {"N": 300, "isd": 2.462748314657169e-05, "isd2": 0.00867358095642857, "iss": 3.34372938671624e-05, "leak": 0.1, "ridge": 1.6546274329753683e-09, "sr": 1.1298696524381997}}