{"returned_dict": {"loss": 2.862400222302151, "Accuracy": 0.848860810151824, "F1": 0.6676369276965006, "Lev. sim.": 0.45292872713716453, "status": "ok", "start_time": 1614599831.70113, "duration": 34.19752073287964}, "current_params": {"N": 300, "isd": 0.0011277990067802058, "isd2": 0.017677197622314927, "iss": 0.004637738348508079, "leak": 0.1, "ridge": 2.3260871426933753e-08, "sr": 0.04660805258812053}}