{"returned_dict": {"loss": 2.860404497330591, "Accuracy": 0.8084180128576135, "F1": 0.7070662618957861, "Lev. sim.": 0.3976895135480124, "status": "ok", "start_time": 1614600507.9993207, "duration": 35.61710524559021}, "current_params": {"N": 300, "isd": 0.007622125494568235, "isd2": 0.7179170620004939, "iss": 3.448163385995583e-05, "leak": 0.1, "ridge": 0.0028443601526285307, "sr": 7.215707073998133e-05}}