{"returned_dict": {"loss": 2.8665796773607455, "Accuracy": 0.8467893556013593, "F1": 0.6604867014330948, "Lev. sim.": 0.454328512172092, "status": "ok", "start_time": 1614602447.4069679, "duration": 34.30957865715027}, "current_params": {"N": 300, "isd": 0.006105844798978648, "isd2": 0.01120811586062317, "iss": 0.008422666240760683, "leak": 0.1, "ridge": 1.88898263274618e-08, "sr": 0.0015069262636240967}}