{"returned_dict": {"loss": 2.866444337251893, "Accuracy": 0.846092318082686, "F1": 0.6715315819357213, "Lev. sim.": 0.42732093662979975, "status": "ok", "start_time": 1614606168.0974443, "duration": 35.32021975517273}, "current_params": {"N": 300, "isd": 0.12702557041376972, "isd2": 0.012211680425039449, "iss": 0.019836773540011357, "leak": 0.1, "ridge": 0.0015862877625846719, "sr": 0.007076390779180162}}