{"returned_dict": {"loss": 2.870335948216176, "Accuracy": 0.8398009302786795, "F1": 0.7068288727143035, "Lev. sim.": 0.41567042397538456, "status": "ok", "start_time": 1614598468.4823365, "duration": 34.8691029548645}, "current_params": {"N": 300, "isd": 0.5756223756128902, "isd2": 1.2332364020030385e-05, "iss": 0.0002487365392352879, "leak": 0.1, "ridge": 0.08778096200952513, "sr": 0.05747368713433346}}