{"returned_dict": {"loss": 2.908860860466665, "Accuracy": 0.828033007122128, "F1": 0.6773126253349104, "Lev. sim.": 0.4158719231441085, "status": "ok", "start_time": 1614598647.048131, "duration": 35.54085564613342}, "current_params": {"N": 300, "isd": 0.0015622387641204979, "isd2": 6.271402946229482e-05, "iss": 0.022211884353187553, "leak": 0.1, "ridge": 9.085997325720603e-07, "sr": 0.15024854448410102}}