{"returned_dict": {"loss": 2.9251360410318936, "Accuracy": 0.8121788855831827, "F1": 0.6264174250282071, "Lev. sim.": 0.4178782655307298, "status": "ok", "start_time": 1614605172.2847621, "duration": 35.0659384727478}, "current_params": {"N": 300, "isd": 0.03678763300705848, "isd2": 0.00018708681791489135, "iss": 0.02069468760907299, "leak": 0.1, "ridge": 0.00022331155834127986, "sr": 0.5597635733840163}}