{"returned_dict": {"loss": 2.929726422884589, "Accuracy": 0.799258339300638, "F1": 0.6120821121511602, "Lev. sim.": 0.4130599835149402, "status": "ok", "start_time": 1614602237.028192, "duration": 35.87236046791077}, "current_params": {"N": 300, "isd": 0.028214561174952402, "isd2": 1.311069837661659e-05, "iss": 0.017621495487279534, "leak": 0.1, "ridge": 0.001967477272453304, "sr": 0.7655538529630708}}