{"returned_dict": {"loss": 2.925096338096907, "Accuracy": 0.8058472678551591, "F1": 0.6223175164790099, "Lev. sim.": 0.4161937945568817, "status": "ok", "start_time": 1614603305.5525086, "duration": 34.67106914520264}, "current_params": {"N": 300, "isd": 0.03637741085612332, "isd2": 1.7816214655960436e-05, "iss": 0.023097609851490657, "leak": 0.1, "ridge": 0.04119389862879738, "sr": 0.9384402483222247}}