{"returned_dict": {"loss": 2.9318525231475356, "Accuracy": 0.8148047510191425, "F1": 0.6275431428329121, "Lev. sim.": 0.38997503814810974, "status": "ok", "start_time": 1614602481.718522, "duration": 35.77163124084473}, "current_params": {"N": 300, "isd": 0.09730129248241375, "isd2": 0.0008374562685043324, "iss": 0.0024336841907740964, "leak": 0.1, "ridge": 0.0011354478356722527, "sr": 0.009885149857277897}}