{"returned_dict": {"loss": 2.941790562600472, "Accuracy": 0.7927144690804528, "F1": 0.6003396610831707, "Lev. sim.": 0.40322139795718226, "status": "ok", "start_time": 1614600333.9988523, "duration": 35.20586919784546}, "current_params": {"N": 300, "isd": 0.004533324046458419, "isd2": 0.00212017896672169, "iss": 4.46267332070146e-05, "leak": 0.1, "ridge": 1.2806528354933035e-09, "sr": 0.2677470482966194}}