{"returned_dict": {"loss": 2.954785335990606, "Accuracy": 0.7752095422381071, "F1": 0.58161939074751, "Lev. sim.": 0.4256924678090036, "status": "ok", "start_time": 1614600125.179828, "duration": 34.35782527923584}, "current_params": {"N": 300, "isd": 0.00010007314363596467, "isd2": 0.00010876660047902338, "iss": 0.0019779723000151067, "leak": 0.1, "ridge": 0.002633024980375614, "sr": 0.9746164808560074}}