{"returned_dict": {"loss": 2.961625824645183, "Accuracy": 0.7721193978493196, "F1": 0.5160021490217891, "Lev. sim.": 0.4370153704908157, "status": "ok", "start_time": 1614604556.0060506, "duration": 34.92017602920532}, "current_params": {"N": 300, "isd": 0.0401791557665511, "isd2": 0.18692236048332014, "iss": 0.005595106442178577, "leak": 0.1, "ridge": 0.05302643428170826, "sr": 0.002594066598057126}}