{"returned_dict": {"loss": 2.961760323101621, "Accuracy": 0.7888784167911101, "F1": 0.5875504096129267, "Lev. sim.": 0.3577343250644935, "status": "ok", "start_time": 1614597089.7661004, "duration": 37.65681195259094}, "current_params": {"N": 300, "isd": 0.10768018400509398, "isd2": 0.004663122224794763, "iss": 0.001645719985352228, "leak": 0.1, "ridge": 0.0030677453372688567, "sr": 0.00037835428315423304}}