{"returned_dict": {"loss": 2.9608902027325517, "Accuracy": 0.7696297872031124, "F1": 0.5599757493604585, "Lev. sim.": 0.38945333101764257, "status": "ok", "start_time": 1614597557.5845265, "duration": 35.757872581481934}, "current_params": {"N": 300, "isd": 5.029945650064783e-05, "isd2": 1.2569621607316165e-05, "iss": 0.0050107480033132245, "leak": 0.1, "ridge": 4.7129343695665103e-07, "sr": 0.2892473797108376}}