{"returned_dict": {"loss": 2.9793654409374533, "Accuracy": 0.7495814355849975, "F1": 0.5273934749042064, "Lev. sim.": 0.36764608664098886, "status": "ok", "start_time": 1614601647.4302218, "duration": 36.85989832878113}, "current_params": {"N": 300, "isd": 0.00028169600544469695, "isd2": 1.1387671660128253e-05, "iss": 0.011274172360744374, "leak": 0.1, "ridge": 2.5753254802511082e-06, "sr": 0.16682164914277517}}