{"returned_dict": {"loss": 2.973569279005995, "Accuracy": 0.7638754900888525, "F1": 0.5485783551653165, "Lev. sim.": 0.3751081488219967, "status": "ok", "start_time": 1614601796.4408712, "duration": 36.117961406707764}, "current_params": {"N": 300, "isd": 0.0163837514043511, "isd2": 0.0028988891792806827, "iss": 0.06200231013354495, "leak": 0.1, "ridge": 0.0033513879341857187, "sr": 0.18489710364522854}}