{"returned_dict": {"loss": 2.9743007488437145, "Accuracy": 0.7139391978145303, "F1": 0.520442035834544, "Lev. sim.": 0.3729231494723346, "status": "ok", "start_time": 1614596943.1890073, "duration": 37.747716665267944}, "current_params": {"N": 300, "isd": 0.00011388840244542303, "isd2": 0.00010943290976238361, "iss": 1.8664282655898377, "leak": 0.1, "ridge": 3.854206469320369e-05, "sr": 3.254060676502617}}