{"returned_dict": {"loss": 2.983785228076505, "Accuracy": 0.7467048938870308, "F1": 0.5283618526857886, "Lev. sim.": 0.39267844096806587, "status": "ok", "start_time": 1614597307.5241947, "duration": 36.33347940444946}, "current_params": {"N": 300, "isd": 0.00030996057687041154, "isd2": 0.0005280650043317309, "iss": 0.006389328961151051, "leak": 0.1, "ridge": 0.02027844402335655, "sr": 0.7585837660295026}}