{"returned_dict": {"loss": 2.988323202070311, "Accuracy": 0.7377547876600107, "F1": 0.5213336725015935, "Lev. sim.": 0.3797789375416497, "status": "ok", "start_time": 1614606357.8601415, "duration": 38.168155908584595}, "current_params": {"N": 300, "isd": 3.688230965037273e-05, "isd2": 0.00030185611980665855, "iss": 0.01987459988414186, "leak": 0.1, "ridge": 0.011470350049496205, "sr": 0.5710680434791969}}