{"returned_dict": {"loss": 3.0076528714291295, "Accuracy": 0.7102288146214437, "F1": 0.4607637593661978, "Lev. sim.": 0.3520380275443503, "status": "ok", "start_time": 1614606203.420126, "duration": 40.898587703704834}, "current_params": {"N": 300, "isd": 0.0014649073841157443, "isd2": 0.0002137441294634021, "iss": 0.0007007892173358851, "leak": 0.1, "ridge": 2.6678454130137098e-08, "sr": 0.04420842446960136}}