{"returned_dict": {"loss": 3.0003289034767358, "Accuracy": 0.7376692767178135, "F1": 0.47213692521183936, "Lev. sim.": 0.3539883921739481, "status": "ok", "start_time": 1614602906.3412967, "duration": 37.206201791763306}, "current_params": {"N": 300, "isd": 2.706343167186943e-05, "isd2": 0.008218857669804437, "iss": 6.081447362390012e-05, "leak": 0.1, "ridge": 1.5084170986059367e-09, "sr": 0.004037384383810597}}