{"returned_dict": {"loss": 3.004453231106541, "Accuracy": 0.7184638736230171, "F1": 0.47594196339804623, "Lev. sim.": 0.35845025644383666, "status": "ok", "start_time": 1614605382.826268, "duration": 36.567150831222534}, "current_params": {"N": 300, "isd": 0.004605319725434051, "isd2": 4.7130996083706834e-05, "iss": 0.054042277831180395, "leak": 0.1, "ridge": 0.30947602800455315, "sr": 0.4790973269713862}}