{"returned_dict": {"loss": 3.0159900604906245, "Accuracy": 0.7001979385477142, "F1": 0.44714162367202537, "Lev. sim.": 0.3386021273812461, "status": "ok", "start_time": 1614603011.1834087, "duration": 37.48272919654846}, "current_params": {"N": 300, "isd": 1.1142878786307259e-05, "isd2": 0.0019417379763646766, "iss": 0.0005869246362283275, "leak": 0.1, "ridge": 1.0118500556931295e-08, "sr": 0.02744821418554136}}