{"returned_dict": {"loss": 3.017361007092975, "Accuracy": 0.698201981783917, "F1": 0.44244803601520255, "Lev. sim.": 0.34799100450513415, "status": "ok", "start_time": 1614597869.3935993, "duration": 37.26313877105713}, "current_params": {"N": 300, "isd": 0.0005704538997172642, "isd2": 0.0017610973252556216, "iss": 0.007736741048102635, "leak": 0.1, "ridge": 2.082645051690992e-06, "sr": 0.032469893838959346}}