{"returned_dict": {"loss": 3.017047435156685, "Accuracy": 0.6973649781151023, "F1": 0.44093312477718233, "Lev. sim.": 0.3414857563053776, "status": "ok", "start_time": 1614606573.8441508, "duration": 37.9494948387146}, "current_params": {"N": 300, "isd": 0.00016584064483942648, "isd2": 6.584544564509394e-05, "iss": 0.0003351025973280772, "leak": 0.1, "ridge": 7.1419474092999976e-09, "sr": 0.03446967907609544}}