{"returned_dict": {"loss": 3.026063533623099, "Accuracy": 0.6858069572425658, "F1": 0.4228231125098927, "Lev. sim.": 0.33658181142461924, "status": "ok", "start_time": 1614601034.4295306, "duration": 37.45552682876587}, "current_params": {"N": 300, "isd": 0.00010335283790684242, "isd2": 0.00023447969452427644, "iss": 0.0049475138056531524, "leak": 0.1, "ridge": 3.350258292349159e-08, "sr": 0.0013147463809645675}}