{"returned_dict": {"loss": 3.0351293626075306, "Accuracy": 0.6739501252314868, "F1": 0.40117584400982664, "Lev. sim.": 0.30743733821957353, "status": "ok", "start_time": 1614600720.402478, "duration": 38.76762270927429}, "current_params": {"N": 300, "isd": 0.001491351555488773, "isd2": 0.0007756777124314161, "iss": 0.00780583533594097, "leak": 0.1, "ridge": 3.6088796504668895e-08, "sr": 0.00012474776973122356}}