{"returned_dict": {"loss": 3.034653232663115, "Accuracy": 0.6900079629804632, "F1": 0.4184237081473108, "Lev. sim.": 0.294531988661562, "status": "ok", "start_time": 1614603373.9531953, "duration": 39.5952582359314}, "current_params": {"N": 300, "isd": 0.045455052880983886, "isd2": 0.0005476397438884256, "iss": 0.008898357711294682, "leak": 0.1, "ridge": 0.0002729774978677307, "sr": 0.0009807102523684604}}