{"returned_dict": {"loss": 3.0363616961403475, "Accuracy": 0.6715429382286147, "F1": 0.40956174277098667, "Lev. sim.": 0.2883272202610619, "status": "ok", "start_time": 1614599198.255887, "duration": 39.50790476799011}, "current_params": {"N": 300, "isd": 0.0065513225712619345, "isd2": 3.331985129946168e-05, "iss": 3.6721866293145416e-05, "leak": 0.1, "ridge": 5.294125965942781e-08, "sr": 0.0015782230985107904}}