{"returned_dict": {"loss": 3.05129331005069, "Accuracy": 0.6541976169894543, "F1": 0.35922908983660456, "Lev. sim.": 0.33968822748160865, "status": "ok", "start_time": 1614600194.2219203, "duration": 37.37306237220764}, "current_params": {"N": 300, "isd": 7.438241322264452e-05, "isd2": 0.0006711953055190929, "iss": 3.496156974183761e-05, "leak": 0.1, "ridge": 7.564966424831036e-07, "sr": 0.09030460264900968}}