{"returned_dict": {"loss": 3.051557520190367, "Accuracy": 0.6457461521580351, "F1": 0.3558968072923894, "Lev. sim.": 0.35990335955707564, "status": "ok", "start_time": 1614601071.8947427, "duration": 36.4206428527832}, "current_params": {"N": 300, "isd": 2.2348500398801456e-05, "isd2": 0.00021267215017477066, "iss": 0.003118380761772494, "leak": 0.1, "ridge": 5.0589184716508826e-08, "sr": 0.0003600046126825371}}