{"returned_dict": {"loss": 3.050383157627807, "Accuracy": 0.6489275697866372, "F1": 0.35525952364952473, "Lev. sim.": 0.3414579958428563, "status": "ok", "start_time": 1614598894.3243325, "duration": 37.71679639816284}, "current_params": {"N": 300, "isd": 0.0017131835288978054, "isd2": 0.0043022217176452255, "iss": 0.0005618515257018516, "leak": 0.1, "ridge": 1.1140641169579952e-08, "sr": 0.00029788887101965625}}