{"returned_dict": {"loss": 3.055146286932858, "Accuracy": 0.641814137475575, "F1": 0.35031369341659235, "Lev. sim.": 0.3116515664080176, "status": "ok", "start_time": 1614604096.4052365, "duration": 40.16720414161682}, "current_params": {"N": 300, "isd": 3.764540460496394e-05, "isd2": 4.349862622573533e-05, "iss": 0.00010547654844588234, "leak": 0.1, "ridge": 1.474697494804744e-09, "sr": 8.348807214143247e-05}}