{"returned_dict": {"loss": 3.0573384295323667, "Accuracy": 0.6437248150686881, "F1": 0.3488390250782665, "Lev. sim.": 0.3320011992497714, "status": "ok", "start_time": 1614598296.0087695, "duration": 37.81670904159546}, "current_params": {"N": 300, "isd": 0.00010837005947187371, "isd2": 0.00018503758831846606, "iss": 5.1858306222292224e-05, "leak": 0.1, "ridge": 1.8028711393351025e-06, "sr": 0.029261540094582553}}