{"returned_dict": {"loss": 3.052720626400766, "Accuracy": 0.643860860314774, "F1": 0.3573152144743472, "Lev. sim.": 0.3661789471701603, "status": "ok", "start_time": 1614596900.3482814, "duration": 42.839022159576416}, "current_params": {"N": 300, "isd": 8.852685874814963e-05, "isd2": 0.002078999693909826, "iss": 0.016525622360136192, "leak": 0.1, "ridge": 1.7203769398155993e-05, "sr": 0.0011285382167092654}}