{"returned_dict": {"loss": 3.0582597305091266, "Accuracy": 0.6384754911746839, "F1": 0.35375614095613717, "Lev. sim.": 0.27907606828740195, "status": "ok", "start_time": 1614601338.5170665, "duration": 40.408695220947266}, "current_params": {"N": 300, "isd": 0.004382988141242381, "isd2": 0.00048099576244824024, "iss": 0.008820457220813921, "leak": 0.1, "ridge": 7.889989136444413e-07, "sr": 6.243971632634754e-05}}