{"returned_dict": {"loss": 3.0599898035015576, "Accuracy": 0.63027763655938, "F1": 0.3377103740671857, "Lev. sim.": 0.35363852825526676, "status": "ok", "start_time": 1614600055.163484, "duration": 36.58242154121399}, "current_params": {"N": 300, "isd": 9.937346073067866e-05, "isd2": 0.0003620750686973789, "iss": 0.0005829549423357068, "leak": 0.1, "ridge": 3.644609217482707e-07, "sr": 0.00017444271591375349}}