{"returned_dict": {"loss": 3.0520705667569508, "Accuracy": 0.6496524712116096, "F1": 0.3669704745883123, "Lev. sim.": 0.2880762829664258, "status": "ok", "start_time": 1614597200.1505966, "duration": 39.17452931404114}, "current_params": {"N": 300, "isd": 0.00020815355619848436, "isd2": 1.8064280188342666e-05, "iss": 0.00012276996610286188, "leak": 0.1, "ridge": 1.376633605851951e-06, "sr": 0.034893675723224604}}