{"returned_dict": {"loss": 3.0664367118772478, "Accuracy": 0.6201934672748881, "F1": 0.3335798907704063, "Lev. sim.": 0.38031409697849733, "status": "ok", "start_time": 1614600472.1793935, "duration": 35.81812810897827}, "current_params": {"N": 300, "isd": 0.0016812485819838643, "isd2": 0.02133472211278566, "iss": 0.03096980204126957, "leak": 0.1, "ridge": 0.01900284767119454, "sr": 0.0008206812480992226}}