{"returned_dict": {"loss": 3.06614849033748, "Accuracy": 0.6315636398849055, "F1": 0.34342951360718094, "Lev. sim.": 0.27457254953515514, "status": "ok", "start_time": 1614603803.8580346, "duration": 40.4463312625885}, "current_params": {"N": 300, "isd": 0.0061527823655534095, "isd2": 0.00021058504417955216, "iss": 0.0013559447265302695, "leak": 0.1, "ridge": 0.0015774966104550455, "sr": 7.028057350268958e-05}}