{"returned_dict": {"loss": 3.060239524554725, "Accuracy": 0.6323861135168923, "F1": 0.34273000354423766, "Lev. sim.": 0.3718800335458088, "status": "ok", "start_time": 1614601724.738713, "duration": 36.1160352230072}, "current_params": {"N": 300, "isd": 0.0001469990072045741, "isd2": 0.0028983990773615367, "iss": 0.0011426530685845588, "leak": 0.1, "ridge": 2.8485740743409103e-06, "sr": 0.003904351445332291}}