{"returned_dict": {"loss": 3.0673827741452513, "Accuracy": 0.6198259871155137, "F1": 0.3337825659702941, "Lev. sim.": 0.3816076727138521, "status": "ok", "start_time": 1614607110.6924698, "duration": 37.41456365585327}, "current_params": {"N": 300, "isd": 1.7301483167024882e-05, "isd2": 0.004035310358351373, "iss": 0.002772600279762081, "leak": 0.1, "ridge": 2.3233787446568088e-05, "sr": 0.0019232771343727602}}