{"returned_dict": {"loss": 3.06357328908623, "Accuracy": 0.6085488262523551, "F1": 0.3475686118931194, "Lev. sim.": 0.32947251533725147, "status": "ok", "start_time": 1614597376.9769285, "duration": 38.063854455947876}, "current_params": {"N": 300, "isd": 0.18970445496555602, "isd2": 9.090543900184829e-05, "iss": 5.423458314091626, "leak": 0.1, "ridge": 1.9497629790184623e-05, "sr": 9.300933009008029}}