{"returned_dict": {"loss": 3.0667409763733655, "Accuracy": 0.6787762140354057, "F1": 0.3871784310649746, "Lev. sim.": 0.34961818218186436, "status": "ok", "start_time": 1614607148.109569, "duration": 38.33936548233032}, "current_params": {"N": 300, "isd": 6.450371100759369e-05, "isd2": 0.11503708008202762, "iss": 0.0016938252534678434, "leak": 0.1, "ridge": 0.03464205666358546, "sr": 0.2776024151411086}}