{"returned_dict": {"loss": 3.0620734509936365, "Accuracy": 0.6324646350468986, "F1": 0.3413609183537888, "Lev. sim.": 0.37379025131064725, "status": "ok", "start_time": 1614601760.8571835, "duration": 35.581523180007935}, "current_params": {"N": 300, "isd": 1.147662471375582e-05, "isd2": 0.0008526234810139338, "iss": 8.689336213688611e-05, "leak": 0.1, "ridge": 1.031225787925489e-06, "sr": 0.0245686325393556}}