{"returned_dict": {"loss": 3.061528052834295, "Accuracy": 0.6331082101237013, "F1": 0.3472590868606904, "Lev. sim.": 0.27515134922509243, "status": "ok", "start_time": 1614596980.9382784, "duration": 41.208491802215576}, "current_params": {"N": 300, "isd": 0.002342805358441255, "isd2": 9.049603932183947e-05, "iss": 0.0019808960783802296, "leak": 0.1, "ridge": 4.3521036197599706e-06, "sr": 2.2051700274309395e-05}}