{"returned_dict": {"loss": 3.0636037962998857, "Accuracy": 0.6271663821943493, "F1": 0.33796527456879033, "Lev. sim.": 0.37861543237164946, "status": "ok", "start_time": 1614599479.9024715, "duration": 35.641326904296875}, "current_params": {"N": 300, "isd": 0.00038276862267635884, "isd2": 0.004155962801784019, "iss": 0.007479909887929844, "leak": 0.1, "ridge": 0.0031362310144289252, "sr": 0.0129649575772548}}