{"returned_dict": {"loss": 3.061681948745263, "Accuracy": 0.6331130871646943, "F1": 0.34738140515052196, "Lev. sim.": 0.2745971196025045, "status": "ok", "start_time": 1614605275.400814, "duration": 40.622849464416504}, "current_params": {"N": 300, "isd": 0.008351737554644, "isd2": 0.00012386033128752584, "iss": 0.007661360034392267, "leak": 0.1, "ridge": 0.0006964470734773259, "sr": 0.001380128431429315}}