{"returned_dict": {"loss": 3.0715058150068977, "Accuracy": 0.6176472806782046, "F1": 0.3300065906724234, "Lev. sim.": 0.37860122676900876, "status": "ok", "start_time": 1614598021.0633485, "duration": 35.91890001296997}, "current_params": {"N": 300, "isd": 0.0001496655425861766, "isd2": 0.002083396284719534, "iss": 9.528012398853328e-05, "leak": 0.1, "ridge": 7.0268450853937595e-06, "sr": 1.1520839149444306e-05}}