{"returned_dict": {"loss": 3.072195628879302, "Accuracy": 0.6159361804522064, "F1": 0.3291860677642956, "Lev. sim.": 0.3880070610222283, "status": "ok", "start_time": 1614604136.5746655, "duration": 37.59694766998291}, "current_params": {"N": 300, "isd": 6.100949787524138e-05, "isd2": 0.0009977656435861397, "iss": 0.0017083800781125616, "leak": 0.1, "ridge": 0.0009777764897187086, "sr": 2.0063931321099783e-05}}