{"returned_dict": {"loss": 3.070999547247251, "Accuracy": 0.6179689119440843, "F1": 0.3314962708608389, "Lev. sim.": 0.3879806696894937, "status": "ok", "start_time": 1614602801.5429072, "duration": 36.24808406829834}, "current_params": {"N": 300, "isd": 7.790878141178814e-05, "isd2": 0.03718298367540949, "iss": 0.028871064294882863, "leak": 0.1, "ridge": 0.3006315754527079, "sr": 0.019020968601238537}}