{"returned_dict": {"loss": 3.0787832412113456, "Accuracy": 0.6119448515961843, "F1": 0.3194217157993865, "Lev. sim.": 0.3276863078888755, "status": "ok", "start_time": 1614603952.8136451, "duration": 37.96452498435974}, "current_params": {"N": 300, "isd": 6.317859619103362e-05, "isd2": 6.274544569786158e-05, "iss": 0.0022025917641869445, "leak": 0.1, "ridge": 0.0007083061498847634, "sr": 0.003941782003369751}}