{"returned_dict": {"loss": 3.0702483449205142, "Accuracy": 0.6433569813537094, "F1": 0.34567605226383336, "Lev. sim.": 0.3514959106513254, "status": "ok", "start_time": 1614598157.3797216, "duration": 37.43908214569092}, "current_params": {"N": 300, "isd": 0.0003318807832039473, "isd2": 4.6904421342823665e-05, "iss": 0.00042140563423558524, "leak": 0.1, "ridge": 0.0045346768953863645, "sr": 0.7403683286345233}}