{"returned_dict": {"loss": 3.0817230284468353, "Accuracy": 0.6123501893416361, "F1": 0.3229742393761862, "Lev. sim.": 0.3800669911854947, "status": "ok", "start_time": 1614605588.827414, "duration": 35.234293699264526}, "current_params": {"N": 300, "isd": 5.59635798488522e-05, "isd2": 0.001961977243552743, "iss": 0.00017163508547373446, "leak": 0.1, "ridge": 7.366441062466836e-05, "sr": 0.0014212981569952413}}