{"returned_dict": {"loss": 3.0897593190413133, "Accuracy": 0.6019433228335573, "F1": 0.3101461910270851, "Lev. sim.": 0.32793797758872223, "status": "ok", "start_time": 1614599916.0801015, "duration": 38.06943869590759}, "current_params": {"N": 300, "isd": 1.078388699868904e-05, "isd2": 2.6137717107744954e-05, "iss": 0.0003611906790137023, "leak": 0.1, "ridge": 0.00017073160561016944, "sr": 1.905186807343577e-05}}