{"returned_dict": {"loss": 3.099017453300177, "Accuracy": 0.6013569471954431, "F1": 0.307139241559852, "Lev. sim.": 0.37713527891107784, "status": "ok", "start_time": 1614598974.6084325, "duration": 35.91014242172241}, "current_params": {"N": 300, "isd": 8.750485904099278e-05, "isd2": 0.028339240691767208, "iss": 0.0051613803919754835, "leak": 0.1, "ridge": 0.19666135912503027, "sr": 0.0038741095988982874}}