{"returned_dict": {"loss": 3.1015332618081177, "Accuracy": 0.6089150039908483, "F1": 0.29863220505917865, "Lev. sim.": 0.2783077011682431, "status": "ok", "start_time": 1614604209.7756872, "duration": 40.27531695365906}, "current_params": {"N": 300, "isd": 0.005542501406415373, "isd2": 0.00013766477743682774, "iss": 0.005154477679637931, "leak": 0.1, "ridge": 0.296845594438464, "sr": 0.033368660674217544}}