{"returned_dict": {"loss": 3.103681989381646, "Accuracy": 0.5912965970570621, "F1": 0.2956682492278041, "Lev. sim.": 0.3103675364892184, "status": "ok", "start_time": 1614603878.0371375, "duration": 38.75316524505615}, "current_params": {"N": 300, "isd": 4.966309913684682e-05, "isd2": 5.268846010955194e-05, "iss": 0.010940601280739759, "leak": 0.1, "ridge": 0.522407323477384, "sr": 2.9893512124929964e-05}}