{"returned_dict": {"loss": 3.1028504443833653, "Accuracy": 0.6135814015623968, "F1": 0.3009011932749488, "Lev. sim.": 0.2943876790927702, "status": "ok", "start_time": 1614607255.433597, "duration": 41.99324417114258}, "current_params": {"N": 300, "isd": 0.0010493073377392905, "isd2": 0.0006866299744030373, "iss": 0.0005717593846558072, "leak": 0.1, "ridge": 0.0050511655420644504, "sr": 0.016237204523240584}}