{"returned_dict": {"loss": 3.1247075356658875, "Accuracy": 0.5937537968492257, "F1": 0.27715741391700865, "Lev. sim.": 0.2712006989923511, "status": "ok", "start_time": 1614598785.2111807, "duration": 40.90810990333557}, "current_params": {"N": 300, "isd": 0.0013645840516572478, "isd2": 0.0001652647261332282, "iss": 0.0005697901277763889, "leak": 0.1, "ridge": 0.010316962122609219, "sr": 0.0002782695630358371}}