{"returned_dict": {"loss": 3.1206896234315913, "Accuracy": 0.5355490609785747, "F1": 0.26024453325915153, "Lev. sim.": 0.31887871747177154, "status": "ok", "start_time": 1614600826.5036447, "duration": 38.43230748176575}, "current_params": {"N": 300, "isd": 0.00017467716000585254, "isd2": 0.0014400217192171044, "iss": 0.7187405091739841, "leak": 0.1, "ridge": 0.02106621256875603, "sr": 2.597279554805921}}