{"returned_dict": {"loss": 3.128549191884946, "Accuracy": 0.5793592857553158, "F1": 0.2764675120050873, "Lev. sim.": 0.37276642846149477, "status": "ok", "start_time": 1614602765.4974532, "duration": 36.04343843460083}, "current_params": {"N": 300, "isd": 1.2899677845476733e-05, "isd2": 0.011484242603493004, "iss": 0.0007962434747995263, "leak": 0.1, "ridge": 0.016191040831853645, "sr": 1.7816885998410428e-05}}