{"returned_dict": {"loss": 3.135564110260645, "Accuracy": 0.5895111184118625, "F1": 0.2726783101429113, "Lev. sim.": 0.28906872271848477, "status": "ok", "start_time": 1614605691.303456, "duration": 40.049524784088135}, "current_params": {"N": 300, "isd": 0.0008634106484800587, "isd2": 0.001257517478715224, "iss": 9.74880927489348e-05, "leak": 0.1, "ridge": 0.0004805542042140237, "sr": 0.009794278143767165}}