{"returned_dict": {"loss": 3.1650813741532615, "Accuracy": 0.5512955166499544, "F1": 0.24019917182218356, "Lev. sim.": 0.30657391752294466, "status": "ok", "start_time": 1614605731.3554587, "duration": 39.445006370544434}, "current_params": {"N": 300, "isd": 0.0003700986539820379, "isd2": 5.999615421884083e-05, "iss": 0.0022654935966134283, "leak": 0.1, "ridge": 0.3449283631048679, "sr": 0.20421814932902302}}