{"returned_dict": {"loss": 3.1704437800443563, "Accuracy": 0.5652451474936583, "F1": 0.25699192216866945, "Lev. sim.": 0.25023577911039474, "status": "ok", "start_time": 1614603263.2559533, "duration": 42.29432392120361}, "current_params": {"N": 300, "isd": 0.002527741179391127, "isd2": 0.0005964658654527909, "iss": 5.555549480841276e-05, "leak": 0.1, "ridge": 0.0004122680823212215, "sr": 0.005400014030738075}}