{"returned_dict": {"loss": 3.1796093715497866, "Accuracy": 0.5573753148936198, "F1": 0.24308865986442196, "Lev. sim.": 0.25999487491583473, "status": "ok", "start_time": 1614599756.4305189, "duration": 41.620113134384155}, "current_params": {"N": 300, "isd": 0.012932586075201914, "isd2": 0.012647401184498992, "iss": 0.0005310397366880529, "leak": 0.1, "ridge": 0.04446545340813093, "sr": 5.917206371631015e-05}}