{"returned_dict": {"loss": 3.188542081152896, "Accuracy": 0.5752663724232427, "F1": 0.2778265421748568, "Lev. sim.": 0.3707249416721986, "status": "ok", "start_time": 1614604059.200771, "duration": 37.20205473899841}, "current_params": {"N": 300, "isd": 0.0007805065811894694, "isd2": 0.06608585074539547, "iss": 0.00010525533172500617, "leak": 0.1, "ridge": 0.0023654063591353244, "sr": 5.5095874562876905e-05}}