{"returned_dict": {"loss": 3.2135284532946473, "Accuracy": 0.3934200353435461, "F1": 0.17522550573463602, "Lev. sim.": 0.296795716462794, "status": "ok", "start_time": 1614602725.881403, "duration": 39.61374306678772}, "current_params": {"N": 300, "isd": 0.0012963562062351852, "isd2": 0.5256121409800723, "iss": 0.12673676402612488, "leak": 0.1, "ridge": 0.26089254692833475, "sr": 2.0541659709247697}}