{"returned_dict": {"loss": 3.212499349283097, "Accuracy": 0.4325563073644923, "F1": 0.2305325286360361, "Lev. sim.": 0.2507160895164803, "status": "ok", "start_time": 1614598932.0428019, "duration": 42.56390714645386}, "current_params": {"N": 300, "isd": 0.18511678210001692, "isd2": 3.7283569371187895, "iss": 1.5948678514946235e-05, "leak": 0.1, "ridge": 4.177876940541685e-06, "sr": 3.8779663736533503}}