{"returned_dict": {"loss": 3.237758366019281, "Accuracy": 0.5042153733845, "F1": 0.1995198842365516, "Lev. sim.": 0.2940021585273981, "status": "ok", "start_time": 1614597796.59096, "duration": 39.68124341964722}, "current_params": {"N": 300, "isd": 0.0004099483939174395, "isd2": 0.00015950946390891964, "iss": 0.0012130544536296478, "leak": 0.1, "ridge": 0.5323893363027783, "sr": 8.193603664755781e-05}}