{"returned_dict": {"loss": 3.238981301253234, "Accuracy": 0.5150607713092747, "F1": 0.2273571479080112, "Lev. sim.": 0.21378927334877024, "status": "ok", "start_time": 1614602020.0341768, "duration": 45.72063231468201}, "current_params": {"N": 300, "isd": 0.0023868081313926366, "isd2": 0.0001156374197150559, "iss": 3.023650961733935e-05, "leak": 0.1, "ridge": 0.0005274528687382155, "sr": 0.005866416200703754}}