{"returned_dict": {"loss": 3.2417001047817586, "Accuracy": 0.313121256668328, "F1": 0.1275697474581895, "Lev. sim.": 0.24167729282842432, "status": "ok", "start_time": 1614601175.5534751, "duration": 44.57335066795349}, "current_params": {"N": 300, "isd": 0.0007738580286388175, "isd2": 0.013801436251305501, "iss": 8.17222798918764e-05, "leak": 0.1, "ridge": 4.031575297834254e-09, "sr": 1.3139010705660776}}