{"returned_dict": {"loss": 3.257447410417263, "Accuracy": 0.5552249227571563, "F1": 0.24995465787995558, "Lev. sim.": 0.28912600661973, "status": "ok", "start_time": 1614601684.2920673, "duration": 40.44447731971741}, "current_params": {"N": 300, "isd": 0.000285988248411184, "isd2": 0.06082856314209517, "iss": 2.3104466313708565e-05, "leak": 0.1, "ridge": 0.0008832628807802762, "sr": 0.015275328624598449}}