{"returned_dict": {"loss": 3.2888029577779285, "Accuracy": 0.45265617289061055, "F1": 0.16498715984177667, "Lev. sim.": 0.28745258515269645, "status": "ok", "start_time": 1614606611.7975798, "duration": 40.61719632148743}, "current_params": {"N": 300, "isd": 0.0002812298652505639, "isd2": 0.0001976140648985218, "iss": 0.0007835892731420046, "leak": 0.1, "ridge": 0.6524549193147877, "sr": 0.0003928901573236548}}