{"returned_dict": {"loss": 3.2835360142114256, "Accuracy": 0.459133818036804, "F1": 0.16993568681610113, "Lev. sim.": 0.28657719644815266, "status": "ok", "start_time": 1614598537.0246987, "duration": 40.50427269935608}, "current_params": {"N": 300, "isd": 2.319522359010197e-05, "isd2": 0.00010514984711803484, "iss": 0.00045273062528736755, "leak": 0.1, "ridge": 0.19312236225194168, "sr": 0.0004223163949337593}}