{"returned_dict": {"loss": 3.2999213887419865, "Accuracy": 0.4115578585734652, "F1": 0.18418812458962225, "Lev. sim.": 0.17794628114400016, "status": "ok", "start_time": 1614599865.9006035, "duration": 50.17710542678833}, "current_params": {"N": 300, "isd": 0.016456251015969717, "isd2": 0.00011472195402647711, "iss": 4.953600067852393e-05, "leak": 0.1, "ridge": 0.006076084757682518, "sr": 0.0005353504625568838}}