{"returned_dict": {"loss": 3.3100115336491704, "Accuracy": 0.2031173873752826, "F1": 0.06240881796267058, "Lev. sim.": 0.32707804295124016, "status": "ok", "start_time": 1614603121.131295, "duration": 37.49471688270569}, "current_params": {"N": 300, "isd": 0.20644119457746635, "isd2": 0.0003041582496968922, "iss": 0.05224614879795568, "leak": 0.1, "ridge": 3.95621360006579e-07, "sr": 2.180942048991326}}