{"returned_dict": {"loss": 3.317866431953086, "Accuracy": 0.1962376700297279, "F1": 0.07127020072203225, "Lev. sim.": 0.44392062036898733, "status": "ok", "start_time": 1614597628.0368135, "duration": 34.075541496276855}, "current_params": {"N": 300, "isd": 1.4861780872666123e-05, "isd2": 0.003348520551622994, "iss": 1.2522170326146817e-05, "leak": 0.1, "ridge": 4.029219386077789e-06, "sr": 1.5551106675204216}}