{"returned_dict": {"loss": 3.315086731556091, "Accuracy": 0.19835320894127662, "F1": 0.06667336110207416, "Lev. sim.": 0.3952506646971843, "status": "ok", "start_time": 1614600369.2065043, "duration": 35.66191625595093}, "current_params": {"N": 300, "isd": 0.00012507445404416666, "isd2": 0.09590804498023914, "iss": 0.0015709780852344458, "leak": 0.1, "ridge": 0.347421410698131, "sr": 1.6809003116411636}}