{"returned_dict": {"loss": 3.320225459969045, "Accuracy": 0.18805349689099707, "F1": 0.051686733320631714, "Lev. sim.": 0.33618262616296046, "status": "ok", "start_time": 1614606048.1882446, "duration": 48.96352791786194}, "current_params": {"N": 300, "isd": 5.759646455476881e-05, "isd2": 0.034260804261824734, "iss": 0.11332963634149161, "leak": 0.1, "ridge": 0.0002700956304408825, "sr": 2.8244773433582133}}