{"returned_dict": {"loss": 3.328974593533128, "Accuracy": 0.17587147994804206, "F1": 0.04556950700202151, "Lev. sim.": 0.3346902568177961, "status": "ok", "start_time": 1614602132.4536338, "duration": 36.956095695495605}, "current_params": {"N": 300, "isd": 0.0014776244648184605, "isd2": 0.005985586509991584, "iss": 0.13155004239139356, "leak": 0.1, "ridge": 8.606231715353162e-06, "sr": 3.380910767608587}}