{"returned_dict": {"loss": 3.3204620651762093, "Accuracy": 0.3647596544504523, "F1": 0.15195108407835106, "Lev. sim.": 0.17880558422929793, "status": "ok", "start_time": 1614599147.174343, "duration": 51.0794723033905}, "current_params": {"N": 300, "isd": 0.0026810586218601533, "isd2": 9.253065035130918e-05, "iss": 6.667311146081108e-05, "leak": 0.1, "ridge": 0.020249847167238797, "sr": 9.253339871799618e-05}}