{"returned_dict": {"loss": 3.3264911180281813, "Accuracy": 0.17212719622194675, "F1": 0.0610751661939584, "Lev. sim.": 0.3964988135299227, "status": "ok", "start_time": 1614602517.4921572, "duration": 35.65351366996765}, "current_params": {"N": 300, "isd": 0.0028581232776965474, "isd2": 0.00044987508893118335, "iss": 0.003803794898742829, "leak": 0.1, "ridge": 0.018109953445202946, "sr": 2.1079860621035205}}