{"returned_dict": {"loss": 3.3279210483943857, "Accuracy": 0.17175389770801494, "F1": 0.06073306908607429, "Lev. sim.": 0.4088171670785803, "status": "ok", "start_time": 1614600864.937686, "duration": 34.960392236709595}, "current_params": {"N": 300, "isd": 0.005287607975250165, "isd2": 0.021408744227756064, "iss": 7.960204123058916e-05, "leak": 0.1, "ridge": 3.904743798072478e-05, "sr": 1.7891585247487143}}