{"returned_dict": {"loss": 3.3255995012720674, "Accuracy": 0.19719912567005968, "F1": 0.05099940182806475, "Lev. sim.": 0.30215129629116255, "status": "ok", "start_time": 1614599650.3830674, "duration": 39.02866554260254}, "current_params": {"N": 300, "isd": 0.051051107546035715, "isd2": 3.576809346566193e-05, "iss": 0.41144654949127984, "leak": 0.1, "ridge": 0.008764044588449324, "sr": 5.829855120559783}}