{"returned_dict": {"loss": 3.3389661597472804, "Accuracy": 0.3043001368411402, "F1": 0.08216756255481694, "Lev. sim.": 0.19673683827363816, "status": "ok", "start_time": 1614597940.0706642, "duration": 48.67965912818909}, "current_params": {"N": 300, "isd": 0.00010349820354412092, "isd2": 0.008124891770941946, "iss": 6.820811288152522e-05, "leak": 0.1, "ridge": 0.020564584872220754, "sr": 0.006614890893911458}}