{"returned_dict": {"loss": 3.3386139989377304, "Accuracy": 0.162455722115321, "F1": 0.03844026757040574, "Lev. sim.": 0.312709813536127, "status": "ok", "start_time": 1614606280.9179757, "duration": 41.683364152908325}, "current_params": {"N": 300, "isd": 0.0003824576761573582, "isd2": 0.008038615258080294, "iss": 0.2051583456804733, "leak": 0.1, "ridge": 2.3442202407149727e-07, "sr": 6.077422637554726}}