{"returned_dict": {"loss": 3.3325482279706122, "Accuracy": 0.20159096460214995, "F1": 0.02432160685536086, "Lev. sim.": 0.18500971067208552, "status": "ok", "start_time": 1614603650.3404372, "duration": 49.658905267715454}, "current_params": {"N": 300, "isd": 1.8009337296567324e-05, "isd2": 0.00961781349701859, "iss": 1.1699271323770044e-05, "leak": 0.1, "ridge": 0.03857001675335198, "sr": 0.8490949011072474}}