{"returned_dict": {"loss": 3.3360777472943566, "Accuracy": 0.1473653457246116, "F1": 0.04457985488027888, "Lev. sim.": 0.3649165307043156, "status": "ok", "start_time": 1614603916.7927592, "duration": 36.01836013793945}, "current_params": {"N": 300, "isd": 5.549470170434006e-05, "isd2": 1.369612824686989e-05, "iss": 0.002154516945956453, "leak": 0.1, "ridge": 1.3427532310936546e-09, "sr": 2.57315045923002}}