{"returned_dict": {"loss": 3.3318862452456015, "Accuracy": 0.3531136403603043, "F1": 0.0958154000057518, "Lev. sim.": 0.34334100686766406, "status": "ok", "start_time": 1614602409.1687603, "duration": 38.23602271080017}, "current_params": {"N": 300, "isd": 0.00033586355530841356, "isd2": 0.00020728464837285458, "iss": 0.00025888706275096015, "leak": 0.1, "ridge": 0.2291603388029413, "sr": 0.0076774239419030365}}