{"returned_dict": {"loss": 3.344739501800697, "Accuracy": 0.14545241559196773, "F1": 0.03125329690795768, "Lev. sim.": 0.33991874527940624, "status": "ok", "start_time": 1614606244.3213093, "duration": 36.594303131103516}, "current_params": {"N": 300, "isd": 0.0003932113957804131, "isd2": 2.7093721449767836e-05, "iss": 0.003251024050437324, "leak": 0.1, "ridge": 6.30767088684876e-05, "sr": 4.0229934212415275}}