{"returned_dict": {"loss": 3.3465180728805373, "Accuracy": 0.14414355844508447, "F1": 0.031357822836701646, "Lev. sim.": 0.33743575933141484, "status": "ok", "start_time": 1614604828.4233434, "duration": 37.82060241699219}, "current_params": {"N": 300, "isd": 0.0026136607834458697, "isd2": 0.050843911077876974, "iss": 0.007858273132150883, "leak": 0.1, "ridge": 2.795253985475995e-07, "sr": 3.7509956658275474}}