{"returned_dict": {"loss": 3.3402397752914808, "Accuracy": 0.15141943445641548, "F1": 0.03587865432391123, "Lev. sim.": 0.3115337654917351, "status": "ok", "start_time": 1614597161.2350123, "duration": 38.9136221408844}, "current_params": {"N": 300, "isd": 0.05130103147506955, "isd2": 0.7749712878873929, "iss": 0.0788475449820828, "leak": 0.1, "ridge": 0.0002442946237095213, "sr": 4.442960029465806}}