{"returned_dict": {"loss": 3.349655242182611, "Accuracy": 0.209228925454574, "F1": 0.04735570691386838, "Lev. sim.": 0.20731910283774294, "status": "ok", "start_time": 1614606859.8199458, "duration": 46.205116987228394}, "current_params": {"N": 300, "isd": 0.0005521025865620951, "isd2": 5.463095729268855e-05, "iss": 2.6289853245813632e-05, "leak": 0.1, "ridge": 0.01209260779554114, "sr": 0.05797440746966579}}