{"returned_dict": {"loss": 3.3498342625031667, "Accuracy": 0.22988850134040056, "F1": 0.04989550456984168, "Lev. sim.": 0.17705598366625516, "status": "ok", "start_time": 1614601968.36178, "duration": 51.67032074928284}, "current_params": {"N": 300, "isd": 2.2459578735050676e-05, "isd2": 0.019082712184709437, "iss": 7.245842882561464e-05, "leak": 0.1, "ridge": 0.0416428643019747, "sr": 0.04882161261279794}}