{"returned_dict": {"loss": 3.3471380957448935, "Accuracy": 0.13781602348578473, "F1": 0.033121067987927494, "Lev. sim.": 0.33901477925058643, "status": "ok", "start_time": 1614607364.9582608, "duration": 38.0075523853302}, "current_params": {"N": 300, "isd": 4.785444007241544e-05, "isd2": 1.0331802203205852e-05, "iss": 1.2562286825104525e-05, "leak": 0.1, "ridge": 0.0001560253675222904, "sr": 4.083986257445073}}