{"returned_dict": {"loss": 3.357630533656714, "Accuracy": 0.1436836207053975, "F1": 0.02892145451664966, "Lev. sim.": 0.3172364958655975, "status": "ok", "start_time": 1614605487.028876, "duration": 38.31949853897095}, "current_params": {"N": 300, "isd": 0.00040246421922625504, "isd2": 0.040828702413729705, "iss": 0.004369237004735209, "leak": 0.1, "ridge": 0.004025529938055098, "sr": 9.849106440815849}}