{"returned_dict": {"loss": 3.3559770499444994, "Accuracy": 0.1397813720023568, "F1": 0.029751693967643038, "Lev. sim.": 0.3319410080416424, "status": "ok", "start_time": 1614603192.7353776, "duration": 37.63094472885132}, "current_params": {"N": 300, "isd": 0.0037719706339237446, "isd2": 0.14448802352553192, "iss": 0.002479143588234282, "leak": 0.1, "ridge": 0.7953246938421982, "sr": 4.591917512103603}}