{"returned_dict": {"loss": 3.352170418252727, "Accuracy": 0.14290152869143785, "F1": 0.02939729508343325, "Lev. sim.": 0.3139012996733296, "status": "ok", "start_time": 1614604383.0704343, "duration": 38.058664321899414}, "current_params": {"N": 300, "isd": 0.007250604717453629, "isd2": 0.0005463505396008878, "iss": 0.005016202150555731, "leak": 0.1, "ridge": 3.4511899599171365e-09, "sr": 8.364289813620791}}