{"returned_dict": {"loss": 3.352687222194824, "Accuracy": 0.14641615039646463, "F1": 0.03474305338151527, "Lev. sim.": 0.25768897307745, "status": "ok", "start_time": 1614597481.7006974, "duration": 42.298805475234985}, "current_params": {"N": 300, "isd": 0.0068996779918431205, "isd2": 2.8607161919184376, "iss": 0.011065119054453764, "leak": 0.1, "ridge": 0.11046794481460255, "sr": 5.581807405724816}}