{"returned_dict": {"loss": 3.3519942470674025, "Accuracy": 0.14349849364703982, "F1": 0.032633923896782005, "Lev. sim.": 0.2987972926025552, "status": "ok", "start_time": 1614606431.7673695, "duration": 39.50761342048645}, "current_params": {"N": 300, "isd": 0.07555814689754033, "isd2": 1.191521275498482, "iss": 0.0017648074675500384, "leak": 0.1, "ridge": 0.03660378234850368, "sr": 3.7016605312562945}}