{"returned_dict": {"loss": 3.3509865477865546, "Accuracy": 0.1413265049265014, "F1": 0.031032185816160816, "Lev. sim.": 0.30841637479415834, "status": "ok", "start_time": 1614603048.6683166, "duration": 38.07459259033203}, "current_params": {"N": 300, "isd": 2.0000787011385032e-05, "isd2": 3.139570441992008e-05, "iss": 0.011059600419377822, "leak": 0.1, "ridge": 0.03978760712276963, "sr": 9.74954853708059}}