{"returned_dict": {"loss": 3.3530025820702973, "Accuracy": 0.14520038988378725, "F1": 0.03309661355149833, "Lev. sim.": 0.27870246076178073, "status": "ok", "start_time": 1614600611.7398868, "duration": 40.36154222488403}, "current_params": {"N": 300, "isd": 1.2861571710153186, "isd2": 3.747477212145981e-05, "iss": 0.00017330045513878474, "leak": 0.1, "ridge": 4.917313412969263e-08, "sr": 4.457217427380944}}