{"returned_dict": {"loss": 3.365081248230215, "Accuracy": 0.17908375768509305, "F1": 0.019012186767648324, "Lev. sim.": 0.17622712172588878, "status": "ok", "start_time": 1614601287.2386205, "duration": 51.27634406089783}, "current_params": {"N": 300, "isd": 7.109136920359261e-05, "isd2": 0.016131792663536485, "iss": 1.295275567112359e-05, "leak": 0.1, "ridge": 0.009987803681342364, "sr": 0.00018187226643452724}}