{"returned_dict": {"loss": 3.369796329146845, "Accuracy": 0.14095717894046703, "F1": 0.00847293500309854, "Lev. sim.": 0.02755552603123962, "status": "ok", "start_time": 1614605525.3506434, "duration": 28.967966079711914}, "current_params": {"N": 300, "isd": 0.00010301632097163641, "isd2": 0.003264660212811223, "iss": 2.867448163767687e-05, "leak": 0.1, "ridge": 0.8909113833386331, "sr": 0.1336962232965014}}