{"returned_dict": {"loss": 3.3616360938390044, "Accuracy": 0.13509204454169146, "F1": 0.02665758697633569, "Lev. sim.": 0.3135359374672897, "status": "ok", "start_time": 1614599305.315601, "duration": 38.30352163314819}, "current_params": {"N": 300, "isd": 0.17905833856705056, "isd2": 0.0034240476028037153, "iss": 0.00019067898419792182, "leak": 0.1, "ridge": 1.205208535758851e-08, "sr": 9.7251679799822}}