{"returned_dict": {"loss": 0.5302672121259902, "Accuracy": 0.5302672121259902, "status": "ok", "start_time": 1616074627.1699095, "duration": 687.6477308273315}, "current_params": {"lr": 0.007638899601069915, "ridge": 1.2701788385004737e-06}}