{
  "returned_dict": {
    "loss": 0.8472333782249026,
    "Accuracy": 0.8472333782249026,
    "status": "ok",
    "start_time": 1616071625.6459239,
    "duration": 944.1806712150574
  },
  "current_params": {
    "lr": 0.0007629558078768192,
    "ridge": 5.453663788947478e-06
  }
}