{"returned_dict": {"loss": 1.3610411087671916, "Accuracy": 1.3610411087671916, "status": "ok", "start_time": 1616073134.3119543, "duration": 911.2716398239136}, "current_params": {"lr": 0.0004141900449631097, "ridge": 2.870270150672934e-08}}