{"returned_dict": {"loss": 1.9343450864156086, "Accuracy": 1.9343450864156086, "status": "ok", "start_time": 1616070696.114444, "duration": 929.5302901268005}, "current_params": {"lr": 0.00014002297829200755, "ridge": 3.435029362640804e-05}}