{"returned_dict": {"loss": 1.9427038298712835, "Accuracy": 1.9427038298712835, "status": "ok", "start_time": 1616077057.118874, "duration": 947.9062609672546}, "current_params": {"lr": 0.00010587586574736266, "ridge": 2.3867033716756035e-05}}