{"returned_dict": {"loss": 2.064189659224616, "Accuracy": 2.064189659224616, "status": "ok", "start_time": 1616076297.9092698, "duration": 759.2086267471313}, "current_params": {"lr": 0.00024833068437742745, "ridge": 0.0005292517397566263}}