{"returned_dict": {"loss": 2.2547983858320446, "Accuracy": 2.2547983858320446, "status": "ok", "start_time": 1616069858.3458858, "duration": 837.760767698288}, "current_params": {"lr": 0.00011766618045235208, "ridge": 3.653325824767027e-07}}