{"returned_dict": {"loss": 2.40592008166843, "Accuracy": 2.40592008166843, "status": "ok", "start_time": 1616074370.1404076, "duration": 257.0284969806671}, "current_params": {"lr": 1.2697749947718018e-05, "ridge": 0.003910671900831939}}