{"returned_dict": {"loss": 2.6059826480017767, "Accuracy": 2.6059826480017767, "status": "ok", "start_time": 1616075314.8186848, "duration": 505.79847288131714}, "current_params": {"lr": 5.600220785247272e-05, "ridge": 0.00034693966777383833}}