{"returned_dict": {"loss": 2.6740033096737332, "Accuracy": 2.6740033096737332, "status": "ok", "start_time": 1616074045.5846255, "duration": 324.55481028556824}, "current_params": {"lr": 1.3278517335021995e-05, "ridge": 1.5679533150417712e-07}}