{"returned_dict": {"loss": 2.979527089330885, "Accuracy": 2.979527089330885, "status": "ok", "start_time": 1616075820.61814, "duration": 477.2901346683502}, "current_params": {"lr": 0.0024810093682891728, "ridge": 0.33902355604197365}}