{"returned_dict": {"loss": 3.5572357177734375, "Accuracy": 3.5572357177734375, "status": "ok", "start_time": 1616072569.82751, "duration": 564.4835033416748}, "current_params": {"lr": 0.0010919262904586127, "ridge": 0.2238210157172861}}