{"returned_dict": {"loss": 4.050055265426636, "Accuracy": 4.050055265426636, "status": "ok", "start_time": 1616069555.442959, "duration": 302.9015986919403}, "current_params": {"lr": 1.8269980252606738e-05, "ridge": 0.03341242603503436}}